{
  "arch": "x86_64",
  "build": "py27_1003",
  "build_number": 1003,
  "channel": "https://conda.anaconda.org/conda-forge/win-64",
  "constrains": [],
  "depends": [
    "python >=2.7,<2.8.0a0"
  ],
  "extracted_package_dir": "C:\\Users\\Fabiano\\Anaconda2\\pkgs\\asn1crypto-0.24.0-py27_1003",
  "features": "",
  "files": [
    "Lib/site-packages/asn1crypto-0.24.0-py2.7.egg-info/PKG-INFO",
    "Lib/site-packages/asn1crypto-0.24.0-py2.7.egg-info/SOURCES.txt",
    "Lib/site-packages/asn1crypto-0.24.0-py2.7.egg-info/dependency_links.txt",
    "Lib/site-packages/asn1crypto-0.24.0-py2.7.egg-info/installed-files.txt",
    "Lib/site-packages/asn1crypto-0.24.0-py2.7.egg-info/top_level.txt",
    "Lib/site-packages/asn1crypto/__init__.py",
    "Lib/site-packages/asn1crypto/__init__.pyc",
    "Lib/site-packages/asn1crypto/_elliptic_curve.py",
    "Lib/site-packages/asn1crypto/_elliptic_curve.pyc",
    "Lib/site-packages/asn1crypto/_errors.py",
    "Lib/site-packages/asn1crypto/_errors.pyc",
    "Lib/site-packages/asn1crypto/_ffi.py",
    "Lib/site-packages/asn1crypto/_ffi.pyc",
    "Lib/site-packages/asn1crypto/_inet.py",
    "Lib/site-packages/asn1crypto/_inet.pyc",
    "Lib/site-packages/asn1crypto/_int.py",
    "Lib/site-packages/asn1crypto/_int.pyc",
    "Lib/site-packages/asn1crypto/_iri.py",
    "Lib/site-packages/asn1crypto/_iri.pyc",
    "Lib/site-packages/asn1crypto/_ordereddict.py",
    "Lib/site-packages/asn1crypto/_ordereddict.pyc",
    "Lib/site-packages/asn1crypto/_perf/__init__.py",
    "Lib/site-packages/asn1crypto/_perf/__init__.pyc",
    "Lib/site-packages/asn1crypto/_perf/_big_num_ctypes.py",
    "Lib/site-packages/asn1crypto/_perf/_big_num_ctypes.pyc",
    "Lib/site-packages/asn1crypto/_teletex_codec.py",
    "Lib/site-packages/asn1crypto/_teletex_codec.pyc",
    "Lib/site-packages/asn1crypto/_types.py",
    "Lib/site-packages/asn1crypto/_types.pyc",
    "Lib/site-packages/asn1crypto/algos.py",
    "Lib/site-packages/asn1crypto/algos.pyc",
    "Lib/site-packages/asn1crypto/cms.py",
    "Lib/site-packages/asn1crypto/cms.pyc",
    "Lib/site-packages/asn1crypto/core.py",
    "Lib/site-packages/asn1crypto/core.pyc",
    "Lib/site-packages/asn1crypto/crl.py",
    "Lib/site-packages/asn1crypto/crl.pyc",
    "Lib/site-packages/asn1crypto/csr.py",
    "Lib/site-packages/asn1crypto/csr.pyc",
    "Lib/site-packages/asn1crypto/keys.py",
    "Lib/site-packages/asn1crypto/keys.pyc",
    "Lib/site-packages/asn1crypto/ocsp.py",
    "Lib/site-packages/asn1crypto/ocsp.pyc",
    "Lib/site-packages/asn1crypto/parser.py",
    "Lib/site-packages/asn1crypto/parser.pyc",
    "Lib/site-packages/asn1crypto/pdf.py",
    "Lib/site-packages/asn1crypto/pdf.pyc",
    "Lib/site-packages/asn1crypto/pem.py",
    "Lib/site-packages/asn1crypto/pem.pyc",
    "Lib/site-packages/asn1crypto/pkcs12.py",
    "Lib/site-packages/asn1crypto/pkcs12.pyc",
    "Lib/site-packages/asn1crypto/tsp.py",
    "Lib/site-packages/asn1crypto/tsp.pyc",
    "Lib/site-packages/asn1crypto/util.py",
    "Lib/site-packages/asn1crypto/util.pyc",
    "Lib/site-packages/asn1crypto/version.py",
    "Lib/site-packages/asn1crypto/version.pyc",
    "Lib/site-packages/asn1crypto/x509.py",
    "Lib/site-packages/asn1crypto/x509.pyc"
  ],
  "fn": "asn1crypto-0.24.0-py27_1003.tar.bz2",
  "license": "MIT",
  "link": {
    "source": "C:\\Users\\Fabiano\\Anaconda2\\pkgs\\asn1crypto-0.24.0-py27_1003",
    "type": 1
  },
  "md5": "ab09eec1261f0b1086dcb80471e69cde",
  "name": "asn1crypto",
  "package_tarball_full_path": "C:\\Users\\Fabiano\\Anaconda2\\pkgs\\asn1crypto-0.24.0-py27_1003.tar.bz2",
  "paths_data": {
    "paths": [
      {
        "_path": "Lib/site-packages/asn1crypto-0.24.0-py2.7.egg-info/PKG-INFO",
        "path_type": "hardlink",
        "sha256": "b8716efba9968012ad2d7c67869d99ba25d400d04d06bd42bd2b98b48d036a27",
        "sha256_in_prefix": "b8716efba9968012ad2d7c67869d99ba25d400d04d06bd42bd2b98b48d036a27",
        "size_in_bytes": 1131
      },
      {
        "_path": "Lib/site-packages/asn1crypto-0.24.0-py2.7.egg-info/SOURCES.txt",
        "path_type": "hardlink",
        "sha256": "81d5f6ff3ad1ab364f4e38184a72e845aee6be534ed820c9821dca4c5536341b",
        "sha256_in_prefix": "81d5f6ff3ad1ab364f4e38184a72e845aee6be534ed820c9821dca4c5536341b",
        "size_in_bytes": 829
      },
      {
        "_path": "Lib/site-packages/asn1crypto-0.24.0-py2.7.egg-info/dependency_links.txt",
        "path_type": "hardlink",
        "sha256": "01ba4719c80b6fe911b091a7c05124b64eeece964e09c058ef8f9805daca546b",
        "sha256_in_prefix": "01ba4719c80b6fe911b091a7c05124b64eeece964e09c058ef8f9805daca546b",
        "size_in_bytes": 1
      },
      {
        "_path": "Lib/site-packages/asn1crypto-0.24.0-py2.7.egg-info/installed-files.txt",
        "path_type": "hardlink",
        "sha256": "c6bed9e343c040ce3385713f11e289d87e132d448f8a5957791f67ed999d13e9",
        "sha256_in_prefix": "c6bed9e343c040ce3385713f11e289d87e132d448f8a5957791f67ed999d13e9",
        "size_in_bytes": 1465
      },
      {
        "_path": "Lib/site-packages/asn1crypto-0.24.0-py2.7.egg-info/top_level.txt",
        "path_type": "hardlink",
        "sha256": "cfcfa317f43e8e0cc6a31ed3d976226a7dfec9ea6d2d2d88ecc8e824b05aab56",
        "sha256_in_prefix": "cfcfa317f43e8e0cc6a31ed3d976226a7dfec9ea6d2d2d88ecc8e824b05aab56",
        "size_in_bytes": 11
      },
      {
        "_path": "Lib/site-packages/asn1crypto/__init__.py",
        "path_type": "hardlink",
        "sha256": "77e1e7698f8853437569ea5423d6d8475d49d8419c70600df240ef28c806bbbf",
        "sha256_in_prefix": "77e1e7698f8853437569ea5423d6d8475d49d8419c70600df240ef28c806bbbf",
        "size_in_bytes": 209
      },
      {
        "_path": "Lib/site-packages/asn1crypto/__init__.pyc",
        "path_type": "hardlink",
        "sha256": "63b9e91ddb6909e410e80c2ac8815b9b3477095b9cf7716bdd86eae1ef262bd8",
        "sha256_in_prefix": "63b9e91ddb6909e410e80c2ac8815b9b3477095b9cf7716bdd86eae1ef262bd8",
        "size_in_bytes": 437
      },
      {
        "_path": "Lib/site-packages/asn1crypto/_elliptic_curve.py",
        "path_type": "hardlink",
        "sha256": "bdd39137a97a5d9c8242903ef6d764ef522b18b72200712298e7392ac1bb60dc",
        "sha256_in_prefix": "bdd39137a97a5d9c8242903ef6d764ef522b18b72200712298e7392ac1bb60dc",
        "size_in_bytes": 9419
      },
      {
        "_path": "Lib/site-packages/asn1crypto/_elliptic_curve.pyc",
        "path_type": "hardlink",
        "sha256": "0592f0137d15a87c9c878df16853c8a2b4f4fb27eb3305cfc97d97a0f1b1db5d",
        "sha256_in_prefix": "0592f0137d15a87c9c878df16853c8a2b4f4fb27eb3305cfc97d97a0f1b1db5d",
        "size_in_bytes": 8722
      },
      {
        "_path": "Lib/site-packages/asn1crypto/_errors.py",
        "path_type": "hardlink",
        "sha256": "6020979227f32e40a7c68fa220efa821663e52e3d935b11a8bbcfde29b3c724e",
        "sha256_in_prefix": "6020979227f32e40a7c68fa220efa821663e52e3d935b11a8bbcfde29b3c724e",
        "size_in_bytes": 967
      },
      {
        "_path": "Lib/site-packages/asn1crypto/_errors.pyc",
        "path_type": "hardlink",
        "sha256": "3f4124c1ac909427753a4f3186de25032710eb41fe432fb2be9c2ffa88eb8fee",
        "sha256_in_prefix": "3f4124c1ac909427753a4f3186de25032710eb41fe432fb2be9c2ffa88eb8fee",
        "size_in_bytes": 1156
      },
      {
        "_path": "Lib/site-packages/asn1crypto/_ffi.py",
        "path_type": "hardlink",
        "sha256": "6382214cbacb4f1b7b5e0e6f71014b02f1ff32af318372d3726908267f86f1e1",
        "sha256_in_prefix": "6382214cbacb4f1b7b5e0e6f71014b02f1ff32af318372d3726908267f86f1e1",
        "size_in_bytes": 738
      },
      {
        "_path": "Lib/site-packages/asn1crypto/_ffi.pyc",
        "path_type": "hardlink",
        "sha256": "fcd77b2c18a06111e5ffbdf0003449961d5f8991713085bff0948a9a53bab891",
        "sha256_in_prefix": "fcd77b2c18a06111e5ffbdf0003449961d5f8991713085bff0948a9a53bab891",
        "size_in_bytes": 1556
      },
      {
        "_path": "Lib/site-packages/asn1crypto/_inet.py",
        "path_type": "hardlink",
        "sha256": "cf62bc08ac527c443777450c208817c3936e80a2d9c914bffc29f5d22bdb8863",
        "sha256_in_prefix": "cf62bc08ac527c443777450c208817c3936e80a2d9c914bffc29f5d22bdb8863",
        "size_in_bytes": 4661
      },
      {
        "_path": "Lib/site-packages/asn1crypto/_inet.pyc",
        "path_type": "hardlink",
        "sha256": "deb6fd3843d7c9fc16e5ba4f52d1360920d0a6b225f5005e934f5ba129e92504",
        "sha256_in_prefix": "deb6fd3843d7c9fc16e5ba4f52d1360920d0a6b225f5005e934f5ba129e92504",
        "size_in_bytes": 4155
      },
      {
        "_path": "Lib/site-packages/asn1crypto/_int.py",
        "path_type": "hardlink",
        "sha256": "23e20d7b5ac71ac41f57abe776d0f9ddf8728ec10e1b96ba5a80d8e30e8cd81e",
        "sha256_in_prefix": "23e20d7b5ac71ac41f57abe776d0f9ddf8728ec10e1b96ba5a80d8e30e8cd81e",
        "size_in_bytes": 4618
      },
      {
        "_path": "Lib/site-packages/asn1crypto/_int.pyc",
        "path_type": "hardlink",
        "sha256": "0414d7ce2113beda8a79f8330126942576e562583044aedaafb8f4ece40490dd",
        "sha256_in_prefix": "0414d7ce2113beda8a79f8330126942576e562583044aedaafb8f4ece40490dd",
        "size_in_bytes": 4485
      },
      {
        "_path": "Lib/site-packages/asn1crypto/_iri.py",
        "path_type": "hardlink",
        "sha256": "e601ba5411beb580104fa9569e3bc7447f91bc84ad69e1bf3f18723cb9cbf8a4",
        "sha256_in_prefix": "e601ba5411beb580104fa9569e3bc7447f91bc84ad69e1bf3f18723cb9cbf8a4",
        "size_in_bytes": 8628
      },
      {
        "_path": "Lib/site-packages/asn1crypto/_iri.pyc",
        "path_type": "hardlink",
        "sha256": "76004e7983a9a841257fd751b68db14e25b6ab6ed50b5c1e9191e377a9695ecd",
        "sha256_in_prefix": "76004e7983a9a841257fd751b68db14e25b6ab6ed50b5c1e9191e377a9695ecd",
        "size_in_bytes": 7643
      },
      {
        "_path": "Lib/site-packages/asn1crypto/_ordereddict.py",
        "path_type": "hardlink",
        "sha256": "e550182dbc7112d7dd6462a08f320dc6598d91883d77fec99990057ebd047009",
        "sha256_in_prefix": "e550182dbc7112d7dd6462a08f320dc6598d91883d77fec99990057ebd047009",
        "size_in_bytes": 4533
      },
      {
        "_path": "Lib/site-packages/asn1crypto/_ordereddict.pyc",
        "path_type": "hardlink",
        "sha256": "77636c7cc9cdd99552e443c70b6f0d7d6a2990cdfe5f0cde418660bb8e387818",
        "sha256_in_prefix": "77636c7cc9cdd99552e443c70b6f0d7d6a2990cdfe5f0cde418660bb8e387818",
        "size_in_bytes": 4457
      },
      {
        "_path": "Lib/site-packages/asn1crypto/_perf/__init__.py",
        "path_type": "hardlink",
        "sha256": "e3b0c44298fc1c149afbf4c8996fb92427ae41e4649b934ca495991b7852b855",
        "sha256_in_prefix": "e3b0c44298fc1c149afbf4c8996fb92427ae41e4649b934ca495991b7852b855",
        "size_in_bytes": 0
      },
      {
        "_path": "Lib/site-packages/asn1crypto/_perf/__init__.pyc",
        "path_type": "hardlink",
        "sha256": "1c3bcb0952cfa910171fa48b65f21de28b9fe360ce70790bb6757bd23619bb77",
        "sha256_in_prefix": "1c3bcb0952cfa910171fa48b65f21de28b9fe360ce70790bb6757bd23619bb77",
        "size_in_bytes": 133
      },
      {
        "_path": "Lib/site-packages/asn1crypto/_perf/_big_num_ctypes.py",
        "path_type": "hardlink",
        "sha256": "6dcd565e1a11d3c9c1fa5d263aeb4a95dba9723c9bb3059c90ec6aba25c1cb1f",
        "sha256_in_prefix": "6dcd565e1a11d3c9c1fa5d263aeb4a95dba9723c9bb3059c90ec6aba25c1cb1f",
        "size_in_bytes": 2027
      },
      {
        "_path": "Lib/site-packages/asn1crypto/_perf/_big_num_ctypes.pyc",
        "path_type": "hardlink",
        "sha256": "0a47d64ec22f4762882e0116a2a099c8268ff48e6461e16ae7af3608c954e718",
        "sha256_in_prefix": "0a47d64ec22f4762882e0116a2a099c8268ff48e6461e16ae7af3608c954e718",
        "size_in_bytes": 1811
      },
      {
        "_path": "Lib/site-packages/asn1crypto/_teletex_codec.py",
        "path_type": "hardlink",
        "sha256": "2e10e9913a6b3daa1ced427d8bdbb09cffb9026d344956c74908b33e908ba6a1",
        "sha256_in_prefix": "2e10e9913a6b3daa1ced427d8bdbb09cffb9026d344956c74908b33e908ba6a1",
        "size_in_bytes": 5053
      },
      {
        "_path": "Lib/site-packages/asn1crypto/_teletex_codec.pyc",
        "path_type": "hardlink",
        "sha256": "488a1f9256288d76c52f168d0aa6907d7274f72d25dce4844e0c58ff7dda13b3",
        "sha256_in_prefix": "488a1f9256288d76c52f168d0aa6907d7274f72d25dce4844e0c58ff7dda13b3",
        "size_in_bytes": 3571
      },
      {
        "_path": "Lib/site-packages/asn1crypto/_types.py",
        "path_type": "hardlink",
        "sha256": "3b0b17df47a9bfe11323d786acb5bd18baafd0a7a889246725c8cdf76ae8aa14",
        "sha256_in_prefix": "3b0b17df47a9bfe11323d786acb5bd18baafd0a7a889246725c8cdf76ae8aa14",
        "size_in_bytes": 939
      },
      {
        "_path": "Lib/site-packages/asn1crypto/_types.pyc",
        "path_type": "hardlink",
        "sha256": "702bce27f02b46df313cf11bf85fa5b50fb556f0f4acaf93db463472ba0262cb",
        "sha256_in_prefix": "702bce27f02b46df313cf11bf85fa5b50fb556f0f4acaf93db463472ba0262cb",
        "size_in_bytes": 1446
      },
      {
        "_path": "Lib/site-packages/asn1crypto/algos.py",
        "path_type": "hardlink",
        "sha256": "cdc2603fc5676534fad228d1e7e44fba123dbf891cc6b5a0cefeff1239597d6d",
        "sha256_in_prefix": "cdc2603fc5676534fad228d1e7e44fba123dbf891cc6b5a0cefeff1239597d6d",
        "size_in_bytes": 34095
      },
      {
        "_path": "Lib/site-packages/asn1crypto/algos.pyc",
        "path_type": "hardlink",
        "sha256": "d190510fcc080358bae9927f3a6c8dc091ace58298b01f649ae739ca085fb9e3",
        "sha256_in_prefix": "d190510fcc080358bae9927f3a6c8dc091ace58298b01f649ae739ca085fb9e3",
        "size_in_bytes": 32101
      },
      {
        "_path": "Lib/site-packages/asn1crypto/cms.py",
        "path_type": "hardlink",
        "sha256": "04e592ddb4f7dd97e632974bff2a201bedcfc08d9f6d612bd45edac3fe4f159a",
        "sha256_in_prefix": "04e592ddb4f7dd97e632974bff2a201bedcfc08d9f6d612bd45edac3fe4f159a",
        "size_in_bytes": 25118
      },
      {
        "_path": "Lib/site-packages/asn1crypto/cms.pyc",
        "path_type": "hardlink",
        "sha256": "e138c3250244cc45ba00787a6411090a4dfdb539bfff66269f4bbe80faf82fe5",
        "sha256_in_prefix": "e138c3250244cc45ba00787a6411090a4dfdb539bfff66269f4bbe80faf82fe5",
        "size_in_bytes": 34179
      },
      {
        "_path": "Lib/site-packages/asn1crypto/core.py",
        "path_type": "hardlink",
        "sha256": "203aeaddc387eb1c5ceb89d0707afd2d474abebd835387a1778f48ea4e5739c3",
        "sha256_in_prefix": "203aeaddc387eb1c5ceb89d0707afd2d474abebd835387a1778f48ea4e5739c3",
        "size_in_bytes": 157260
      },
      {
        "_path": "Lib/site-packages/asn1crypto/core.pyc",
        "path_type": "hardlink",
        "sha256": "dab661a8f649c349907d9d99dd55e0d53003fddcf68a8a6b90321f2086a9861b",
        "sha256_in_prefix": "dab661a8f649c349907d9d99dd55e0d53003fddcf68a8a6b90321f2086a9861b",
        "size_in_bytes": 131886
      },
      {
        "_path": "Lib/site-packages/asn1crypto/crl.py",
        "path_type": "hardlink",
        "sha256": "2892ee127d480c93b5f57e1e2d8851c9a33e0029f12a48a6a06b32027cc67600",
        "sha256_in_prefix": "2892ee127d480c93b5f57e1e2d8851c9a33e0029f12a48a6a06b32027cc67600",
        "size_in_bytes": 16104
      },
      {
        "_path": "Lib/site-packages/asn1crypto/crl.pyc",
        "path_type": "hardlink",
        "sha256": "bda9ec6eea224f15d041057ec245e7c11a3ca894e5c55510c3f5f47977e8f87b",
        "sha256_in_prefix": "bda9ec6eea224f15d041057ec245e7c11a3ca894e5c55510c3f5f47977e8f87b",
        "size_in_bytes": 17518
      },
      {
        "_path": "Lib/site-packages/asn1crypto/csr.py",
        "path_type": "hardlink",
        "sha256": "08fd2d386c873c45776699c1ecbe0bf57f97d5ea43e93562c5a97a500b53bcb4",
        "sha256_in_prefix": "08fd2d386c873c45776699c1ecbe0bf57f97d5ea43e93562c5a97a500b53bcb4",
        "size_in_bytes": 2142
      },
      {
        "_path": "Lib/site-packages/asn1crypto/csr.pyc",
        "path_type": "hardlink",
        "sha256": "3db053edfc01c4cc1b497aeed63bf3d03b4eee56dcc6520be39dba14c68e5fc1",
        "sha256_in_prefix": "3db053edfc01c4cc1b497aeed63bf3d03b4eee56dcc6520be39dba14c68e5fc1",
        "size_in_bytes": 3579
      },
      {
        "_path": "Lib/site-packages/asn1crypto/keys.py",
        "path_type": "hardlink",
        "sha256": "7c7f61041ab66ee4b7efcb0a4bc398147a5149048e536a824a7c6a31e7860479",
        "sha256_in_prefix": "7c7f61041ab66ee4b7efcb0a4bc398147a5149048e536a824a7c6a31e7860479",
        "size_in_bytes": 35185
      },
      {
        "_path": "Lib/site-packages/asn1crypto/keys.pyc",
        "path_type": "hardlink",
        "sha256": "df8fddec8dc263fd6b5f42e423de070c5372e3128be850c047a39da72c780853",
        "sha256_in_prefix": "df8fddec8dc263fd6b5f42e423de070c5372e3128be850c047a39da72c780853",
        "size_in_bytes": 35413
      },
      {
        "_path": "Lib/site-packages/asn1crypto/ocsp.py",
        "path_type": "hardlink",
        "sha256": "8c5fc5e7ec707004eac6cfb6429a3d57cde585f0cd62e6594dde0e0e92a7c803",
        "sha256_in_prefix": "8c5fc5e7ec707004eac6cfb6429a3d57cde585f0cd62e6594dde0e0e92a7c803",
        "size_in_bytes": 17792
      },
      {
        "_path": "Lib/site-packages/asn1crypto/ocsp.pyc",
        "path_type": "hardlink",
        "sha256": "97b7fc8654c56953631d31ad374b2d83ffc6b6028c9c3611a84bfaac1f78412d",
        "sha256_in_prefix": "97b7fc8654c56953631d31ad374b2d83ffc6b6028c9c3611a84bfaac1f78412d",
        "size_in_bytes": 22234
      },
      {
        "_path": "Lib/site-packages/asn1crypto/parser.py",
        "path_type": "hardlink",
        "sha256": "a64c954be0499389834ef7b49993149abad457f2079d093d02f82d904bdf10a3",
        "sha256_in_prefix": "a64c954be0499389834ef7b49993149abad457f2079d093d02f82d904bdf10a3",
        "size_in_bytes": 9149
      },
      {
        "_path": "Lib/site-packages/asn1crypto/parser.pyc",
        "path_type": "hardlink",
        "sha256": "9c6b11e39aafe84cf0584535153faa40939f40923c23090734a1a5dd591b47f4",
        "sha256_in_prefix": "9c6b11e39aafe84cf0584535153faa40939f40923c23090734a1a5dd591b47f4",
        "size_in_bytes": 7610
      },
      {
        "_path": "Lib/site-packages/asn1crypto/pdf.py",
        "path_type": "hardlink",
        "sha256": "1cdc9b9e76b9586d9fb666fc371fd3e6b7b22c9d04ee1257a23dfb0ee2dba57d",
        "sha256_in_prefix": "1cdc9b9e76b9586d9fb666fc371fd3e6b7b22c9d04ee1257a23dfb0ee2dba57d",
        "size_in_bytes": 2250
      },
      {
        "_path": "Lib/site-packages/asn1crypto/pdf.pyc",
        "path_type": "hardlink",
        "sha256": "74befa3dec15d4a06313adfe6bfb3ffb1cd79181152e7a5f508df8769426a364",
        "sha256_in_prefix": "74befa3dec15d4a06313adfe6bfb3ffb1cd79181152e7a5f508df8769426a364",
        "size_in_bytes": 3378
      },
      {
        "_path": "Lib/site-packages/asn1crypto/pem.py",
        "path_type": "hardlink",
        "sha256": "b38eabfca090f61d4710d5cc8780062935deb22bd0aca9d6cd4dfe82893be6e2",
        "sha256_in_prefix": "b38eabfca090f61d4710d5cc8780062935deb22bd0aca9d6cd4dfe82893be6e2",
        "size_in_bytes": 6145
      },
      {
        "_path": "Lib/site-packages/asn1crypto/pem.pyc",
        "path_type": "hardlink",
        "sha256": "78754947ad9003f3c980de8c1a87e5e8e40405c4a358e1e1368f4d69f5f7fb7d",
        "sha256_in_prefix": "78754947ad9003f3c980de8c1a87e5e8e40405c4a358e1e1368f4d69f5f7fb7d",
        "size_in_bytes": 5884
      },
      {
        "_path": "Lib/site-packages/asn1crypto/pkcs12.py",
        "path_type": "hardlink",
        "sha256": "abe2867ef68eef607c01fbe8970b2a8404298eeaa79047333dd75760b0455121",
        "sha256_in_prefix": "abe2867ef68eef607c01fbe8970b2a8404298eeaa79047333dd75760b0455121",
        "size_in_bytes": 4566
      },
      {
        "_path": "Lib/site-packages/asn1crypto/pkcs12.pyc",
        "path_type": "hardlink",
        "sha256": "212b506e52d251fad11a617df511a2eba54ca88540aae81de2430d814666c1f9",
        "sha256_in_prefix": "212b506e52d251fad11a617df511a2eba54ca88540aae81de2430d814666c1f9",
        "size_in_bytes": 6890
      },
      {
        "_path": "Lib/site-packages/asn1crypto/tsp.py",
        "path_type": "hardlink",
        "sha256": "8e98e9166581c17e06515ad8bbd1a793a617467cdbfae545bdf6894a8fa6ff64",
        "sha256_in_prefix": "8e98e9166581c17e06515ad8bbd1a793a617467cdbfae545bdf6894a8fa6ff64",
        "size_in_bytes": 7827
      },
      {
        "_path": "Lib/site-packages/asn1crypto/tsp.pyc",
        "path_type": "hardlink",
        "sha256": "159727cc72d183caf5bff34308b5ac318f0d8de10a43547d16507be4bda6457f",
        "sha256_in_prefix": "159727cc72d183caf5bff34308b5ac318f0d8de10a43547d16507be4bda6457f",
        "size_in_bytes": 11644
      },
      {
        "_path": "Lib/site-packages/asn1crypto/util.py",
        "path_type": "hardlink",
        "sha256": "9b775ced7b66422abffee0b41b68dcc876246893ec9e6eca1805a20978fec62a",
        "sha256_in_prefix": "9b775ced7b66422abffee0b41b68dcc876246893ec9e6eca1805a20978fec62a",
        "size_in_bytes": 18043
      },
      {
        "_path": "Lib/site-packages/asn1crypto/util.pyc",
        "path_type": "hardlink",
        "sha256": "02e09b0640fdd8d4ea53dd774684eaf5d9ed7298999118f97f9665bede46d008",
        "sha256_in_prefix": "02e09b0640fdd8d4ea53dd774684eaf5d9ed7298999118f97f9665bede46d008",
        "size_in_bytes": 19288
      },
      {
        "_path": "Lib/site-packages/asn1crypto/version.py",
        "path_type": "hardlink",
        "sha256": "4aa1a5119294a6a2ceb307082da8c3d5b2134ce7a3c0ddc9be59f0df6e611e34",
        "sha256_in_prefix": "4aa1a5119294a6a2ceb307082da8c3d5b2134ce7a3c0ddc9be59f0df6e611e34",
        "size_in_bytes": 154
      },
      {
        "_path": "Lib/site-packages/asn1crypto/version.pyc",
        "path_type": "hardlink",
        "sha256": "37a867fe53d224462dab7252b7830dda0caa83f02b20a70458364ccd1361ca0a",
        "sha256_in_prefix": "37a867fe53d224462dab7252b7830dda0caa83f02b20a70458364ccd1361ca0a",
        "size_in_bytes": 367
      },
      {
        "_path": "Lib/site-packages/asn1crypto/x509.py",
        "path_type": "hardlink",
        "sha256": "20628e2935f719622c6614ed7296dc0e41568e9a13a3334f948b5867ca58f100",
        "sha256_in_prefix": "20628e2935f719622c6614ed7296dc0e41568e9a13a3334f948b5867ca58f100",
        "size_in_bytes": 92305
      },
      {
        "_path": "Lib/site-packages/asn1crypto/x509.pyc",
        "path_type": "hardlink",
        "sha256": "a4089fd4735bfc3e9ce5c8683ed2db92f120835bbac47b8c2d867dd268960bad",
        "sha256_in_prefix": "a4089fd4735bfc3e9ce5c8683ed2db92f120835bbac47b8c2d867dd268960bad",
        "size_in_bytes": 97360
      }
    ],
    "paths_version": 1
  },
  "platform": "win32",
  "requested_spec": "None",
  "size": 156792,
  "subdir": "win-64",
  "timestamp": 1538598554893,
  "track_features": "",
  "url": "https://conda.anaconda.org/conda-forge/win-64/asn1crypto-0.24.0-py27_1003.tar.bz2",
  "version": "0.24.0"
}