{
  "build": "py_0",
  "build_number": 0,
  "channel": "https://conda.anaconda.org/conda-forge/noarch",
  "constrains": [],
  "depends": [
    "python"
  ],
  "extracted_package_dir": "C:\\Users\\Fabiano\\Anaconda2\\pkgs\\atomicwrites-1.2.1-py_0",
  "features": "",
  "files": [
    "Lib/site-packages/atomicwrites-1.2.1-py2.7.egg-info/PKG-INFO",
    "Lib/site-packages/atomicwrites-1.2.1-py2.7.egg-info/SOURCES.txt",
    "Lib/site-packages/atomicwrites-1.2.1-py2.7.egg-info/dependency_links.txt",
    "Lib/site-packages/atomicwrites-1.2.1-py2.7.egg-info/installed-files.txt",
    "Lib/site-packages/atomicwrites-1.2.1-py2.7.egg-info/top_level.txt",
    "Lib/site-packages/atomicwrites/__init__.py",
    "Lib/site-packages/atomicwrites/__init__.pyc"
  ],
  "fn": "atomicwrites-1.2.1-py_0.tar.bz2",
  "license": "MIT",
  "license_family": "MIT",
  "link": {
    "source": "C:\\Users\\Fabiano\\Anaconda2\\pkgs\\atomicwrites-1.2.1-py_0",
    "type": 1
  },
  "md5": "d427813e3904fb6cd363b5670996d2d8",
  "name": "atomicwrites",
  "noarch": "python",
  "package_tarball_full_path": "C:\\Users\\Fabiano\\Anaconda2\\pkgs\\atomicwrites-1.2.1-py_0.tar.bz2",
  "paths_data": {
    "paths": [
      {
        "_path": "site-packages/atomicwrites-1.2.1-py2.7.egg-info/PKG-INFO",
        "path_type": "hardlink",
        "sha256": "0e583055eedde03903bc2288108cbf9af91bb0bedf230017c027c489fee0bbd5",
        "sha256_in_prefix": "0e583055eedde03903bc2288108cbf9af91bb0bedf230017c027c489fee0bbd5",
        "size_in_bytes": 6530
      },
      {
        "_path": "site-packages/atomicwrites-1.2.1-py2.7.egg-info/SOURCES.txt",
        "path_type": "hardlink",
        "sha256": "e70a4e66729a5606151fc6caae62989b22701c836a9fbf1f9176763041c16959",
        "sha256_in_prefix": "e70a4e66729a5606151fc6caae62989b22701c836a9fbf1f9176763041c16959",
        "size_in_bytes": 301
      },
      {
        "_path": "site-packages/atomicwrites-1.2.1-py2.7.egg-info/dependency_links.txt",
        "path_type": "hardlink",
        "sha256": "01ba4719c80b6fe911b091a7c05124b64eeece964e09c058ef8f9805daca546b",
        "sha256_in_prefix": "01ba4719c80b6fe911b091a7c05124b64eeece964e09c058ef8f9805daca546b",
        "size_in_bytes": 1
      },
      {
        "_path": "site-packages/atomicwrites-1.2.1-py2.7.egg-info/installed-files.txt",
        "path_type": "hardlink",
        "sha256": "42650d2b7d9dffb8c55f03d3c7665a82c9bc31ff5798b27bb9037e6b85f233ae",
        "sha256_in_prefix": "42650d2b7d9dffb8c55f03d3c7665a82c9bc31ff5798b27bb9037e6b85f233ae",
        "size_in_bytes": 113
      },
      {
        "_path": "site-packages/atomicwrites-1.2.1-py2.7.egg-info/top_level.txt",
        "path_type": "hardlink",
        "sha256": "92ceb8cca55492b97666bacfd38e82b32b5795219ff202c6f887285e93727a87",
        "sha256_in_prefix": "92ceb8cca55492b97666bacfd38e82b32b5795219ff202c6f887285e93727a87",
        "size_in_bytes": 13
      },
      {
        "_path": "site-packages/atomicwrites/__init__.py",
        "path_type": "hardlink",
        "sha256": "e99fd5a033165d8a870e730383a30199798cc5fd31194cec120b616d8f59c71c",
        "sha256_in_prefix": "e99fd5a033165d8a870e730383a30199798cc5fd31194cec120b616d8f59c71c",
        "size_in_bytes": 6428
      },
      {
        "_path": "Lib/site-packages/atomicwrites/__init__.pyc",
        "path_type": "pyc_file"
      }
    ],
    "paths_version": 1
  },
  "requested_spec": "None",
  "size": 9181,
  "subdir": "noarch",
  "timestamp": 1537280616476,
  "track_features": "",
  "url": "https://conda.anaconda.org/conda-forge/noarch/atomicwrites-1.2.1-py_0.tar.bz2",
  "version": "1.2.1"
}