{
  "build": "py_0",
  "build_number": 0,
  "channel": "https://conda.anaconda.org/conda-forge/noarch",
  "constrains": [],
  "depends": [
    "python"
  ],
  "extracted_package_dir": "C:\\Users\\Fabiano\\Anaconda2\\pkgs\\attrs-18.2.0-py_0",
  "features": "",
  "files": [
    "Lib/site-packages/attr/__init__.py",
    "Lib/site-packages/attr/__init__.pyi",
    "Lib/site-packages/attr/_compat.py",
    "Lib/site-packages/attr/_config.py",
    "Lib/site-packages/attr/_funcs.py",
    "Lib/site-packages/attr/_make.py",
    "Lib/site-packages/attr/converters.py",
    "Lib/site-packages/attr/converters.pyi",
    "Lib/site-packages/attr/exceptions.py",
    "Lib/site-packages/attr/exceptions.pyi",
    "Lib/site-packages/attr/filters.py",
    "Lib/site-packages/attr/filters.pyi",
    "Lib/site-packages/attr/py.typed",
    "Lib/site-packages/attr/validators.py",
    "Lib/site-packages/attr/validators.pyi",
    "Lib/site-packages/attrs-18.2.0-py2.7.egg-info/PKG-INFO",
    "Lib/site-packages/attrs-18.2.0-py2.7.egg-info/SOURCES.txt",
    "Lib/site-packages/attrs-18.2.0-py2.7.egg-info/dependency_links.txt",
    "Lib/site-packages/attrs-18.2.0-py2.7.egg-info/installed-files.txt",
    "Lib/site-packages/attrs-18.2.0-py2.7.egg-info/not-zip-safe",
    "Lib/site-packages/attrs-18.2.0-py2.7.egg-info/requires.txt",
    "Lib/site-packages/attrs-18.2.0-py2.7.egg-info/top_level.txt",
    "Lib/site-packages/attr/__init__.pyc",
    "Lib/site-packages/attr/_compat.pyc",
    "Lib/site-packages/attr/_config.pyc",
    "Lib/site-packages/attr/_funcs.pyc",
    "Lib/site-packages/attr/_make.pyc",
    "Lib/site-packages/attr/converters.pyc",
    "Lib/site-packages/attr/exceptions.pyc",
    "Lib/site-packages/attr/filters.pyc",
    "Lib/site-packages/attr/validators.pyc"
  ],
  "fn": "attrs-18.2.0-py_0.tar.bz2",
  "license": "MIT",
  "license_family": "MIT",
  "link": {
    "source": "C:\\Users\\Fabiano\\Anaconda2\\pkgs\\attrs-18.2.0-py_0",
    "type": 1
  },
  "md5": "79b7cc62e465cac42e737eb4180f1281",
  "name": "attrs",
  "noarch": "python",
  "package_tarball_full_path": "C:\\Users\\Fabiano\\Anaconda2\\pkgs\\attrs-18.2.0-py_0.tar.bz2",
  "paths_data": {
    "paths": [
      {
        "_path": "site-packages/attr/__init__.py",
        "path_type": "hardlink",
        "sha256": "e6944523b276ecc452bddcdc46250c5ba9363c46d4dfe269ddd7b8228860d352",
        "sha256_in_prefix": "e6944523b276ecc452bddcdc46250c5ba9363c46d4dfe269ddd7b8228860d352",
        "size_in_bytes": 1244
      },
      {
        "_path": "site-packages/attr/__init__.pyi",
        "path_type": "hardlink",
        "sha256": "dce885b97015861c39f7d79a0905e276a6b2e5980d84819538bf4c12219853a9",
        "sha256_in_prefix": "dce885b97015861c39f7d79a0905e276a6b2e5980d84819538bf4c12219853a9",
        "size_in_bytes": 7638
      },
      {
        "_path": "site-packages/attr/_compat.py",
        "path_type": "hardlink",
        "sha256": "6c894e5a3fdf3dccfd67f9245dd292fda420c7ea25918fb7af77e55bf3cbaad2",
        "sha256_in_prefix": "6c894e5a3fdf3dccfd67f9245dd292fda420c7ea25918fb7af77e55bf3cbaad2",
        "size_in_bytes": 4468
      },
      {
        "_path": "site-packages/attr/_config.py",
        "path_type": "hardlink",
        "sha256": "fcabd6d2641d1f63d88c773461f214695fe8da955f33bce2304613c7098484e0",
        "sha256_in_prefix": "fcabd6d2641d1f63d88c773461f214695fe8da955f33bce2304613c7098484e0",
        "size_in_bytes": 514
      },
      {
        "_path": "site-packages/attr/_funcs.py",
        "path_type": "hardlink",
        "sha256": "eefdcc34c1dd3943f636488b3f0122580a2b06cdee350ab9467ef439daf9baaa",
        "sha256_in_prefix": "eefdcc34c1dd3943f636488b3f0122580a2b06cdee350ab9467ef439daf9baaa",
        "size_in_bytes": 9725
      },
      {
        "_path": "site-packages/attr/_make.py",
        "path_type": "hardlink",
        "sha256": "59e433dab042945d04b204c66b16a255ffe653d8a31e1fa520e7da88155f9b1f",
        "sha256_in_prefix": "59e433dab042945d04b204c66b16a255ffe653d8a31e1fa520e7da88155f9b1f",
        "size_in_bytes": 65714
      },
      {
        "_path": "site-packages/attr/converters.py",
        "path_type": "hardlink",
        "sha256": "4853e2cfafa102cda9c37927ed2ce405c76913d0235bc893f708e97b678b0eb4",
        "sha256_in_prefix": "4853e2cfafa102cda9c37927ed2ce405c76913d0235bc893f708e97b678b0eb4",
        "size_in_bytes": 2155
      },
      {
        "_path": "site-packages/attr/converters.pyi",
        "path_type": "hardlink",
        "sha256": "c00842a0e4f530557cb77db7ae90fceceedbc50f0260b4cf88141dfb6f4189e2",
        "sha256_in_prefix": "c00842a0e4f530557cb77db7ae90fceceedbc50f0260b4cf88141dfb6f4189e2",
        "size_in_bytes": 351
      },
      {
        "_path": "site-packages/attr/exceptions.py",
        "path_type": "hardlink",
        "sha256": "3745907cabc155de065a00f14db152720e1a8f2efe1e5caf5e2c25490040d230",
        "sha256_in_prefix": "3745907cabc155de065a00f14db152720e1a8f2efe1e5caf5e2c25490040d230",
        "size_in_bytes": 1272
      },
      {
        "_path": "site-packages/attr/exceptions.pyi",
        "path_type": "hardlink",
        "sha256": "b2aed36c11061927fcd6e15749c5bdfda3badaf774bfa2c0beacf46bc1ebb31c",
        "sha256_in_prefix": "b2aed36c11061927fcd6e15749c5bdfda3badaf774bfa2c0beacf46bc1ebb31c",
        "size_in_bytes": 257
      },
      {
        "_path": "site-packages/attr/filters.py",
        "path_type": "hardlink",
        "sha256": "b3a36b7115892a50906ae3c41f44b8966805c2509d51070729c3640c7a69b4de",
        "sha256_in_prefix": "b3a36b7115892a50906ae3c41f44b8966805c2509d51070729c3640c7a69b4de",
        "size_in_bytes": 1153
      },
      {
        "_path": "site-packages/attr/filters.pyi",
        "path_type": "hardlink",
        "sha256": "3305eda33184ca2d4fc32c723b0d5dcf2c1644cd6ee0b6d239c4646833b46b23",
        "sha256_in_prefix": "3305eda33184ca2d4fc32c723b0d5dcf2c1644cd6ee0b6d239c4646833b46b23",
        "size_in_bytes": 189
      },
      {
        "_path": "site-packages/attr/py.typed",
        "path_type": "hardlink",
        "sha256": "e3b0c44298fc1c149afbf4c8996fb92427ae41e4649b934ca495991b7852b855",
        "sha256_in_prefix": "e3b0c44298fc1c149afbf4c8996fb92427ae41e4649b934ca495991b7852b855",
        "size_in_bytes": 0
      },
      {
        "_path": "site-packages/attr/validators.py",
        "path_type": "hardlink",
        "sha256": "6443d2b16707f177ccd093261f4a44d32ca0f212269b82ca33f144f2a9dc5d57",
        "sha256_in_prefix": "6443d2b16707f177ccd093261f4a44d32ca0f212269b82ca33f144f2a9dc5d57",
        "size_in_bytes": 5174
      },
      {
        "_path": "site-packages/attr/validators.pyi",
        "path_type": "hardlink",
        "sha256": "53fa1daf4060e3eda5283ec19fa9ddf663d3c9b4416b47c91fe79cca58dc76c4",
        "sha256_in_prefix": "53fa1daf4060e3eda5283ec19fa9ddf663d3c9b4416b47c91fe79cca58dc76c4",
        "size_in_bytes": 528
      },
      {
        "_path": "site-packages/attrs-18.2.0-py2.7.egg-info/PKG-INFO",
        "path_type": "hardlink",
        "sha256": "6969247e458db9f9af812f2f5483e995f42a93453b767f41121deaa9faf0d512",
        "sha256_in_prefix": "6969247e458db9f9af812f2f5483e995f42a93453b767f41121deaa9faf0d512",
        "size_in_bytes": 12041
      },
      {
        "_path": "site-packages/attrs-18.2.0-py2.7.egg-info/SOURCES.txt",
        "path_type": "hardlink",
        "sha256": "d7717a5e74934789275b6c997ac86b6cb7129a0299f8bd6e9f7a74c43ee1edba",
        "sha256_in_prefix": "d7717a5e74934789275b6c997ac86b6cb7129a0299f8bd6e9f7a74c43ee1edba",
        "size_in_bytes": 1475
      },
      {
        "_path": "site-packages/attrs-18.2.0-py2.7.egg-info/dependency_links.txt",
        "path_type": "hardlink",
        "sha256": "01ba4719c80b6fe911b091a7c05124b64eeece964e09c058ef8f9805daca546b",
        "sha256_in_prefix": "01ba4719c80b6fe911b091a7c05124b64eeece964e09c058ef8f9805daca546b",
        "size_in_bytes": 1
      },
      {
        "_path": "site-packages/attrs-18.2.0-py2.7.egg-info/installed-files.txt",
        "path_type": "hardlink",
        "sha256": "8b23f4ee19cc58d15017d380bb97e28f09a2de24036e89c1f6ab96d919d5bf27",
        "sha256_in_prefix": "8b23f4ee19cc58d15017d380bb97e28f09a2de24036e89c1f6ab96d919d5bf27",
        "size_in_bytes": 574
      },
      {
        "_path": "site-packages/attrs-18.2.0-py2.7.egg-info/not-zip-safe",
        "path_type": "hardlink",
        "sha256": "01ba4719c80b6fe911b091a7c05124b64eeece964e09c058ef8f9805daca546b",
        "sha256_in_prefix": "01ba4719c80b6fe911b091a7c05124b64eeece964e09c058ef8f9805daca546b",
        "size_in_bytes": 1
      },
      {
        "_path": "site-packages/attrs-18.2.0-py2.7.egg-info/requires.txt",
        "path_type": "hardlink",
        "sha256": "31705ca8ab75ac6ec3c1a69fca9946dc272540a3ab900848dcd98dbc00da7475",
        "sha256_in_prefix": "31705ca8ab75ac6ec3c1a69fca9946dc272540a3ab900848dcd98dbc00da7475",
        "size_in_bytes": 187
      },
      {
        "_path": "site-packages/attrs-18.2.0-py2.7.egg-info/top_level.txt",
        "path_type": "hardlink",
        "sha256": "b6545831d76446528fa89f7ac0fdbf8fdb84b2670d1e00f649bb967780b31955",
        "sha256_in_prefix": "b6545831d76446528fa89f7ac0fdbf8fdb84b2670d1e00f649bb967780b31955",
        "size_in_bytes": 5
      },
      {
        "_path": "Lib/site-packages/attr/__init__.pyc",
        "path_type": "pyc_file"
      },
      {
        "_path": "Lib/site-packages/attr/_compat.pyc",
        "path_type": "pyc_file"
      },
      {
        "_path": "Lib/site-packages/attr/_config.pyc",
        "path_type": "pyc_file"
      },
      {
        "_path": "Lib/site-packages/attr/_funcs.pyc",
        "path_type": "pyc_file"
      },
      {
        "_path": "Lib/site-packages/attr/_make.pyc",
        "path_type": "pyc_file"
      },
      {
        "_path": "Lib/site-packages/attr/converters.pyc",
        "path_type": "pyc_file"
      },
      {
        "_path": "Lib/site-packages/attr/exceptions.pyc",
        "path_type": "pyc_file"
      },
      {
        "_path": "Lib/site-packages/attr/filters.pyc",
        "path_type": "pyc_file"
      },
      {
        "_path": "Lib/site-packages/attr/validators.pyc",
        "path_type": "pyc_file"
      }
    ],
    "paths_version": 1
  },
  "requested_spec": "None",
  "size": 30283,
  "subdir": "noarch",
  "timestamp": 1535798676606,
  "track_features": "",
  "url": "https://conda.anaconda.org/conda-forge/noarch/attrs-18.2.0-py_0.tar.bz2",
  "version": "18.2.0"
}