{
  "build": "py_1",
  "build_number": 1,
  "channel": "https://conda.anaconda.org/conda-forge/noarch",
  "constrains": [],
  "depends": [
    "attrs >=16.1.0",
    "python",
    "six"
  ],
  "extracted_package_dir": "C:\\Users\\Fabiano\\Anaconda2\\pkgs\\automat-0.7.0-py_1",
  "features": "",
  "files": [
    "Lib/site-packages/Automat-0.7.0-py2.7.egg-info/PKG-INFO",
    "Lib/site-packages/Automat-0.7.0-py2.7.egg-info/SOURCES.txt",
    "Lib/site-packages/Automat-0.7.0-py2.7.egg-info/dependency_links.txt",
    "Lib/site-packages/Automat-0.7.0-py2.7.egg-info/entry_points.txt",
    "Lib/site-packages/Automat-0.7.0-py2.7.egg-info/installed-files.txt",
    "Lib/site-packages/Automat-0.7.0-py2.7.egg-info/requires.txt",
    "Lib/site-packages/Automat-0.7.0-py2.7.egg-info/top_level.txt",
    "Lib/site-packages/automat/__init__.py",
    "Lib/site-packages/automat/_core.py",
    "Lib/site-packages/automat/_discover.py",
    "Lib/site-packages/automat/_introspection.py",
    "Lib/site-packages/automat/_methodical.py",
    "Lib/site-packages/automat/_test/__init__.py",
    "Lib/site-packages/automat/_test/test_core.py",
    "Lib/site-packages/automat/_test/test_discover.py",
    "Lib/site-packages/automat/_test/test_methodical.py",
    "Lib/site-packages/automat/_test/test_trace.py",
    "Lib/site-packages/automat/_test/test_visualize.py",
    "Lib/site-packages/automat/_visualize.py",
    "Scripts/automat-visualize-script.py",
    "Scripts/automat-visualize.exe",
    "Lib/site-packages/automat/__init__.pyc",
    "Lib/site-packages/automat/_core.pyc",
    "Lib/site-packages/automat/_discover.pyc",
    "Lib/site-packages/automat/_introspection.pyc",
    "Lib/site-packages/automat/_methodical.pyc",
    "Lib/site-packages/automat/_test/__init__.pyc",
    "Lib/site-packages/automat/_test/test_core.pyc",
    "Lib/site-packages/automat/_test/test_discover.pyc",
    "Lib/site-packages/automat/_test/test_methodical.pyc",
    "Lib/site-packages/automat/_test/test_trace.pyc",
    "Lib/site-packages/automat/_test/test_visualize.pyc",
    "Lib/site-packages/automat/_visualize.pyc"
  ],
  "fn": "automat-0.7.0-py_1.tar.bz2",
  "license": "MIT",
  "license_family": "MIT",
  "link": {
    "source": "C:\\Users\\Fabiano\\Anaconda2\\pkgs\\automat-0.7.0-py_1",
    "type": 1
  },
  "md5": "011bac085377e376313e77f573d6d912",
  "name": "automat",
  "noarch": "python",
  "package_tarball_full_path": "C:\\Users\\Fabiano\\Anaconda2\\pkgs\\automat-0.7.0-py_1.tar.bz2",
  "paths_data": {
    "paths": [
      {
        "_path": "site-packages/Automat-0.7.0-py2.7.egg-info/PKG-INFO",
        "path_type": "hardlink",
        "sha256": "23966bbcfdfce9a6d15479ae7ed3b4d9d6398073d7e6bf51091d123481688c86",
        "sha256_in_prefix": "23966bbcfdfce9a6d15479ae7ed3b4d9d6398073d7e6bf51091d123481688c86",
        "size_in_bytes": 21431
      },
      {
        "_path": "site-packages/Automat-0.7.0-py2.7.egg-info/SOURCES.txt",
        "path_type": "hardlink",
        "sha256": "47cf8a481927eb597c0963b74c8bc4832ed3a65d82617e6dbd9895a7e72d6b57",
        "sha256_in_prefix": "47cf8a481927eb597c0963b74c8bc4832ed3a65d82617e6dbd9895a7e72d6b57",
        "size_in_bytes": 901
      },
      {
        "_path": "site-packages/Automat-0.7.0-py2.7.egg-info/dependency_links.txt",
        "path_type": "hardlink",
        "sha256": "01ba4719c80b6fe911b091a7c05124b64eeece964e09c058ef8f9805daca546b",
        "sha256_in_prefix": "01ba4719c80b6fe911b091a7c05124b64eeece964e09c058ef8f9805daca546b",
        "size_in_bytes": 1
      },
      {
        "_path": "site-packages/Automat-0.7.0-py2.7.egg-info/entry_points.txt",
        "path_type": "hardlink",
        "sha256": "8b8b43339ab0cb7bf528837b1134b65d155c1e44e1864abb6454cfbb23fa0690",
        "sha256_in_prefix": "8b8b43339ab0cb7bf528837b1134b65d155c1e44e1864abb6454cfbb23fa0690",
        "size_in_bytes": 63
      },
      {
        "_path": "site-packages/Automat-0.7.0-py2.7.egg-info/installed-files.txt",
        "path_type": "hardlink",
        "sha256": "c77590f0d1e450884510dbf25a421bd1ddd75213e57699b6e5b827497ee9e3bb",
        "sha256_in_prefix": "c77590f0d1e450884510dbf25a421bd1ddd75213e57699b6e5b827497ee9e3bb",
        "size_in_bytes": 816
      },
      {
        "_path": "site-packages/Automat-0.7.0-py2.7.egg-info/requires.txt",
        "path_type": "hardlink",
        "sha256": "77f9e22581bc032c3df6fd719cb88da46f6ea3ea993fd49b6b745e9e7f4bbef1",
        "sha256_in_prefix": "77f9e22581bc032c3df6fd719cb88da46f6ea3ea993fd49b6b745e9e7f4bbef1",
        "size_in_bytes": 62
      },
      {
        "_path": "site-packages/Automat-0.7.0-py2.7.egg-info/top_level.txt",
        "path_type": "hardlink",
        "sha256": "be0e3300eca13ffdd80a6a4a64b360170d6e305de50bf6fa4cab1dcfb8c14a92",
        "sha256_in_prefix": "be0e3300eca13ffdd80a6a4a64b360170d6e305de50bf6fa4cab1dcfb8c14a92",
        "size_in_bytes": 8
      },
      {
        "_path": "site-packages/automat/__init__.py",
        "path_type": "hardlink",
        "sha256": "79cf0f20b070b77e71cb3b2cb54f64c7ca790038ba297f5dd6b04b66ca1c37f6",
        "sha256_in_prefix": "79cf0f20b070b77e71cb3b2cb54f64c7ca790038ba297f5dd6b04b66ca1c37f6",
        "size_in_bytes": 169
      },
      {
        "_path": "site-packages/automat/_core.py",
        "path_type": "hardlink",
        "sha256": "466087cdef76cc1ef22d3fc5a9bf2209ae610946358c5d703eaaa373a099587e",
        "sha256_in_prefix": "466087cdef76cc1ef22d3fc5a9bf2209ae610946358c5d703eaaa373a099587e",
        "size_in_bytes": 4825
      },
      {
        "_path": "site-packages/automat/_discover.py",
        "path_type": "hardlink",
        "sha256": "c9eecd1cb664af062c3e60694c8c89b89f954429b090e5290348acf80f35cf4e",
        "sha256_in_prefix": "c9eecd1cb664af062c3e60694c8c89b89f954429b090e5290348acf80f35cf4e",
        "size_in_bytes": 4367
      },
      {
        "_path": "site-packages/automat/_introspection.py",
        "path_type": "hardlink",
        "sha256": "4abe958a9b2f28a60da58ed82994a922ca9f4ccb93fb14574bbe6517bc5b1476",
        "sha256_in_prefix": "4abe958a9b2f28a60da58ed82994a922ca9f4ccb93fb14574bbe6517bc5b1476",
        "size_in_bytes": 1135
      },
      {
        "_path": "site-packages/automat/_methodical.py",
        "path_type": "hardlink",
        "sha256": "00459a81361a005f0f097b18a104587919f4ec98397dd28316e0253ef1981d43",
        "sha256_in_prefix": "00459a81361a005f0f097b18a104587919f4ec98397dd28316e0253ef1981d43",
        "size_in_bytes": 15932
      },
      {
        "_path": "site-packages/automat/_test/__init__.py",
        "path_type": "hardlink",
        "sha256": "e3b0c44298fc1c149afbf4c8996fb92427ae41e4649b934ca495991b7852b855",
        "sha256_in_prefix": "e3b0c44298fc1c149afbf4c8996fb92427ae41e4649b934ca495991b7852b855",
        "size_in_bytes": 0
      },
      {
        "_path": "site-packages/automat/_test/test_core.py",
        "path_type": "hardlink",
        "sha256": "ef990453b3758c736665ccf499c9b97b6fd48829a2ec5b3353b2ea93a6e345f3",
        "sha256_in_prefix": "ef990453b3758c736665ccf499c9b97b6fd48829a2ec5b3353b2ea93a6e345f3",
        "size_in_bytes": 2848
      },
      {
        "_path": "site-packages/automat/_test/test_discover.py",
        "path_type": "hardlink",
        "sha256": "3bd9dd01d4400bcb8ed2e0e18a8cf77b8e44b09085d7d8d06444a3d11042ed93",
        "sha256_in_prefix": "3bd9dd01d4400bcb8ed2e0e18a8cf77b8e44b09085d7d8d06444a3d11042ed93",
        "size_in_bytes": 21846
      },
      {
        "_path": "site-packages/automat/_test/test_methodical.py",
        "path_type": "hardlink",
        "sha256": "b750802ad4f57ecf85a0a310c57978932ebfea98291bb9460dbc90adbfef21ea",
        "sha256_in_prefix": "b750802ad4f57ecf85a0a310c57978932ebfea98291bb9460dbc90adbfef21ea",
        "size_in_bytes": 18856
      },
      {
        "_path": "site-packages/automat/_test/test_trace.py",
        "path_type": "hardlink",
        "sha256": "331d41f1081a13b40593a6e54e27b68fe571f7985357ecf24a79712da96df1e9",
        "sha256_in_prefix": "331d41f1081a13b40593a6e54e27b68fe571f7985357ecf24a79712da96df1e9",
        "size_in_bytes": 3279
      },
      {
        "_path": "site-packages/automat/_test/test_visualize.py",
        "path_type": "hardlink",
        "sha256": "f04acd631a2f4e20f2664624a0fd4173211acd4fecd1843734775f1fd3a28408",
        "sha256_in_prefix": "f04acd631a2f4e20f2664624a0fd4173211acd4fecd1843734775f1fd3a28408",
        "size_in_bytes": 13744
      },
      {
        "_path": "site-packages/automat/_visualize.py",
        "path_type": "hardlink",
        "sha256": "8d8f0793368674ca1707b2dabef6a7796e0676d04de8f452865efee0e5c3becb",
        "sha256_in_prefix": "8d8f0793368674ca1707b2dabef6a7796e0676d04de8f452865efee0e5c3becb",
        "size_in_bytes": 6335
      },
      {
        "_path": "Scripts/automat-visualize-script.py",
        "path_type": "windows_python_entry_point_script"
      },
      {
        "_path": "Scripts/automat-visualize.exe",
        "path_type": "windows_python_entry_point_exe"
      },
      {
        "_path": "Lib/site-packages/automat/__init__.pyc",
        "path_type": "pyc_file"
      },
      {
        "_path": "Lib/site-packages/automat/_core.pyc",
        "path_type": "pyc_file"
      },
      {
        "_path": "Lib/site-packages/automat/_discover.pyc",
        "path_type": "pyc_file"
      },
      {
        "_path": "Lib/site-packages/automat/_introspection.pyc",
        "path_type": "pyc_file"
      },
      {
        "_path": "Lib/site-packages/automat/_methodical.pyc",
        "path_type": "pyc_file"
      },
      {
        "_path": "Lib/site-packages/automat/_test/__init__.pyc",
        "path_type": "pyc_file"
      },
      {
        "_path": "Lib/site-packages/automat/_test/test_core.pyc",
        "path_type": "pyc_file"
      },
      {
        "_path": "Lib/site-packages/automat/_test/test_discover.pyc",
        "path_type": "pyc_file"
      },
      {
        "_path": "Lib/site-packages/automat/_test/test_methodical.pyc",
        "path_type": "pyc_file"
      },
      {
        "_path": "Lib/site-packages/automat/_test/test_trace.pyc",
        "path_type": "pyc_file"
      },
      {
        "_path": "Lib/site-packages/automat/_test/test_visualize.pyc",
        "path_type": "pyc_file"
      },
      {
        "_path": "Lib/site-packages/automat/_visualize.pyc",
        "path_type": "pyc_file"
      }
    ],
    "paths_version": 1
  },
  "requested_spec": "None",
  "size": 28863,
  "subdir": "noarch",
  "timestamp": 1535403302172,
  "track_features": "",
  "url": "https://conda.anaconda.org/conda-forge/noarch/automat-0.7.0-py_1.tar.bz2",
  "version": "0.7.0"
}