{
  "arch": "x86_64",
  "build": "ha4d7672_0",
  "build_number": 0,
  "channel": "https://conda.anaconda.org/conda-forge/win-64",
  "constrains": [],
  "depends": [],
  "extracted_package_dir": "C:\\Users\\Fabiano\\Anaconda2\\pkgs\\ca-certificates-2018.10.15-ha4d7672_0",
  "features": "",
  "files": [
    "Library/ssl/cacert.pem",
    "Library/ssl/cert.pem"
  ],
  "fn": "ca-certificates-2018.10.15-ha4d7672_0.tar.bz2",
  "license": "ISC",
  "link": {
    "source": "C:\\Users\\Fabiano\\Anaconda2\\pkgs\\ca-certificates-2018.10.15-ha4d7672_0",
    "type": 1
  },
  "md5": "5c6a5a186da54e8f129b6ca6de3fc6ca",
  "name": "ca-certificates",
  "package_tarball_full_path": "C:\\Users\\Fabiano\\Anaconda2\\pkgs\\ca-certificates-2018.10.15-ha4d7672_0.tar.bz2",
  "paths_data": {
    "paths": [
      {
        "_path": "Library/ssl/cacert.pem",
        "path_type": "hardlink",
        "sha256": "c3d80fe76b0690ffaa37d712b443ef82f4e601d4a9a6488368f995e1ea2169bc",
        "sha256_in_prefix": "c3d80fe76b0690ffaa37d712b443ef82f4e601d4a9a6488368f995e1ea2169bc",
        "size_in_bytes": 261241
      },
      {
        "_path": "Library/ssl/cert.pem",
        "path_type": "hardlink",
        "sha256": "c3d80fe76b0690ffaa37d712b443ef82f4e601d4a9a6488368f995e1ea2169bc",
        "sha256_in_prefix": "c3d80fe76b0690ffaa37d712b443ef82f4e601d4a9a6488368f995e1ea2169bc",
        "size_in_bytes": 261241
      }
    ],
    "paths_version": 1
  },
  "platform": "win32",
  "requested_spec": "None",
  "size": 173647,
  "subdir": "win-64",
  "timestamp": 1539740606280,
  "track_features": "",
  "url": "https://conda.anaconda.org/conda-forge/win-64/ca-certificates-2018.10.15-ha4d7672_0.tar.bz2",
  "version": "2018.10.15"
}