{
  "arch": "x86_64",
  "build": "py27_1000",
  "build_number": 1000,
  "channel": "https://conda.anaconda.org/conda-forge/win-64",
  "constrains": [],
  "depends": [
    "python >=2.7,<2.8.0a0"
  ],
  "extracted_package_dir": "C:\\Users\\Fabiano\\Anaconda2\\pkgs\\certifi-2018.10.15-py27_1000",
  "features": "",
  "files": [
    "Lib/site-packages/certifi-2018.10.15-py2.7.egg-info",
    "Lib/site-packages/certifi/__init__.py",
    "Lib/site-packages/certifi/__init__.pyc",
    "Lib/site-packages/certifi/__main__.py",
    "Lib/site-packages/certifi/__main__.pyc",
    "Lib/site-packages/certifi/cacert.pem",
    "Lib/site-packages/certifi/core.py",
    "Lib/site-packages/certifi/core.pyc"
  ],
  "fn": "certifi-2018.10.15-py27_1000.tar.bz2",
  "license": "ISC",
  "link": {
    "source": "C:\\Users\\Fabiano\\Anaconda2\\pkgs\\certifi-2018.10.15-py27_1000",
    "type": 1
  },
  "md5": "2c459c4d89adb7699e2421b1e4d27e70",
  "name": "certifi",
  "package_tarball_full_path": "C:\\Users\\Fabiano\\Anaconda2\\pkgs\\certifi-2018.10.15-py27_1000.tar.bz2",
  "paths_data": {
    "paths": [
      {
        "_path": "Lib/site-packages/certifi-2018.10.15-py2.7.egg-info",
        "path_type": "hardlink",
        "sha256": "97bc7efd1ea6053a3c8311904b6b8379438e6d696eb714da38f15144c2c31fb9",
        "sha256_in_prefix": "97bc7efd1ea6053a3c8311904b6b8379438e6d696eb714da38f15144c2c31fb9",
        "size_in_bytes": 3070
      },
      {
        "_path": "Lib/site-packages/certifi/__init__.py",
        "path_type": "hardlink",
        "sha256": "1c191df72ed297a101e9416abd76ad83f10aebed080e1f22c6d87d6ba2ee609e",
        "sha256_in_prefix": "1c191df72ed297a101e9416abd76ad83f10aebed080e1f22c6d87d6ba2ee609e",
        "size_in_bytes": 63
      },
      {
        "_path": "Lib/site-packages/certifi/__init__.pyc",
        "path_type": "hardlink",
        "sha256": "be0eab493f3653a97599e1040b8637a8992476ef7cf0c394ff227521a3456375",
        "sha256_in_prefix": "be0eab493f3653a97599e1040b8637a8992476ef7cf0c394ff227521a3456375",
        "size_in_bytes": 238
      },
      {
        "_path": "Lib/site-packages/certifi/__main__.py",
        "path_type": "hardlink",
        "sha256": "162398b75165b6cb7bc24f4345ae860a806bf2a054c65350bbf30a25fd3813ab",
        "sha256_in_prefix": "162398b75165b6cb7bc24f4345ae860a806bf2a054c65350bbf30a25fd3813ab",
        "size_in_bytes": 41
      },
      {
        "_path": "Lib/site-packages/certifi/__main__.pyc",
        "path_type": "hardlink",
        "sha256": "2135ad118b50c759b997bcee3a4ead11c2f7454b7f39adba214ef05b901c7710",
        "sha256_in_prefix": "2135ad118b50c759b997bcee3a4ead11c2f7454b7f39adba214ef05b901c7710",
        "size_in_bytes": 187
      },
      {
        "_path": "Lib/site-packages/certifi/cacert.pem",
        "path_type": "hardlink",
        "sha256": "c3d80fe76b0690ffaa37d712b443ef82f4e601d4a9a6488368f995e1ea2169bc",
        "sha256_in_prefix": "c3d80fe76b0690ffaa37d712b443ef82f4e601d4a9a6488368f995e1ea2169bc",
        "size_in_bytes": 261241
      },
      {
        "_path": "Lib/site-packages/certifi/core.py",
        "path_type": "hardlink",
        "sha256": "c4f403746fec8b2e40ec17ea1966bb44985c03ad715c4a8f892af0f463728471",
        "sha256_in_prefix": "c4f403746fec8b2e40ec17ea1966bb44985c03ad715c4a8f892af0f463728471",
        "size_in_bytes": 836
      },
      {
        "_path": "Lib/site-packages/certifi/core.pyc",
        "path_type": "hardlink",
        "sha256": "cb99aecbf63c73952fabad1ae8f87f275914c68b398f0b7f540bbc568ff78219",
        "sha256_in_prefix": "cb99aecbf63c73952fabad1ae8f87f275914c68b398f0b7f540bbc568ff78219",
        "size_in_bytes": 1315
      }
    ],
    "paths_version": 1
  },
  "platform": "win32",
  "requested_spec": "None",
  "size": 140816,
  "subdir": "win-64",
  "timestamp": 1539740785621,
  "track_features": "",
  "url": "https://conda.anaconda.org/conda-forge/win-64/certifi-2018.10.15-py27_1000.tar.bz2",
  "version": "2018.10.15"
}