{
  "arch": "x86_64",
  "build": "py27h0c8e037_1001",
  "build_number": 1001,
  "channel": "https://conda.anaconda.org/conda-forge/win-64",
  "constrains": [],
  "depends": [
    "pycparser",
    "python >=2.7,<2.8.0a0",
    "vc 9.*"
  ],
  "extracted_package_dir": "C:\\Users\\Fabiano\\Anaconda2\\pkgs\\cffi-1.11.5-py27h0c8e037_1001",
  "features": "",
  "files": [
    "Lib/site-packages/_cffi_backend.pyd",
    "Lib/site-packages/cffi-1.11.5-py2.7.egg-info/PKG-INFO",
    "Lib/site-packages/cffi-1.11.5-py2.7.egg-info/SOURCES.txt",
    "Lib/site-packages/cffi-1.11.5-py2.7.egg-info/dependency_links.txt",
    "Lib/site-packages/cffi-1.11.5-py2.7.egg-info/entry_points.txt",
    "Lib/site-packages/cffi-1.11.5-py2.7.egg-info/installed-files.txt",
    "Lib/site-packages/cffi-1.11.5-py2.7.egg-info/not-zip-safe",
    "Lib/site-packages/cffi-1.11.5-py2.7.egg-info/requires.txt",
    "Lib/site-packages/cffi-1.11.5-py2.7.egg-info/top_level.txt",
    "Lib/site-packages/cffi/__init__.py",
    "Lib/site-packages/cffi/__init__.pyc",
    "Lib/site-packages/cffi/_cffi_errors.h",
    "Lib/site-packages/cffi/_cffi_include.h",
    "Lib/site-packages/cffi/_embedding.h",
    "Lib/site-packages/cffi/api.py",
    "Lib/site-packages/cffi/api.pyc",
    "Lib/site-packages/cffi/backend_ctypes.py",
    "Lib/site-packages/cffi/backend_ctypes.pyc",
    "Lib/site-packages/cffi/cffi_opcode.py",
    "Lib/site-packages/cffi/cffi_opcode.pyc",
    "Lib/site-packages/cffi/commontypes.py",
    "Lib/site-packages/cffi/commontypes.pyc",
    "Lib/site-packages/cffi/cparser.py",
    "Lib/site-packages/cffi/cparser.pyc",
    "Lib/site-packages/cffi/error.py",
    "Lib/site-packages/cffi/error.pyc",
    "Lib/site-packages/cffi/ffiplatform.py",
    "Lib/site-packages/cffi/ffiplatform.pyc",
    "Lib/site-packages/cffi/lock.py",
    "Lib/site-packages/cffi/lock.pyc",
    "Lib/site-packages/cffi/model.py",
    "Lib/site-packages/cffi/model.pyc",
    "Lib/site-packages/cffi/parse_c_type.h",
    "Lib/site-packages/cffi/recompiler.py",
    "Lib/site-packages/cffi/recompiler.pyc",
    "Lib/site-packages/cffi/setuptools_ext.py",
    "Lib/site-packages/cffi/setuptools_ext.pyc",
    "Lib/site-packages/cffi/vengine_cpy.py",
    "Lib/site-packages/cffi/vengine_cpy.pyc",
    "Lib/site-packages/cffi/vengine_gen.py",
    "Lib/site-packages/cffi/vengine_gen.pyc",
    "Lib/site-packages/cffi/verifier.py",
    "Lib/site-packages/cffi/verifier.pyc"
  ],
  "fn": "cffi-1.11.5-py27h0c8e037_1001.tar.bz2",
  "license": "MIT",
  "link": {
    "source": "C:\\Users\\Fabiano\\Anaconda2\\pkgs\\cffi-1.11.5-py27h0c8e037_1001",
    "type": 1
  },
  "md5": "81a6d42bd4462ae2f9096990a0b40b45",
  "name": "cffi",
  "package_tarball_full_path": "C:\\Users\\Fabiano\\Anaconda2\\pkgs\\cffi-1.11.5-py27h0c8e037_1001.tar.bz2",
  "paths_data": {
    "paths": [
      {
        "_path": "Lib/site-packages/_cffi_backend.pyd",
        "path_type": "hardlink",
        "sha256": "0b8afc4e40fcd31cfb1aba69fff7647288da3309cfeea17ebc7c7b760a982d82",
        "sha256_in_prefix": "0b8afc4e40fcd31cfb1aba69fff7647288da3309cfeea17ebc7c7b760a982d82",
        "size_in_bytes": 164864
      },
      {
        "_path": "Lib/site-packages/cffi-1.11.5-py2.7.egg-info/PKG-INFO",
        "path_type": "hardlink",
        "sha256": "ad0934f5e3f52384d6eccde9bc53505666515b8bd9015ec852e9248c5af192f2",
        "sha256_in_prefix": "ad0934f5e3f52384d6eccde9bc53505666515b8bd9015ec852e9248c5af192f2",
        "size_in_bytes": 1247
      },
      {
        "_path": "Lib/site-packages/cffi-1.11.5-py2.7.egg-info/SOURCES.txt",
        "path_type": "hardlink",
        "sha256": "c67ca3dcddcda1fbe55838109b1271c5fac84d3c10aeaa2e309a56ebf4545ec3",
        "sha256_in_prefix": "c67ca3dcddcda1fbe55838109b1271c5fac84d3c10aeaa2e309a56ebf4545ec3",
        "size_in_bytes": 4961
      },
      {
        "_path": "Lib/site-packages/cffi-1.11.5-py2.7.egg-info/dependency_links.txt",
        "path_type": "hardlink",
        "sha256": "01ba4719c80b6fe911b091a7c05124b64eeece964e09c058ef8f9805daca546b",
        "sha256_in_prefix": "01ba4719c80b6fe911b091a7c05124b64eeece964e09c058ef8f9805daca546b",
        "size_in_bytes": 1
      },
      {
        "_path": "Lib/site-packages/cffi-1.11.5-py2.7.egg-info/entry_points.txt",
        "path_type": "hardlink",
        "sha256": "43d7f90bd2298d8c68d1dd8f2bd794727920c4773da475b08c431a00d3ca3422",
        "sha256_in_prefix": "43d7f90bd2298d8c68d1dd8f2bd794727920c4773da475b08c431a00d3ca3422",
        "size_in_bytes": 76
      },
      {
        "_path": "Lib/site-packages/cffi-1.11.5-py2.7.egg-info/installed-files.txt",
        "path_type": "hardlink",
        "sha256": "e7af5b8c58bcea827ecc652c30b77207a8b1f0c3a50cf7f4929985a0a1144cf8",
        "sha256_in_prefix": "e7af5b8c58bcea827ecc652c30b77207a8b1f0c3a50cf7f4929985a0a1144cf8",
        "size_in_bytes": 894
      },
      {
        "_path": "Lib/site-packages/cffi-1.11.5-py2.7.egg-info/not-zip-safe",
        "path_type": "hardlink",
        "sha256": "01ba4719c80b6fe911b091a7c05124b64eeece964e09c058ef8f9805daca546b",
        "sha256_in_prefix": "01ba4719c80b6fe911b091a7c05124b64eeece964e09c058ef8f9805daca546b",
        "size_in_bytes": 1
      },
      {
        "_path": "Lib/site-packages/cffi-1.11.5-py2.7.egg-info/requires.txt",
        "path_type": "hardlink",
        "sha256": "73e94f712ef82fff0aa07ec813a3d0179a1fca2ad140d57856191b48520f7963",
        "sha256_in_prefix": "73e94f712ef82fff0aa07ec813a3d0179a1fca2ad140d57856191b48520f7963",
        "size_in_bytes": 10
      },
      {
        "_path": "Lib/site-packages/cffi-1.11.5-py2.7.egg-info/top_level.txt",
        "path_type": "hardlink",
        "sha256": "ac4ed6477ad97cd2b1588f7e8e7ea1b0708097b303901f859ae41bc568c57a14",
        "sha256_in_prefix": "ac4ed6477ad97cd2b1588f7e8e7ea1b0708097b303901f859ae41bc568c57a14",
        "size_in_bytes": 19
      },
      {
        "_path": "Lib/site-packages/cffi/__init__.py",
        "path_type": "hardlink",
        "sha256": "b6475df94df770d7a124c2b746f59ccd9cac4be595e1d511ca7b1b7fbcb44d0d",
        "sha256_in_prefix": "b6475df94df770d7a124c2b746f59ccd9cac4be595e1d511ca7b1b7fbcb44d0d",
        "size_in_bytes": 479
      },
      {
        "_path": "Lib/site-packages/cffi/__init__.pyc",
        "path_type": "hardlink",
        "sha256": "d95d30a02e584df1d9d24cb5924ab2077a0314800181ffac82b563f16357595d",
        "sha256_in_prefix": "d95d30a02e584df1d9d24cb5924ab2077a0314800181ffac82b563f16357595d",
        "size_in_bytes": 519
      },
      {
        "_path": "Lib/site-packages/cffi/_cffi_errors.h",
        "path_type": "hardlink",
        "sha256": "34b36e2a0a51509e31d24bb8a62f8f7b5bd3d66ce8bf10537878cf653c4207b5",
        "sha256_in_prefix": "34b36e2a0a51509e31d24bb8a62f8f7b5bd3d66ce8bf10537878cf653c4207b5",
        "size_in_bytes": 3804
      },
      {
        "_path": "Lib/site-packages/cffi/_cffi_include.h",
        "path_type": "hardlink",
        "sha256": "26e15f9b0a5113ae6fca6dcdc6bf6f0cc38812ebf6d6d5dd6ab90bd65d96366b",
        "sha256_in_prefix": "26e15f9b0a5113ae6fca6dcdc6bf6f0cc38812ebf6d6d5dd6ab90bd65d96366b",
        "size_in_bytes": 12149
      },
      {
        "_path": "Lib/site-packages/cffi/_embedding.h",
        "path_type": "hardlink",
        "sha256": "1843cffa70bff9732ad9f79dd7897f2096acfb7a984e064d91c8aa3746d5c32f",
        "sha256_in_prefix": "1843cffa70bff9732ad9f79dd7897f2096acfb7a984e064d91c8aa3746d5c32f",
        "size_in_bytes": 16030
      },
      {
        "_path": "Lib/site-packages/cffi/api.py",
        "path_type": "hardlink",
        "sha256": "291523be2bc9b9ab3f595f45c71aa559909b4a32572f3c9abf44b03c269d1d07",
        "sha256_in_prefix": "291523be2bc9b9ab3f595f45c71aa559909b4a32572f3c9abf44b03c269d1d07",
        "size_in_bytes": 40590
      },
      {
        "_path": "Lib/site-packages/cffi/api.pyc",
        "path_type": "hardlink",
        "sha256": "a5e96cdb7decffdbb4a5b2d08bacc7a7ff6fe6652f3d73f00e970536f9154221",
        "sha256_in_prefix": "a5e96cdb7decffdbb4a5b2d08bacc7a7ff6fe6652f3d73f00e970536f9154221",
        "size_in_bytes": 36917
      },
      {
        "_path": "Lib/site-packages/cffi/backend_ctypes.py",
        "path_type": "hardlink",
        "sha256": "5f131fcf72a7fd0661bcb2ea3579882ff67d33c08694601ad585ad1fa93cc184",
        "sha256_in_prefix": "5f131fcf72a7fd0661bcb2ea3579882ff67d33c08694601ad585ad1fa93cc184",
        "size_in_bytes": 42086
      },
      {
        "_path": "Lib/site-packages/cffi/backend_ctypes.pyc",
        "path_type": "hardlink",
        "sha256": "e6bf075ea041ff0c414f3f267152c88cf38db292a27337575be16bd2f8aea159",
        "sha256_in_prefix": "e6bf075ea041ff0c414f3f267152c88cf38db292a27337575be16bd2f8aea159",
        "size_in_bytes": 44365
      },
      {
        "_path": "Lib/site-packages/cffi/cffi_opcode.py",
        "path_type": "hardlink",
        "sha256": "bfd45d0ffa2f03cac2b6ab02f7922f922e55ebaeeb00e84682cddf6f6abdc693",
        "sha256_in_prefix": "bfd45d0ffa2f03cac2b6ab02f7922f922e55ebaeeb00e84682cddf6f6abdc693",
        "size_in_bytes": 5724
      },
      {
        "_path": "Lib/site-packages/cffi/cffi_opcode.pyc",
        "path_type": "hardlink",
        "sha256": "3d2fdfac23ad85efc543c84fbb3112ee6e2bbdde37c745b2527b169c45d975a0",
        "sha256_in_prefix": "3d2fdfac23ad85efc543c84fbb3112ee6e2bbdde37c745b2527b169c45d975a0",
        "size_in_bytes": 5862
      },
      {
        "_path": "Lib/site-packages/cffi/commontypes.py",
        "path_type": "hardlink",
        "sha256": "412e2ec420c8ec986d4f28e1d61967080fa0ca799ab335b125a4512c69096b50",
        "sha256_in_prefix": "412e2ec420c8ec986d4f28e1d61967080fa0ca799ab335b125a4512c69096b50",
        "size_in_bytes": 2689
      },
      {
        "_path": "Lib/site-packages/cffi/commontypes.pyc",
        "path_type": "hardlink",
        "sha256": "b9a6c712c107179243d4ea2fe1074ba4bf1d9d5a567138dbe5ec2f1412411182",
        "sha256_in_prefix": "b9a6c712c107179243d4ea2fe1074ba4bf1d9d5a567138dbe5ec2f1412411182",
        "size_in_bytes": 2331
      },
      {
        "_path": "Lib/site-packages/cffi/cparser.py",
        "path_type": "hardlink",
        "sha256": "474fe0741f2f2f560d7fe5b91bfe4abd5d693939d9c2fb8b7a2a1a0ef38323a7",
        "sha256_in_prefix": "474fe0741f2f2f560d7fe5b91bfe4abd5d693939d9c2fb8b7a2a1a0ef38323a7",
        "size_in_bytes": 39250
      },
      {
        "_path": "Lib/site-packages/cffi/cparser.pyc",
        "path_type": "hardlink",
        "sha256": "600ae124d347492f9196db8f9688cf4926a8ab7a74b239c477f2211e7209843a",
        "sha256_in_prefix": "600ae124d347492f9196db8f9688cf4926a8ab7a74b239c477f2211e7209843a",
        "size_in_bytes": 24952
      },
      {
        "_path": "Lib/site-packages/cffi/error.py",
        "path_type": "hardlink",
        "sha256": "2ff27beaa6e1e8b4b11f803ae26b8e53024a2facd51c2df6137806d67b5433e0",
        "sha256_in_prefix": "2ff27beaa6e1e8b4b11f803ae26b8e53024a2facd51c2df6137806d67b5433e0",
        "size_in_bytes": 666
      },
      {
        "_path": "Lib/site-packages/cffi/error.pyc",
        "path_type": "hardlink",
        "sha256": "6795ad6986e7202ab428b8e6c3f6ab7fba93ba2c59bd5fb04b61a6ae5a5e1b75",
        "sha256_in_prefix": "6795ad6986e7202ab428b8e6c3f6ab7fba93ba2c59bd5fb04b61a6ae5a5e1b75",
        "size_in_bytes": 1428
      },
      {
        "_path": "Lib/site-packages/cffi/ffiplatform.py",
        "path_type": "hardlink",
        "sha256": "1cc5ea47c92cdb0b5db0dc46696a50fcfcaa22fb62ba8b3fbdfd6a282cbe7308",
        "sha256_in_prefix": "1cc5ea47c92cdb0b5db0dc46696a50fcfcaa22fb62ba8b3fbdfd6a282cbe7308",
        "size_in_bytes": 4046
      },
      {
        "_path": "Lib/site-packages/cffi/ffiplatform.pyc",
        "path_type": "hardlink",
        "sha256": "65decba2a6f79d86fbcaf0f808909e5f56e4da79430314de6747c423d2ec3c90",
        "sha256_in_prefix": "65decba2a6f79d86fbcaf0f808909e5f56e4da79430314de6747c423d2ec3c90",
        "size_in_bytes": 4456
      },
      {
        "_path": "Lib/site-packages/cffi/lock.py",
        "path_type": "hardlink",
        "sha256": "97d4d37703083298ba8c39091a742013d72f4c847b0809ed209afc1061edde96",
        "sha256_in_prefix": "97d4d37703083298ba8c39091a742013d72f4c847b0809ed209afc1061edde96",
        "size_in_bytes": 747
      },
      {
        "_path": "Lib/site-packages/cffi/lock.pyc",
        "path_type": "hardlink",
        "sha256": "52ee22ae565b5622db4b619d8c0305b2df209ec2611b07893bf70ac33a77b8fd",
        "sha256_in_prefix": "52ee22ae565b5622db4b619d8c0305b2df209ec2611b07893bf70ac33a77b8fd",
        "size_in_bytes": 424
      },
      {
        "_path": "Lib/site-packages/cffi/model.py",
        "path_type": "hardlink",
        "sha256": "52486ca29f5925f973cffab02c4078a788e5d384844108b6a89a41cb5aecce56",
        "sha256_in_prefix": "52486ca29f5925f973cffab02c4078a788e5d384844108b6a89a41cb5aecce56",
        "size_in_bytes": 21552
      },
      {
        "_path": "Lib/site-packages/cffi/model.pyc",
        "path_type": "hardlink",
        "sha256": "b2bc8509ab95f6b01f61d52a611db23bbfb5216121591b4b7b492a153cfd7b55",
        "sha256_in_prefix": "b2bc8509ab95f6b01f61d52a611db23bbfb5216121591b4b7b492a153cfd7b55",
        "size_in_bytes": 22657
      },
      {
        "_path": "Lib/site-packages/cffi/parse_c_type.h",
        "path_type": "hardlink",
        "sha256": "39dc107f033d92dababe5081e377b11509b10c1b63d8c04d74af0b625d79b63c",
        "sha256_in_prefix": "39dc107f033d92dababe5081e377b11509b10c1b63d8c04d74af0b625d79b63c",
        "size_in_bytes": 5976
      },
      {
        "_path": "Lib/site-packages/cffi/recompiler.py",
        "path_type": "hardlink",
        "sha256": "e73858e5d2cbd8ec8fb8c9533711bdef64cda2942aef8ad8b0cbced9607f1bca",
        "sha256_in_prefix": "e73858e5d2cbd8ec8fb8c9533711bdef64cda2942aef8ad8b0cbced9607f1bca",
        "size_in_bytes": 63412
      },
      {
        "_path": "Lib/site-packages/cffi/recompiler.pyc",
        "path_type": "hardlink",
        "sha256": "7293872cf1f59f28915daf9d0fc678a1bcfca9870c6e583717cd908d890e05e8",
        "sha256_in_prefix": "7293872cf1f59f28915daf9d0fc678a1bcfca9870c6e583717cd908d890e05e8",
        "size_in_bytes": 53721
      },
      {
        "_path": "Lib/site-packages/cffi/setuptools_ext.py",
        "path_type": "hardlink",
        "sha256": "c29a79c453372229d4ea9899a29fa58be2ea1d92270bc358fbcde0d9e96f8357",
        "sha256_in_prefix": "c29a79c453372229d4ea9899a29fa58be2ea1d92270bc358fbcde0d9e96f8357",
        "size_in_bytes": 8198
      },
      {
        "_path": "Lib/site-packages/cffi/setuptools_ext.pyc",
        "path_type": "hardlink",
        "sha256": "59a62a26b10e1fc8f2087a6c352dd17e67c9a0a3108835a69d55addb0d85e2eb",
        "sha256_in_prefix": "59a62a26b10e1fc8f2087a6c352dd17e67c9a0a3108835a69d55addb0d85e2eb",
        "size_in_bytes": 7978
      },
      {
        "_path": "Lib/site-packages/cffi/vengine_cpy.py",
        "path_type": "hardlink",
        "sha256": "85dca38d93628cbae0fee18c9e71720beec61bf2f15adc01f01952dafbd50d0d",
        "sha256_in_prefix": "85dca38d93628cbae0fee18c9e71720beec61bf2f15adc01f01952dafbd50d0d",
        "size_in_bytes": 41470
      },
      {
        "_path": "Lib/site-packages/cffi/vengine_cpy.pyc",
        "path_type": "hardlink",
        "sha256": "31334f6b54ab94a9251f70a44edf2c56437f58091c2826690390f9327aa598fc",
        "sha256_in_prefix": "31334f6b54ab94a9251f70a44edf2c56437f58091c2826690390f9327aa598fc",
        "size_in_bytes": 36713
      },
      {
        "_path": "Lib/site-packages/cffi/vengine_gen.py",
        "path_type": "hardlink",
        "sha256": "664ab4f8475e6709faa94bdffc223c89412cd94c5522f0e62821f58f4fb2d062",
        "sha256_in_prefix": "664ab4f8475e6709faa94bdffc223c89412cd94c5522f0e62821f58f4fb2d062",
        "size_in_bytes": 26676
      },
      {
        "_path": "Lib/site-packages/cffi/vengine_gen.pyc",
        "path_type": "hardlink",
        "sha256": "12a898dfc6bd0fe416a688233457c85116972d78879b9260c43d9e4402a0484a",
        "sha256_in_prefix": "12a898dfc6bd0fe416a688233457c85116972d78879b9260c43d9e4402a0484a",
        "size_in_bytes": 23778
      },
      {
        "_path": "Lib/site-packages/cffi/verifier.py",
        "path_type": "hardlink",
        "sha256": "27d127cf6adb25bf421cfa96956439b90112a32af4b9cecc356ba07218d706fe",
        "sha256_in_prefix": "27d127cf6adb25bf421cfa96956439b90112a32af4b9cecc356ba07218d706fe",
        "size_in_bytes": 11207
      },
      {
        "_path": "Lib/site-packages/cffi/verifier.pyc",
        "path_type": "hardlink",
        "sha256": "83cce4151b1814bba6e14b72271c532b0fdf42c0811d230ed4e29660c9f73d0c",
        "sha256_in_prefix": "83cce4151b1814bba6e14b72271c532b0fdf42c0811d230ed4e29660c9f73d0c",
        "size_in_bytes": 10786
      }
    ],
    "paths_version": 1
  },
  "platform": "win32",
  "requested_spec": "None",
  "size": 209426,
  "subdir": "win-64",
  "timestamp": 1538560916686,
  "track_features": "",
  "url": "https://conda.anaconda.org/conda-forge/win-64/cffi-1.11.5-py27h0c8e037_1001.tar.bz2",
  "version": "1.11.5"
}