{
  "build": "py_0",
  "build_number": 0,
  "channel": "https://conda.anaconda.org/conda-forge/noarch",
  "constrains": [],
  "depends": [
    "python"
  ],
  "extracted_package_dir": "C:\\Users\\Fabiano\\Anaconda2\\pkgs\\colorama-0.4.0-py_0",
  "features": "",
  "files": [
    "Lib/site-packages/colorama-0.4.0-py2.7.egg-info/PKG-INFO",
    "Lib/site-packages/colorama-0.4.0-py2.7.egg-info/SOURCES.txt",
    "Lib/site-packages/colorama-0.4.0-py2.7.egg-info/dependency_links.txt",
    "Lib/site-packages/colorama-0.4.0-py2.7.egg-info/installed-files.txt",
    "Lib/site-packages/colorama-0.4.0-py2.7.egg-info/top_level.txt",
    "Lib/site-packages/colorama/__init__.py",
    "Lib/site-packages/colorama/ansi.py",
    "Lib/site-packages/colorama/ansitowin32.py",
    "Lib/site-packages/colorama/initialise.py",
    "Lib/site-packages/colorama/win32.py",
    "Lib/site-packages/colorama/winterm.py",
    "Lib/site-packages/colorama/__init__.pyc",
    "Lib/site-packages/colorama/ansi.pyc",
    "Lib/site-packages/colorama/ansitowin32.pyc",
    "Lib/site-packages/colorama/initialise.pyc",
    "Lib/site-packages/colorama/win32.pyc",
    "Lib/site-packages/colorama/winterm.pyc"
  ],
  "fn": "colorama-0.4.0-py_0.tar.bz2",
  "license": "BSD-3-Clause",
  "link": {
    "source": "C:\\Users\\Fabiano\\Anaconda2\\pkgs\\colorama-0.4.0-py_0",
    "type": 1
  },
  "md5": "3ad85d5cc6eb2263c99422a0905ed299",
  "name": "colorama",
  "noarch": "python",
  "package_tarball_full_path": "C:\\Users\\Fabiano\\Anaconda2\\pkgs\\colorama-0.4.0-py_0.tar.bz2",
  "paths_data": {
    "paths": [
      {
        "_path": "site-packages/colorama-0.4.0-py2.7.egg-info/PKG-INFO",
        "path_type": "hardlink",
        "sha256": "5daee0e381b257d69d4bc27a0f155a9931f4257412a3306e7c5e7efec8abfd96",
        "sha256_in_prefix": "5daee0e381b257d69d4bc27a0f155a9931f4257412a3306e7c5e7efec8abfd96",
        "size_in_bytes": 15943
      },
      {
        "_path": "site-packages/colorama-0.4.0-py2.7.egg-info/SOURCES.txt",
        "path_type": "hardlink",
        "sha256": "50f23c5a68a2c16c55d7de93530fc2a3d41b7ce5095356b506d122bf4b56ef6b",
        "sha256_in_prefix": "50f23c5a68a2c16c55d7de93530fc2a3d41b7ce5095356b506d122bf4b56ef6b",
        "size_in_bytes": 492
      },
      {
        "_path": "site-packages/colorama-0.4.0-py2.7.egg-info/dependency_links.txt",
        "path_type": "hardlink",
        "sha256": "01ba4719c80b6fe911b091a7c05124b64eeece964e09c058ef8f9805daca546b",
        "sha256_in_prefix": "01ba4719c80b6fe911b091a7c05124b64eeece964e09c058ef8f9805daca546b",
        "size_in_bytes": 1
      },
      {
        "_path": "site-packages/colorama-0.4.0-py2.7.egg-info/installed-files.txt",
        "path_type": "hardlink",
        "sha256": "aa42784e9aff12b7bf420e8b77484870cc7725f644ffa50d2a2d667aaaed9454",
        "sha256_in_prefix": "aa42784e9aff12b7bf420e8b77484870cc7725f644ffa50d2a2d667aaaed9454",
        "size_in_bytes": 344
      },
      {
        "_path": "site-packages/colorama-0.4.0-py2.7.egg-info/top_level.txt",
        "path_type": "hardlink",
        "sha256": "fcac7af829e2d814f53c40133e1ad2471a3477b91281f05b1dfe68ec8175001c",
        "sha256_in_prefix": "fcac7af829e2d814f53c40133e1ad2471a3477b91281f05b1dfe68ec8175001c",
        "size_in_bytes": 9
      },
      {
        "_path": "site-packages/colorama/__init__.py",
        "path_type": "hardlink",
        "sha256": "7dd39861a775cf00ce4c83f9a5f2343c74d393d3a646e78171e317039365e1a8",
        "sha256_in_prefix": "7dd39861a775cf00ce4c83f9a5f2343c74d393d3a646e78171e317039365e1a8",
        "size_in_bytes": 239
      },
      {
        "_path": "site-packages/colorama/ansi.py",
        "path_type": "hardlink",
        "sha256": "162d2e9fe40ba919bebfba3f9ca88eab20bc3daa4124aec32d5feaf4b2ad4ced",
        "sha256_in_prefix": "162d2e9fe40ba919bebfba3f9ca88eab20bc3daa4124aec32d5feaf4b2ad4ced",
        "size_in_bytes": 2524
      },
      {
        "_path": "site-packages/colorama/ansitowin32.py",
        "path_type": "hardlink",
        "sha256": "8962f117aa6b8e27218cd16387fdbe60498dd3dc2fc3fde3c57a6a35a7e1c7b0",
        "sha256_in_prefix": "8962f117aa6b8e27218cd16387fdbe60498dd3dc2fc3fde3c57a6a35a7e1c7b0",
        "size_in_bytes": 10326
      },
      {
        "_path": "site-packages/colorama/initialise.py",
        "path_type": "hardlink",
        "sha256": "3e9ae8bc3371313aefa0d1c570bd8d663a47d97cc373c04bc4bc6212b7d49789",
        "sha256_in_prefix": "3e9ae8bc3371313aefa0d1c570bd8d663a47d97cc373c04bc4bc6212b7d49789",
        "size_in_bytes": 1915
      },
      {
        "_path": "site-packages/colorama/win32.py",
        "path_type": "hardlink",
        "sha256": "6c9f0897d8f0681379049f1b98de85a18675418b8c2afda3f1f1ab5e1ed3263c",
        "sha256_in_prefix": "6c9f0897d8f0681379049f1b98de85a18675418b8c2afda3f1f1ab5e1ed3263c",
        "size_in_bytes": 5404
      },
      {
        "_path": "site-packages/colorama/winterm.py",
        "path_type": "hardlink",
        "sha256": "db2ff66fb66cbf7e1f780b0febb98b39573e060ab9d667581a8e7bd55a6b96b3",
        "sha256_in_prefix": "db2ff66fb66cbf7e1f780b0febb98b39573e060ab9d667581a8e7bd55a6b96b3",
        "size_in_bytes": 6438
      },
      {
        "_path": "Lib/site-packages/colorama/__init__.pyc",
        "path_type": "pyc_file"
      },
      {
        "_path": "Lib/site-packages/colorama/ansi.pyc",
        "path_type": "pyc_file"
      },
      {
        "_path": "Lib/site-packages/colorama/ansitowin32.pyc",
        "path_type": "pyc_file"
      },
      {
        "_path": "Lib/site-packages/colorama/initialise.pyc",
        "path_type": "pyc_file"
      },
      {
        "_path": "Lib/site-packages/colorama/win32.pyc",
        "path_type": "pyc_file"
      },
      {
        "_path": "Lib/site-packages/colorama/winterm.pyc",
        "path_type": "pyc_file"
      }
    ],
    "paths_version": 1
  },
  "requested_spec": "None",
  "size": 15491,
  "subdir": "noarch",
  "timestamp": 1539745605902,
  "track_features": "",
  "url": "https://conda.anaconda.org/conda-forge/noarch/colorama-0.4.0-py_0.tar.bz2",
  "version": "0.4.0"
}