{
  "build": "py_0",
  "build_number": 0,
  "channel": "https://conda.anaconda.org/conda-forge/noarch",
  "constrains": [],
  "depends": [
    "python"
  ],
  "extracted_package_dir": "C:\\Users\\Fabiano\\Anaconda2\\pkgs\\constantly-15.1.0-py_0",
  "features": "",
  "files": [
    "Lib/site-packages/constantly-15.1.0-py3.6.egg-info/PKG-INFO",
    "Lib/site-packages/constantly-15.1.0-py3.6.egg-info/SOURCES.txt",
    "Lib/site-packages/constantly-15.1.0-py3.6.egg-info/dependency_links.txt",
    "Lib/site-packages/constantly-15.1.0-py3.6.egg-info/pbr.json",
    "Lib/site-packages/constantly-15.1.0-py3.6.egg-info/top_level.txt",
    "Lib/site-packages/constantly/__init__.py",
    "Lib/site-packages/constantly/_constants.py",
    "Lib/site-packages/constantly/_version.py",
    "Lib/site-packages/constantly/__init__.pyc",
    "Lib/site-packages/constantly/_constants.pyc",
    "Lib/site-packages/constantly/_version.pyc"
  ],
  "fn": "constantly-15.1.0-py_0.tar.bz2",
  "license": "MIT",
  "license_family": "MIT",
  "link": {
    "source": "C:\\Users\\Fabiano\\Anaconda2\\pkgs\\constantly-15.1.0-py_0",
    "type": 1
  },
  "md5": "6cc019fc01a1e9ea7eb0bfccfc6c9d2d",
  "name": "constantly",
  "noarch": "python",
  "package_tarball_full_path": "C:\\Users\\Fabiano\\Anaconda2\\pkgs\\constantly-15.1.0-py_0.tar.bz2",
  "paths_data": {
    "paths": [
      {
        "_path": "site-packages/constantly-15.1.0-py3.6.egg-info/PKG-INFO",
        "path_type": "hardlink",
        "sha256": "a68359a466dfb7a843982d70a1b8bf9251fc859cf1b1bb612e208a1f1ec10c62",
        "sha256_in_prefix": "a68359a466dfb7a843982d70a1b8bf9251fc859cf1b1bb612e208a1f1ec10c62",
        "size_in_bytes": 1353
      },
      {
        "_path": "site-packages/constantly-15.1.0-py3.6.egg-info/SOURCES.txt",
        "path_type": "hardlink",
        "sha256": "a25df91b6a8f5556155c7734f0a16a6c01b95e8eeaabc1d3a68300b2af73432f",
        "sha256_in_prefix": "a25df91b6a8f5556155c7734f0a16a6c01b95e8eeaabc1d3a68300b2af73432f",
        "size_in_bytes": 307
      },
      {
        "_path": "site-packages/constantly-15.1.0-py3.6.egg-info/dependency_links.txt",
        "path_type": "hardlink",
        "sha256": "01ba4719c80b6fe911b091a7c05124b64eeece964e09c058ef8f9805daca546b",
        "sha256_in_prefix": "01ba4719c80b6fe911b091a7c05124b64eeece964e09c058ef8f9805daca546b",
        "size_in_bytes": 1
      },
      {
        "_path": "site-packages/constantly-15.1.0-py3.6.egg-info/pbr.json",
        "path_type": "hardlink",
        "sha256": "a1fe14224e13380a12dc6c5fee81363f069105c416da28fd64b457d4b321cb50",
        "sha256_in_prefix": "a1fe14224e13380a12dc6c5fee81363f069105c416da28fd64b457d4b321cb50",
        "size_in_bytes": 47
      },
      {
        "_path": "site-packages/constantly-15.1.0-py3.6.egg-info/top_level.txt",
        "path_type": "hardlink",
        "sha256": "6772d9c514f7b15ece21c2dd772816cbcad16a0b9ce1ad61946a2d0ecfaf1483",
        "sha256_in_prefix": "6772d9c514f7b15ece21c2dd772816cbcad16a0b9ce1ad61946a2d0ecfaf1483",
        "size_in_bytes": 11
      },
      {
        "_path": "site-packages/constantly/__init__.py",
        "path_type": "hardlink",
        "sha256": "2b6105c7cf66205f1392e138176661a9e884f54b81f52d03a45cb448d86eeae7",
        "sha256_in_prefix": "2b6105c7cf66205f1392e138176661a9e884f54b81f52d03a45cb448d86eeae7",
        "size_in_bytes": 517
      },
      {
        "_path": "site-packages/constantly/_constants.py",
        "path_type": "hardlink",
        "sha256": "9fe42990aef77c223279b92aa7a86f50cb847b7b98788a6d06d97829a871a5c2",
        "sha256_in_prefix": "9fe42990aef77c223279b92aa7a86f50cb847b7b98788a6d06d97829a871a5c2",
        "size_in_bytes": 16090
      },
      {
        "_path": "site-packages/constantly/_version.py",
        "path_type": "hardlink",
        "sha256": "929f07a23dada47fd7a5be0238d5457d88d3a443abdc41b3351693fc8159dc0a",
        "sha256_in_prefix": "929f07a23dada47fd7a5be0238d5457d88d3a443abdc41b3351693fc8159dc0a",
        "size_in_bytes": 472
      },
      {
        "_path": "Lib/site-packages/constantly/__init__.pyc",
        "path_type": "pyc_file"
      },
      {
        "_path": "Lib/site-packages/constantly/_constants.pyc",
        "path_type": "pyc_file"
      },
      {
        "_path": "Lib/site-packages/constantly/_version.pyc",
        "path_type": "pyc_file"
      }
    ],
    "paths_version": 1
  },
  "requested_spec": "None",
  "size": 8978,
  "subdir": "noarch",
  "track_features": "",
  "url": "https://conda.anaconda.org/conda-forge/noarch/constantly-15.1.0-py_0.tar.bz2",
  "version": "15.1.0"
}