{
  "arch": "x86_64",
  "build": "py27hc64555f_0",
  "build_number": 0,
  "channel": "https://conda.anaconda.org/conda-forge/win-64",
  "constrains": [],
  "depends": [
    "asn1crypto >=0.21.0",
    "cffi >=1.7",
    "cryptography-vectors 2.3.1.*",
    "enum34",
    "idna >=2.1",
    "ipaddress",
    "openssl >=1.0.2o,<1.0.3a",
    "python >=2.7,<2.8.0a0",
    "six >=1.4.1",
    "vc 9.*"
  ],
  "extracted_package_dir": "C:\\Users\\Fabiano\\Anaconda2\\pkgs\\cryptography-2.3.1-py27hc64555f_0",
  "features": "",
  "files": [
    "Lib/site-packages/cryptography-2.3.1.dist-info/INSTALLER",
    "Lib/site-packages/cryptography-2.3.1.dist-info/METADATA",
    "Lib/site-packages/cryptography-2.3.1.dist-info/RECORD",
    "Lib/site-packages/cryptography-2.3.1.dist-info/WHEEL",
    "Lib/site-packages/cryptography-2.3.1.dist-info/top_level.txt",
    "Lib/site-packages/cryptography/__about__.py",
    "Lib/site-packages/cryptography/__about__.pyc",
    "Lib/site-packages/cryptography/__init__.py",
    "Lib/site-packages/cryptography/__init__.pyc",
    "Lib/site-packages/cryptography/exceptions.py",
    "Lib/site-packages/cryptography/exceptions.pyc",
    "Lib/site-packages/cryptography/fernet.py",
    "Lib/site-packages/cryptography/fernet.pyc",
    "Lib/site-packages/cryptography/hazmat/__init__.py",
    "Lib/site-packages/cryptography/hazmat/__init__.pyc",
    "Lib/site-packages/cryptography/hazmat/backends/__init__.py",
    "Lib/site-packages/cryptography/hazmat/backends/__init__.pyc",
    "Lib/site-packages/cryptography/hazmat/backends/interfaces.py",
    "Lib/site-packages/cryptography/hazmat/backends/interfaces.pyc",
    "Lib/site-packages/cryptography/hazmat/backends/openssl/__init__.py",
    "Lib/site-packages/cryptography/hazmat/backends/openssl/__init__.pyc",
    "Lib/site-packages/cryptography/hazmat/backends/openssl/aead.py",
    "Lib/site-packages/cryptography/hazmat/backends/openssl/aead.pyc",
    "Lib/site-packages/cryptography/hazmat/backends/openssl/backend.py",
    "Lib/site-packages/cryptography/hazmat/backends/openssl/backend.pyc",
    "Lib/site-packages/cryptography/hazmat/backends/openssl/ciphers.py",
    "Lib/site-packages/cryptography/hazmat/backends/openssl/ciphers.pyc",
    "Lib/site-packages/cryptography/hazmat/backends/openssl/cmac.py",
    "Lib/site-packages/cryptography/hazmat/backends/openssl/cmac.pyc",
    "Lib/site-packages/cryptography/hazmat/backends/openssl/decode_asn1.py",
    "Lib/site-packages/cryptography/hazmat/backends/openssl/decode_asn1.pyc",
    "Lib/site-packages/cryptography/hazmat/backends/openssl/dh.py",
    "Lib/site-packages/cryptography/hazmat/backends/openssl/dh.pyc",
    "Lib/site-packages/cryptography/hazmat/backends/openssl/dsa.py",
    "Lib/site-packages/cryptography/hazmat/backends/openssl/dsa.pyc",
    "Lib/site-packages/cryptography/hazmat/backends/openssl/ec.py",
    "Lib/site-packages/cryptography/hazmat/backends/openssl/ec.pyc",
    "Lib/site-packages/cryptography/hazmat/backends/openssl/encode_asn1.py",
    "Lib/site-packages/cryptography/hazmat/backends/openssl/encode_asn1.pyc",
    "Lib/site-packages/cryptography/hazmat/backends/openssl/hashes.py",
    "Lib/site-packages/cryptography/hazmat/backends/openssl/hashes.pyc",
    "Lib/site-packages/cryptography/hazmat/backends/openssl/hmac.py",
    "Lib/site-packages/cryptography/hazmat/backends/openssl/hmac.pyc",
    "Lib/site-packages/cryptography/hazmat/backends/openssl/rsa.py",
    "Lib/site-packages/cryptography/hazmat/backends/openssl/rsa.pyc",
    "Lib/site-packages/cryptography/hazmat/backends/openssl/utils.py",
    "Lib/site-packages/cryptography/hazmat/backends/openssl/utils.pyc",
    "Lib/site-packages/cryptography/hazmat/backends/openssl/x25519.py",
    "Lib/site-packages/cryptography/hazmat/backends/openssl/x25519.pyc",
    "Lib/site-packages/cryptography/hazmat/backends/openssl/x509.py",
    "Lib/site-packages/cryptography/hazmat/backends/openssl/x509.pyc",
    "Lib/site-packages/cryptography/hazmat/bindings/__init__.py",
    "Lib/site-packages/cryptography/hazmat/bindings/__init__.pyc",
    "Lib/site-packages/cryptography/hazmat/bindings/_constant_time.pyd",
    "Lib/site-packages/cryptography/hazmat/bindings/_openssl.pyd",
    "Lib/site-packages/cryptography/hazmat/bindings/_padding.pyd",
    "Lib/site-packages/cryptography/hazmat/bindings/openssl/__init__.py",
    "Lib/site-packages/cryptography/hazmat/bindings/openssl/__init__.pyc",
    "Lib/site-packages/cryptography/hazmat/bindings/openssl/_conditional.py",
    "Lib/site-packages/cryptography/hazmat/bindings/openssl/_conditional.pyc",
    "Lib/site-packages/cryptography/hazmat/bindings/openssl/binding.py",
    "Lib/site-packages/cryptography/hazmat/bindings/openssl/binding.pyc",
    "Lib/site-packages/cryptography/hazmat/primitives/__init__.py",
    "Lib/site-packages/cryptography/hazmat/primitives/__init__.pyc",
    "Lib/site-packages/cryptography/hazmat/primitives/asymmetric/__init__.py",
    "Lib/site-packages/cryptography/hazmat/primitives/asymmetric/__init__.pyc",
    "Lib/site-packages/cryptography/hazmat/primitives/asymmetric/dh.py",
    "Lib/site-packages/cryptography/hazmat/primitives/asymmetric/dh.pyc",
    "Lib/site-packages/cryptography/hazmat/primitives/asymmetric/dsa.py",
    "Lib/site-packages/cryptography/hazmat/primitives/asymmetric/dsa.pyc",
    "Lib/site-packages/cryptography/hazmat/primitives/asymmetric/ec.py",
    "Lib/site-packages/cryptography/hazmat/primitives/asymmetric/ec.pyc",
    "Lib/site-packages/cryptography/hazmat/primitives/asymmetric/padding.py",
    "Lib/site-packages/cryptography/hazmat/primitives/asymmetric/padding.pyc",
    "Lib/site-packages/cryptography/hazmat/primitives/asymmetric/rsa.py",
    "Lib/site-packages/cryptography/hazmat/primitives/asymmetric/rsa.pyc",
    "Lib/site-packages/cryptography/hazmat/primitives/asymmetric/utils.py",
    "Lib/site-packages/cryptography/hazmat/primitives/asymmetric/utils.pyc",
    "Lib/site-packages/cryptography/hazmat/primitives/asymmetric/x25519.py",
    "Lib/site-packages/cryptography/hazmat/primitives/asymmetric/x25519.pyc",
    "Lib/site-packages/cryptography/hazmat/primitives/ciphers/__init__.py",
    "Lib/site-packages/cryptography/hazmat/primitives/ciphers/__init__.pyc",
    "Lib/site-packages/cryptography/hazmat/primitives/ciphers/aead.py",
    "Lib/site-packages/cryptography/hazmat/primitives/ciphers/aead.pyc",
    "Lib/site-packages/cryptography/hazmat/primitives/ciphers/algorithms.py",
    "Lib/site-packages/cryptography/hazmat/primitives/ciphers/algorithms.pyc",
    "Lib/site-packages/cryptography/hazmat/primitives/ciphers/base.py",
    "Lib/site-packages/cryptography/hazmat/primitives/ciphers/base.pyc",
    "Lib/site-packages/cryptography/hazmat/primitives/ciphers/modes.py",
    "Lib/site-packages/cryptography/hazmat/primitives/ciphers/modes.pyc",
    "Lib/site-packages/cryptography/hazmat/primitives/cmac.py",
    "Lib/site-packages/cryptography/hazmat/primitives/cmac.pyc",
    "Lib/site-packages/cryptography/hazmat/primitives/constant_time.py",
    "Lib/site-packages/cryptography/hazmat/primitives/constant_time.pyc",
    "Lib/site-packages/cryptography/hazmat/primitives/hashes.py",
    "Lib/site-packages/cryptography/hazmat/primitives/hashes.pyc",
    "Lib/site-packages/cryptography/hazmat/primitives/hmac.py",
    "Lib/site-packages/cryptography/hazmat/primitives/hmac.pyc",
    "Lib/site-packages/cryptography/hazmat/primitives/kdf/__init__.py",
    "Lib/site-packages/cryptography/hazmat/primitives/kdf/__init__.pyc",
    "Lib/site-packages/cryptography/hazmat/primitives/kdf/concatkdf.py",
    "Lib/site-packages/cryptography/hazmat/primitives/kdf/concatkdf.pyc",
    "Lib/site-packages/cryptography/hazmat/primitives/kdf/hkdf.py",
    "Lib/site-packages/cryptography/hazmat/primitives/kdf/hkdf.pyc",
    "Lib/site-packages/cryptography/hazmat/primitives/kdf/kbkdf.py",
    "Lib/site-packages/cryptography/hazmat/primitives/kdf/kbkdf.pyc",
    "Lib/site-packages/cryptography/hazmat/primitives/kdf/pbkdf2.py",
    "Lib/site-packages/cryptography/hazmat/primitives/kdf/pbkdf2.pyc",
    "Lib/site-packages/cryptography/hazmat/primitives/kdf/scrypt.py",
    "Lib/site-packages/cryptography/hazmat/primitives/kdf/scrypt.pyc",
    "Lib/site-packages/cryptography/hazmat/primitives/kdf/x963kdf.py",
    "Lib/site-packages/cryptography/hazmat/primitives/kdf/x963kdf.pyc",
    "Lib/site-packages/cryptography/hazmat/primitives/keywrap.py",
    "Lib/site-packages/cryptography/hazmat/primitives/keywrap.pyc",
    "Lib/site-packages/cryptography/hazmat/primitives/mac.py",
    "Lib/site-packages/cryptography/hazmat/primitives/mac.pyc",
    "Lib/site-packages/cryptography/hazmat/primitives/padding.py",
    "Lib/site-packages/cryptography/hazmat/primitives/padding.pyc",
    "Lib/site-packages/cryptography/hazmat/primitives/serialization.py",
    "Lib/site-packages/cryptography/hazmat/primitives/serialization.pyc",
    "Lib/site-packages/cryptography/hazmat/primitives/twofactor/__init__.py",
    "Lib/site-packages/cryptography/hazmat/primitives/twofactor/__init__.pyc",
    "Lib/site-packages/cryptography/hazmat/primitives/twofactor/hotp.py",
    "Lib/site-packages/cryptography/hazmat/primitives/twofactor/hotp.pyc",
    "Lib/site-packages/cryptography/hazmat/primitives/twofactor/totp.py",
    "Lib/site-packages/cryptography/hazmat/primitives/twofactor/totp.pyc",
    "Lib/site-packages/cryptography/hazmat/primitives/twofactor/utils.py",
    "Lib/site-packages/cryptography/hazmat/primitives/twofactor/utils.pyc",
    "Lib/site-packages/cryptography/utils.py",
    "Lib/site-packages/cryptography/utils.pyc",
    "Lib/site-packages/cryptography/x509/__init__.py",
    "Lib/site-packages/cryptography/x509/__init__.pyc",
    "Lib/site-packages/cryptography/x509/base.py",
    "Lib/site-packages/cryptography/x509/base.pyc",
    "Lib/site-packages/cryptography/x509/certificate_transparency.py",
    "Lib/site-packages/cryptography/x509/certificate_transparency.pyc",
    "Lib/site-packages/cryptography/x509/extensions.py",
    "Lib/site-packages/cryptography/x509/extensions.pyc",
    "Lib/site-packages/cryptography/x509/general_name.py",
    "Lib/site-packages/cryptography/x509/general_name.pyc",
    "Lib/site-packages/cryptography/x509/name.py",
    "Lib/site-packages/cryptography/x509/name.pyc",
    "Lib/site-packages/cryptography/x509/oid.py",
    "Lib/site-packages/cryptography/x509/oid.pyc"
  ],
  "fn": "cryptography-2.3.1-py27hc64555f_0.tar.bz2",
  "license": "Apache 2.0 or BSD 3-Clause, PSF 2",
  "license_family": "BSD",
  "link": {
    "source": "C:\\Users\\Fabiano\\Anaconda2\\pkgs\\cryptography-2.3.1-py27hc64555f_0",
    "type": 1
  },
  "md5": "6792d8a1c3c34bfccdea16e105050145",
  "name": "cryptography",
  "package_tarball_full_path": "C:\\Users\\Fabiano\\Anaconda2\\pkgs\\cryptography-2.3.1-py27hc64555f_0.tar.bz2",
  "paths_data": {
    "paths": [
      {
        "_path": "Lib/site-packages/cryptography-2.3.1.dist-info/INSTALLER",
        "path_type": "hardlink",
        "sha256": "ceebae7b8927a3227e5303cf5e0f1f7b34bb542ad7250ac03fbcde36ec2f1508",
        "sha256_in_prefix": "ceebae7b8927a3227e5303cf5e0f1f7b34bb542ad7250ac03fbcde36ec2f1508",
        "size_in_bytes": 4
      },
      {
        "_path": "Lib/site-packages/cryptography-2.3.1.dist-info/METADATA",
        "path_type": "hardlink",
        "sha256": "febb1eefed5eafb90237321935e673195dfd4c6283f28dbc9c050e71a49c32a0",
        "sha256_in_prefix": "febb1eefed5eafb90237321935e673195dfd4c6283f28dbc9c050e71a49c32a0",
        "size_in_bytes": 5136
      },
      {
        "_path": "Lib/site-packages/cryptography-2.3.1.dist-info/RECORD",
        "path_type": "hardlink",
        "sha256": "ecac17fb90ec4a222a3ba19cbd3616966ea377e189645e558b57e03148826185",
        "sha256_in_prefix": "ecac17fb90ec4a222a3ba19cbd3616966ea377e189645e558b57e03148826185",
        "size_in_bytes": 10752
      },
      {
        "_path": "Lib/site-packages/cryptography-2.3.1.dist-info/WHEEL",
        "path_type": "hardlink",
        "sha256": "175fe4fafd0b5619c39159e2dcc6e46baecea0c212a7579c3906a9d33f8480a7",
        "sha256_in_prefix": "175fe4fafd0b5619c39159e2dcc6e46baecea0c212a7579c3906a9d33f8480a7",
        "size_in_bytes": 106
      },
      {
        "_path": "Lib/site-packages/cryptography-2.3.1.dist-info/top_level.txt",
        "path_type": "hardlink",
        "sha256": "402918404e07241a6a22bf9a06a6ce67bd0d95f6de8ca9c313a3836cd814c308",
        "sha256_in_prefix": "402918404e07241a6a22bf9a06a6ce67bd0d95f6de8ca9c313a3836cd814c308",
        "size_in_bytes": 46
      },
      {
        "_path": "Lib/site-packages/cryptography/__about__.py",
        "path_type": "hardlink",
        "sha256": "a1ffb21de5e8916ff9df2cae20676ca4c8adefbee721b81e1c4e80900e7dcbd6",
        "sha256_in_prefix": "a1ffb21de5e8916ff9df2cae20676ca4c8adefbee721b81e1c4e80900e7dcbd6",
        "size_in_bytes": 817
      },
      {
        "_path": "Lib/site-packages/cryptography/__about__.pyc",
        "path_type": "hardlink",
        "sha256": "4074d1f064937847c4c7a4caaa0b42ac9c21fff665be0a147c3bd5d0c684cd66",
        "sha256_in_prefix": "4074d1f064937847c4c7a4caaa0b42ac9c21fff665be0a147c3bd5d0c684cd66",
        "size_in_bytes": 844
      },
      {
        "_path": "Lib/site-packages/cryptography/__init__.py",
        "path_type": "hardlink",
        "sha256": "33b990adf08762e93b4e910fa5f63192173de5ca26ab13ade35c588cb6b9c220",
        "sha256_in_prefix": "33b990adf08762e93b4e910fa5f63192173de5ca26ab13ade35c588cb6b9c220",
        "size_in_bytes": 527
      },
      {
        "_path": "Lib/site-packages/cryptography/__init__.pyc",
        "path_type": "hardlink",
        "sha256": "74ff0d18e9bbc76e7b97a01214f29da970013a071bf499bd386f27e688035dda",
        "sha256_in_prefix": "74ff0d18e9bbc76e7b97a01214f29da970013a071bf499bd386f27e688035dda",
        "size_in_bytes": 588
      },
      {
        "_path": "Lib/site-packages/cryptography/exceptions.py",
        "path_type": "hardlink",
        "sha256": "dc3252bba193e65e7256abbc48728e0c6669fecebab3f9d9a24c4080fcb0b3ed",
        "sha256_in_prefix": "dc3252bba193e65e7256abbc48728e0c6669fecebab3f9d9a24c4080fcb0b3ed",
        "size_in_bytes": 1234
      },
      {
        "_path": "Lib/site-packages/cryptography/exceptions.pyc",
        "path_type": "hardlink",
        "sha256": "9be1a9ce589cf02293357a4b5790d01f3337bb8c115a4d1242650165ed40ab97",
        "sha256_in_prefix": "9be1a9ce589cf02293357a4b5790d01f3337bb8c115a4d1242650165ed40ab97",
        "size_in_bytes": 2830
      },
      {
        "_path": "Lib/site-packages/cryptography/fernet.py",
        "path_type": "hardlink",
        "sha256": "0666391c14de210db81e64fd6f5d02d3163ff81641329845571e92d503fa8322",
        "sha256_in_prefix": "0666391c14de210db81e64fd6f5d02d3163ff81641329845571e92d503fa8322",
        "size_in_bytes": 5290
      },
      {
        "_path": "Lib/site-packages/cryptography/fernet.pyc",
        "path_type": "hardlink",
        "sha256": "32781817b50a95af5eddc00c7ddcab07195b576b6bea76053a51261ff23c7a2a",
        "sha256_in_prefix": "32781817b50a95af5eddc00c7ddcab07195b576b6bea76053a51261ff23c7a2a",
        "size_in_bytes": 6305
      },
      {
        "_path": "Lib/site-packages/cryptography/hazmat/__init__.py",
        "path_type": "hardlink",
        "sha256": "8443cd430f1d82320f227e36a9a2f05cd44b0b24c6359792be441be7b0cf85bb",
        "sha256_in_prefix": "8443cd430f1d82320f227e36a9a2f05cd44b0b24c6359792be441be7b0cf85bb",
        "size_in_bytes": 483
      },
      {
        "_path": "Lib/site-packages/cryptography/hazmat/__init__.pyc",
        "path_type": "hardlink",
        "sha256": "bb9e9b6941d4a8ae84e5e703b20a6caf5004d4b8b6d12c3fea3db54d9a343643",
        "sha256_in_prefix": "bb9e9b6941d4a8ae84e5e703b20a6caf5004d4b8b6d12c3fea3db54d9a343643",
        "size_in_bytes": 512
      },
      {
        "_path": "Lib/site-packages/cryptography/hazmat/backends/__init__.py",
        "path_type": "hardlink",
        "sha256": "f76519766a93c903ce600dae8b5eed92cca3c419d39a3d570ecc4308284bbf11",
        "sha256_in_prefix": "f76519766a93c903ce600dae8b5eed92cca3c419d39a3d570ecc4308284bbf11",
        "size_in_bytes": 496
      },
      {
        "_path": "Lib/site-packages/cryptography/hazmat/backends/__init__.pyc",
        "path_type": "hardlink",
        "sha256": "86c96b34eba8a75c9b0580fd89273a14af7698c50d10e9665d56cc24c3c54325",
        "sha256_in_prefix": "86c96b34eba8a75c9b0580fd89273a14af7698c50d10e9665d56cc24c3c54325",
        "size_in_bytes": 599
      },
      {
        "_path": "Lib/site-packages/cryptography/hazmat/backends/interfaces.py",
        "path_type": "hardlink",
        "sha256": "6fccd9f767a15498dee926efb08e0cc27e4ea5426e8e1224e0c1489a6c0c96be",
        "sha256_in_prefix": "6fccd9f767a15498dee926efb08e0cc27e4ea5426e8e1224e0c1489a6c0c96be",
        "size_in_bytes": 10789
      },
      {
        "_path": "Lib/site-packages/cryptography/hazmat/backends/interfaces.pyc",
        "path_type": "hardlink",
        "sha256": "df4f3af365b05f5799a0a1c12a205a4a740db7ca376e6bace165c14ff22b26cc",
        "sha256_in_prefix": "df4f3af365b05f5799a0a1c12a205a4a740db7ca376e6bace165c14ff22b26cc",
        "size_in_bytes": 18853
      },
      {
        "_path": "Lib/site-packages/cryptography/hazmat/backends/openssl/__init__.py",
        "path_type": "hardlink",
        "sha256": "9380cc7b6dbcfe14ee076918dcbc24eb625d23712609ded5915d35cc99b9ee9b",
        "sha256_in_prefix": "9380cc7b6dbcfe14ee076918dcbc24eb625d23712609ded5915d35cc99b9ee9b",
        "size_in_bytes": 336
      },
      {
        "_path": "Lib/site-packages/cryptography/hazmat/backends/openssl/__init__.pyc",
        "path_type": "hardlink",
        "sha256": "e974c37ed57e2c1f75180415b2b1ce30b57ab2edd8270ea7c0c03e787d6503c5",
        "sha256_in_prefix": "e974c37ed57e2c1f75180415b2b1ce30b57ab2edd8270ea7c0c03e787d6503c5",
        "size_in_bytes": 390
      },
      {
        "_path": "Lib/site-packages/cryptography/hazmat/backends/openssl/aead.py",
        "path_type": "hardlink",
        "sha256": "3649a66008028c6755328448cc52d5d9191b859d966d5b4d6f90aa2b54e59ca3",
        "sha256_in_prefix": "3649a66008028c6755328448cc52d5d9191b859d966d5b4d6f90aa2b54e59ca3",
        "size_in_bytes": 5581
      },
      {
        "_path": "Lib/site-packages/cryptography/hazmat/backends/openssl/aead.pyc",
        "path_type": "hardlink",
        "sha256": "031b9078c9f51abc6cd9cb516f19c7294f627ff01fb39af581721a44d18767d5",
        "sha256_in_prefix": "031b9078c9f51abc6cd9cb516f19c7294f627ff01fb39af581721a44d18767d5",
        "size_in_bytes": 4869
      },
      {
        "_path": "Lib/site-packages/cryptography/hazmat/backends/openssl/backend.py",
        "path_type": "hardlink",
        "sha256": "838c48732e8e8796873bf50360b236d3a568f2b82134cb0202314d589282a8f6",
        "sha256_in_prefix": "838c48732e8e8796873bf50360b236d3a568f2b82134cb0202314d589282a8f6",
        "size_in_bytes": 75732
      },
      {
        "_path": "Lib/site-packages/cryptography/hazmat/backends/openssl/backend.pyc",
        "path_type": "hardlink",
        "sha256": "bf096ac8ee7d013d790de09ef001ccaf9b3d3ee4b564868269d33a8ccbb591d1",
        "sha256_in_prefix": "bf096ac8ee7d013d790de09ef001ccaf9b3d3ee4b564868269d33a8ccbb591d1",
        "size_in_bytes": 64429
      },
      {
        "_path": "Lib/site-packages/cryptography/hazmat/backends/openssl/ciphers.py",
        "path_type": "hardlink",
        "sha256": "c28d40e79542a92ecf47b02a4c8d4bcf785bdb5d10a03a2c8226e980d45cd48f",
        "sha256_in_prefix": "c28d40e79542a92ecf47b02a4c8d4bcf785bdb5d10a03a2c8226e980d45cd48f",
        "size_in_bytes": 8904
      },
      {
        "_path": "Lib/site-packages/cryptography/hazmat/backends/openssl/ciphers.pyc",
        "path_type": "hardlink",
        "sha256": "497c44a787c6978eb4361a31ec38f88470348c3ed04e364171e4c5816c0ae2e8",
        "sha256_in_prefix": "497c44a787c6978eb4361a31ec38f88470348c3ed04e364171e4c5816c0ae2e8",
        "size_in_bytes": 6740
      },
      {
        "_path": "Lib/site-packages/cryptography/hazmat/backends/openssl/cmac.py",
        "path_type": "hardlink",
        "sha256": "0322974a1537b4c1c47869479bfb3f48087227092571b5ae162923f483fe6769",
        "sha256_in_prefix": "0322974a1537b4c1c47869479bfb3f48087227092571b5ae162923f483fe6769",
        "size_in_bytes": 2840
      },
      {
        "_path": "Lib/site-packages/cryptography/hazmat/backends/openssl/cmac.pyc",
        "path_type": "hardlink",
        "sha256": "0d90a5d583aae446c701a946b59b37b92fc649c1171580ec26e4c3d789660cb5",
        "sha256_in_prefix": "0d90a5d583aae446c701a946b59b37b92fc649c1171580ec26e4c3d789660cb5",
        "size_in_bytes": 3361
      },
      {
        "_path": "Lib/site-packages/cryptography/hazmat/backends/openssl/decode_asn1.py",
        "path_type": "hardlink",
        "sha256": "d95cf525e3ed87eef626757ba2cd95723c6ba97edcc0d8bb585073b2ac7f0ccf",
        "sha256_in_prefix": "d95cf525e3ed87eef626757ba2cd95723c6ba97edcc0d8bb585073b2ac7f0ccf",
        "size_in_bytes": 30975
      },
      {
        "_path": "Lib/site-packages/cryptography/hazmat/backends/openssl/decode_asn1.pyc",
        "path_type": "hardlink",
        "sha256": "6d275f4894c9dc7620e6e913b845c58e02da5799c44d6b28b1f94a25c743f31f",
        "sha256_in_prefix": "6d275f4894c9dc7620e6e913b845c58e02da5799c44d6b28b1f94a25c743f31f",
        "size_in_bytes": 28028
      },
      {
        "_path": "Lib/site-packages/cryptography/hazmat/backends/openssl/dh.py",
        "path_type": "hardlink",
        "sha256": "9171f42d72ec828ec52cd6a7e95e418a2752df4cd5916370696b9567e9fa5288",
        "sha256_in_prefix": "9171f42d72ec828ec52cd6a7e95e418a2752df4cd5916370696b9567e9fa5288",
        "size_in_bytes": 10814
      },
      {
        "_path": "Lib/site-packages/cryptography/hazmat/backends/openssl/dh.pyc",
        "path_type": "hardlink",
        "sha256": "1849ecbb35de13628b5fa08bb8b716e87926ad82d2b2d21c67849bf155cf6839",
        "sha256_in_prefix": "1849ecbb35de13628b5fa08bb8b716e87926ad82d2b2d21c67849bf155cf6839",
        "size_in_bytes": 10434
      },
      {
        "_path": "Lib/site-packages/cryptography/hazmat/backends/openssl/dsa.py",
        "path_type": "hardlink",
        "sha256": "24670d7e8001c8b3ca85f429d10f9e5b63f884e291a2cf3e309de72032b16d61",
        "sha256_in_prefix": "24670d7e8001c8b3ca85f429d10f9e5b63f884e291a2cf3e309de72032b16d61",
        "size_in_bytes": 10278
      },
      {
        "_path": "Lib/site-packages/cryptography/hazmat/backends/openssl/dsa.pyc",
        "path_type": "hardlink",
        "sha256": "8a1a84b6fa60147972c0ece4c727d46dc0a7422e7de82d21b0debb5edf54f72f",
        "sha256_in_prefix": "8a1a84b6fa60147972c0ece4c727d46dc0a7422e7de82d21b0debb5edf54f72f",
        "size_in_bytes": 11169
      },
      {
        "_path": "Lib/site-packages/cryptography/hazmat/backends/openssl/ec.py",
        "path_type": "hardlink",
        "sha256": "8ff0c77cd4c704f4f825c9cfa558d3d521cf33015f71fc217ac7fbf6e411d59f",
        "sha256_in_prefix": "8ff0c77cd4c704f4f825c9cfa558d3d521cf33015f71fc217ac7fbf6e411d59f",
        "size_in_bytes": 10286
      },
      {
        "_path": "Lib/site-packages/cryptography/hazmat/backends/openssl/ec.pyc",
        "path_type": "hardlink",
        "sha256": "ca1b57e55e63a17cf609cc9881516a856d09374a0316bc4ac7eb65efcaee9eb9",
        "sha256_in_prefix": "ca1b57e55e63a17cf609cc9881516a856d09374a0316bc4ac7eb65efcaee9eb9",
        "size_in_bytes": 11746
      },
      {
        "_path": "Lib/site-packages/cryptography/hazmat/backends/openssl/encode_asn1.py",
        "path_type": "hardlink",
        "sha256": "7dc33933d6e414b394afec2056307cd9ce54f2c95733981bf02e44f6aed96500",
        "sha256_in_prefix": "7dc33933d6e414b394afec2056307cd9ce54f2c95733981bf02e44f6aed96500",
        "size_in_bytes": 22450
      },
      {
        "_path": "Lib/site-packages/cryptography/hazmat/backends/openssl/encode_asn1.pyc",
        "path_type": "hardlink",
        "sha256": "cdc51d49b008bc8f9da1ecfe60ba53eb048e8253125ebccfd0ba5ac76693efec",
        "sha256_in_prefix": "cdc51d49b008bc8f9da1ecfe60ba53eb048e8253125ebccfd0ba5ac76693efec",
        "size_in_bytes": 20435
      },
      {
        "_path": "Lib/site-packages/cryptography/hazmat/backends/openssl/hashes.py",
        "path_type": "hardlink",
        "sha256": "dfb9f65f25c23be58af4cbecf33927709741787ad1cd32ac5bc10c04211b5a8f",
        "sha256_in_prefix": "dfb9f65f25c23be58af4cbecf33927709741787ad1cd32ac5bc10c04211b5a8f",
        "size_in_bytes": 2532
      },
      {
        "_path": "Lib/site-packages/cryptography/hazmat/backends/openssl/hashes.pyc",
        "path_type": "hardlink",
        "sha256": "267eeb2903996a3e2bee08c688218609be5d3e6dfb5574f0e07480d81bc4db81",
        "sha256_in_prefix": "267eeb2903996a3e2bee08c688218609be5d3e6dfb5574f0e07480d81bc4db81",
        "size_in_bytes": 2897
      },
      {
        "_path": "Lib/site-packages/cryptography/hazmat/backends/openssl/hmac.py",
        "path_type": "hardlink",
        "sha256": "fa25a0755759d55b3af6836f7db04029892f10731440284de3ce2b45a9e18f7c",
        "sha256_in_prefix": "fa25a0755759d55b3af6836f7db04029892f10731440284de3ce2b45a9e18f7c",
        "size_in_bytes": 2958
      },
      {
        "_path": "Lib/site-packages/cryptography/hazmat/backends/openssl/hmac.pyc",
        "path_type": "hardlink",
        "sha256": "72ad6c2811b52d40ed10692a0899bc1a5c3bf81746490db51786a55d3ecd70c3",
        "sha256_in_prefix": "72ad6c2811b52d40ed10692a0899bc1a5c3bf81746490db51786a55d3ecd70c3",
        "size_in_bytes": 3399
      },
      {
        "_path": "Lib/site-packages/cryptography/hazmat/backends/openssl/rsa.py",
        "path_type": "hardlink",
        "sha256": "fad2061e80462f4566c5eed9679f06e77a0e0269ee71db48954b0155d0355b02",
        "sha256_in_prefix": "fad2061e80462f4566c5eed9679f06e77a0e0269ee71db48954b0155d0355b02",
        "size_in_bytes": 18099
      },
      {
        "_path": "Lib/site-packages/cryptography/hazmat/backends/openssl/rsa.pyc",
        "path_type": "hardlink",
        "sha256": "da30830ea8f14e6bf18664e498eff609ad0e9e9d52319efdadb8c382183f3db4",
        "sha256_in_prefix": "da30830ea8f14e6bf18664e498eff609ad0e9e9d52319efdadb8c382183f3db4",
        "size_in_bytes": 16324
      },
      {
        "_path": "Lib/site-packages/cryptography/hazmat/backends/openssl/utils.py",
        "path_type": "hardlink",
        "sha256": "59097d497427cae8a08e162c80f5f8a903e5a400154b9bcecc8ac3617f44f844",
        "sha256_in_prefix": "59097d497427cae8a08e162c80f5f8a903e5a400154b9bcecc8ac3617f44f844",
        "size_in_bytes": 1399
      },
      {
        "_path": "Lib/site-packages/cryptography/hazmat/backends/openssl/utils.pyc",
        "path_type": "hardlink",
        "sha256": "365f7d6607b115aa58b2676bc462c06918509bd67f2287e73628b21f0a5e13c8",
        "sha256_in_prefix": "365f7d6607b115aa58b2676bc462c06918509bd67f2287e73628b21f0a5e13c8",
        "size_in_bytes": 1794
      },
      {
        "_path": "Lib/site-packages/cryptography/hazmat/backends/openssl/x25519.py",
        "path_type": "hardlink",
        "sha256": "5d840e1b7e80c56d72d62cb96a7153c568999c88e4e078e402ac35f0864cdaeb",
        "sha256_in_prefix": "5d840e1b7e80c56d72d62cb96a7153c568999c88e4e078e402ac35f0864cdaeb",
        "size_in_bytes": 3064
      },
      {
        "_path": "Lib/site-packages/cryptography/hazmat/backends/openssl/x25519.pyc",
        "path_type": "hardlink",
        "sha256": "884fa0aa1d0e698a049e77b26d8a68379f185a61f2981ea805a54b91582988c9",
        "sha256_in_prefix": "884fa0aa1d0e698a049e77b26d8a68379f185a61f2981ea805a54b91582988c9",
        "size_in_bytes": 3465
      },
      {
        "_path": "Lib/site-packages/cryptography/hazmat/backends/openssl/x509.py",
        "path_type": "hardlink",
        "sha256": "d04d2b6f3bfad035c16ee10dece3f7b02a0b27f50c7acad77cae5f216eedfbc8",
        "sha256_in_prefix": "d04d2b6f3bfad035c16ee10dece3f7b02a0b27f50c7acad77cae5f216eedfbc8",
        "size_in_bytes": 18923
      },
      {
        "_path": "Lib/site-packages/cryptography/hazmat/backends/openssl/x509.pyc",
        "path_type": "hardlink",
        "sha256": "8e6187db2298a7235bd803e47b3b9b8254a50fab3ddb55d62871f6578e137f62",
        "sha256_in_prefix": "8e6187db2298a7235bd803e47b3b9b8254a50fab3ddb55d62871f6578e137f62",
        "size_in_bytes": 23559
      },
      {
        "_path": "Lib/site-packages/cryptography/hazmat/bindings/__init__.py",
        "path_type": "hardlink",
        "sha256": "d301b0d8e17d47b7c75fb35610d0a6aec62281b5c7536a23827f8de11923b3d5",
        "sha256_in_prefix": "d301b0d8e17d47b7c75fb35610d0a6aec62281b5c7536a23827f8de11923b3d5",
        "size_in_bytes": 246
      },
      {
        "_path": "Lib/site-packages/cryptography/hazmat/bindings/__init__.pyc",
        "path_type": "hardlink",
        "sha256": "b9226773370a6bf6619fe1ab167d6c1f638b1d70f374074bbf593f5b9d213b1c",
        "sha256_in_prefix": "b9226773370a6bf6619fe1ab167d6c1f638b1d70f374074bbf593f5b9d213b1c",
        "size_in_bytes": 265
      },
      {
        "_path": "Lib/site-packages/cryptography/hazmat/bindings/_constant_time.pyd",
        "path_type": "hardlink",
        "sha256": "aae8b321cc40a1557037f923a0c889eb37ebca5bc5c8dd4a3882d6e644b21b74",
        "sha256_in_prefix": "aae8b321cc40a1557037f923a0c889eb37ebca5bc5c8dd4a3882d6e644b21b74",
        "size_in_bytes": 8192
      },
      {
        "_path": "Lib/site-packages/cryptography/hazmat/bindings/_openssl.pyd",
        "path_type": "hardlink",
        "sha256": "abe6f0894f55a4611075bc50fb5ce3f5cccdf208c8967138b8106a1ef515730c",
        "sha256_in_prefix": "abe6f0894f55a4611075bc50fb5ce3f5cccdf208c8967138b8106a1ef515730c",
        "size_in_bytes": 626688
      },
      {
        "_path": "Lib/site-packages/cryptography/hazmat/bindings/_padding.pyd",
        "path_type": "hardlink",
        "sha256": "cdf8961306c80f7f1b4c22fc00a013ea63e3757c7d0bd89bbc23ae398ea50676",
        "sha256_in_prefix": "cdf8961306c80f7f1b4c22fc00a013ea63e3757c7d0bd89bbc23ae398ea50676",
        "size_in_bytes": 8704
      },
      {
        "_path": "Lib/site-packages/cryptography/hazmat/bindings/openssl/__init__.py",
        "path_type": "hardlink",
        "sha256": "d301b0d8e17d47b7c75fb35610d0a6aec62281b5c7536a23827f8de11923b3d5",
        "sha256_in_prefix": "d301b0d8e17d47b7c75fb35610d0a6aec62281b5c7536a23827f8de11923b3d5",
        "size_in_bytes": 246
      },
      {
        "_path": "Lib/site-packages/cryptography/hazmat/bindings/openssl/__init__.pyc",
        "path_type": "hardlink",
        "sha256": "da0b51dc7c5b5f8edeab8d055ec61447c2afa1f717e78ba3586f50dd364c54c7",
        "sha256_in_prefix": "da0b51dc7c5b5f8edeab8d055ec61447c2afa1f717e78ba3586f50dd364c54c7",
        "size_in_bytes": 273
      },
      {
        "_path": "Lib/site-packages/cryptography/hazmat/bindings/openssl/_conditional.py",
        "path_type": "hardlink",
        "sha256": "a3b713f291a3fb6ac1ed837e114189361b3b0de148af9f0037787d30ae6e5a8d",
        "sha256_in_prefix": "a3b713f291a3fb6ac1ed837e114189361b3b0de148af9f0037787d30ae6e5a8d",
        "size_in_bytes": 7692
      },
      {
        "_path": "Lib/site-packages/cryptography/hazmat/bindings/openssl/_conditional.pyc",
        "path_type": "hardlink",
        "sha256": "60b28f8b2fb5dac2646420050eab091ed62d24cf9188571fce182e4ed082df3d",
        "sha256_in_prefix": "60b28f8b2fb5dac2646420050eab091ed62d24cf9188571fce182e4ed082df3d",
        "size_in_bytes": 10261
      },
      {
        "_path": "Lib/site-packages/cryptography/hazmat/bindings/openssl/binding.py",
        "path_type": "hardlink",
        "sha256": "a6064d143971de02c7a2bcf86471d4b40f8b1101a2d5d6d8506ed643af2d9e9d",
        "sha256_in_prefix": "a6064d143971de02c7a2bcf86471d4b40f8b1101a2d5d6d8506ed643af2d9e9d",
        "size_in_bytes": 5496
      },
      {
        "_path": "Lib/site-packages/cryptography/hazmat/bindings/openssl/binding.pyc",
        "path_type": "hardlink",
        "sha256": "b0fcc3dbfc0ebdadb1f2db29b14adf2b51d47729402044096e6426a2d0209b84",
        "sha256_in_prefix": "b0fcc3dbfc0ebdadb1f2db29b14adf2b51d47729402044096e6426a2d0209b84",
        "size_in_bytes": 5591
      },
      {
        "_path": "Lib/site-packages/cryptography/hazmat/primitives/__init__.py",
        "path_type": "hardlink",
        "sha256": "d301b0d8e17d47b7c75fb35610d0a6aec62281b5c7536a23827f8de11923b3d5",
        "sha256_in_prefix": "d301b0d8e17d47b7c75fb35610d0a6aec62281b5c7536a23827f8de11923b3d5",
        "size_in_bytes": 246
      },
      {
        "_path": "Lib/site-packages/cryptography/hazmat/primitives/__init__.pyc",
        "path_type": "hardlink",
        "sha256": "ba6b21e22dd73a03a556778bed0c560aab19fee2dec916f08acc066db608492c",
        "sha256_in_prefix": "ba6b21e22dd73a03a556778bed0c560aab19fee2dec916f08acc066db608492c",
        "size_in_bytes": 267
      },
      {
        "_path": "Lib/site-packages/cryptography/hazmat/primitives/asymmetric/__init__.py",
        "path_type": "hardlink",
        "sha256": "5a1527ded1b1a0b031180b191c4949d9a3882d74a1e790198b4e0c06e7589900",
        "sha256_in_prefix": "5a1527ded1b1a0b031180b191c4949d9a3882d74a1e790198b4e0c06e7589900",
        "size_in_bytes": 1020
      },
      {
        "_path": "Lib/site-packages/cryptography/hazmat/primitives/asymmetric/__init__.pyc",
        "path_type": "hardlink",
        "sha256": "6081d8dae5d014f550eb5d01841f45106a4bdca089e82181efbcff222f4fed6f",
        "sha256_in_prefix": "6081d8dae5d014f550eb5d01841f45106a4bdca089e82181efbcff222f4fed6f",
        "size_in_bytes": 1969
      },
      {
        "_path": "Lib/site-packages/cryptography/hazmat/primitives/asymmetric/dh.py",
        "path_type": "hardlink",
        "sha256": "e97974d5b8d354714271d26bdcf876710ee1c6461879daa6f927a4669c679ed6",
        "sha256_in_prefix": "e97974d5b8d354714271d26bdcf876710ee1c6461879daa6f927a4669c679ed6",
        "size_in_bytes": 5454
      },
      {
        "_path": "Lib/site-packages/cryptography/hazmat/primitives/asymmetric/dh.pyc",
        "path_type": "hardlink",
        "sha256": "69194e7775523b8f0c18dea68ad158c07c43e7d91bf2ef978500e5b53a53c5e3",
        "sha256_in_prefix": "69194e7775523b8f0c18dea68ad158c07c43e7d91bf2ef978500e5b53a53c5e3",
        "size_in_bytes": 9079
      },
      {
        "_path": "Lib/site-packages/cryptography/hazmat/primitives/asymmetric/dsa.py",
        "path_type": "hardlink",
        "sha256": "bb32bbaa97b406da8792054b4ab346b6c91ad70dc949437fb99a7a5c00392cc6",
        "sha256_in_prefix": "bb32bbaa97b406da8792054b4ab346b6c91ad70dc949437fb99a7a5c00392cc6",
        "size_in_bytes": 6891
      },
      {
        "_path": "Lib/site-packages/cryptography/hazmat/primitives/asymmetric/dsa.pyc",
        "path_type": "hardlink",
        "sha256": "4e95cdcad2acd37ec3a187507b4b913aa93beda7642a34f703d157d57742b04d",
        "sha256_in_prefix": "4e95cdcad2acd37ec3a187507b4b913aa93beda7642a34f703d157d57742b04d",
        "size_in_bytes": 11457
      },
      {
        "_path": "Lib/site-packages/cryptography/hazmat/primitives/asymmetric/ec.py",
        "path_type": "hardlink",
        "sha256": "f5dda556c6229c4fefed73c7a1f365e43779e6e0a0a6ce1839c80e13cfdb6db3",
        "sha256_in_prefix": "f5dda556c6229c4fefed73c7a1f365e43779e6e0a0a6ce1839c80e13cfdb6db3",
        "size_in_bytes": 10305
      },
      {
        "_path": "Lib/site-packages/cryptography/hazmat/primitives/asymmetric/ec.pyc",
        "path_type": "hardlink",
        "sha256": "d9885f2102a1c741d7f53806ce9f10a32d98ffe0cf0f226a4d50c82b467bbef2",
        "sha256_in_prefix": "d9885f2102a1c741d7f53806ce9f10a32d98ffe0cf0f226a4d50c82b467bbef2",
        "size_in_bytes": 17112
      },
      {
        "_path": "Lib/site-packages/cryptography/hazmat/primitives/asymmetric/padding.py",
        "path_type": "hardlink",
        "sha256": "68265ab54e7eabf596e6f6b305678a3c5f1965ad0023c856cdb25a5513774562",
        "sha256_in_prefix": "68265ab54e7eabf596e6f6b305678a3c5f1965ad0023c856cdb25a5513774562",
        "size_in_bytes": 2261
      },
      {
        "_path": "Lib/site-packages/cryptography/hazmat/primitives/asymmetric/padding.pyc",
        "path_type": "hardlink",
        "sha256": "d3e3102a130c708f5345d530f0077fc260b819a971f7c550c4449fbfb3a9b2f1",
        "sha256_in_prefix": "d3e3102a130c708f5345d530f0077fc260b819a971f7c550c4449fbfb3a9b2f1",
        "size_in_bytes": 3794
      },
      {
        "_path": "Lib/site-packages/cryptography/hazmat/primitives/asymmetric/rsa.py",
        "path_type": "hardlink",
        "sha256": "57b30a2b6f41a4d185d9fdee584b371cf61b1ae2f762d0c5ba3be3150ae57b44",
        "sha256_in_prefix": "57b30a2b6f41a4d185d9fdee584b371cf61b1ae2f762d0c5ba3be3150ae57b44",
        "size_in_bytes": 10317
      },
      {
        "_path": "Lib/site-packages/cryptography/hazmat/primitives/asymmetric/rsa.pyc",
        "path_type": "hardlink",
        "sha256": "55ada5d239f863562b027510a0d3c2fd108a494e883aa3a4b7a9639f7a6281ba",
        "sha256_in_prefix": "55ada5d239f863562b027510a0d3c2fd108a494e883aa3a4b7a9639f7a6281ba",
        "size_in_bytes": 13283
      },
      {
        "_path": "Lib/site-packages/cryptography/hazmat/primitives/asymmetric/utils.py",
        "path_type": "hardlink",
        "sha256": "c7b6dc5f72ffc0b919a9d70e7d474323bd1276f512acfa252efffa911b456a39",
        "sha256_in_prefix": "c7b6dc5f72ffc0b919a9d70e7d474323bd1276f512acfa252efffa911b456a39",
        "size_in_bytes": 1720
      },
      {
        "_path": "Lib/site-packages/cryptography/hazmat/primitives/asymmetric/utils.pyc",
        "path_type": "hardlink",
        "sha256": "7e7b34b9dec73584230acb9a2e10300067a8ea56c45016120641289817cb07e4",
        "sha256_in_prefix": "7e7b34b9dec73584230acb9a2e10300067a8ea56c45016120641289817cb07e4",
        "size_in_bytes": 2656
      },
      {
        "_path": "Lib/site-packages/cryptography/hazmat/primitives/asymmetric/x25519.py",
        "path_type": "hardlink",
        "sha256": "7f84e27f5fecaa64d10bdb81c99d9e89b8a32396871591944358e0406e5baa6a",
        "sha256_in_prefix": "7f84e27f5fecaa64d10bdb81c99d9e89b8a32396871591944358e0406e5baa6a",
        "size_in_bytes": 1652
      },
      {
        "_path": "Lib/site-packages/cryptography/hazmat/primitives/asymmetric/x25519.pyc",
        "path_type": "hardlink",
        "sha256": "14cc85e3380336aa3c7b218812db4fd8873b2d458fe062f870b8bc9735912518",
        "sha256_in_prefix": "14cc85e3380336aa3c7b218812db4fd8873b2d458fe062f870b8bc9735912518",
        "size_in_bytes": 2704
      },
      {
        "_path": "Lib/site-packages/cryptography/hazmat/primitives/ciphers/__init__.py",
        "path_type": "hardlink",
        "sha256": "4316b17a37857f3e823e123573888dabfec3b22078d58fd0fae2dfccec7b7eff",
        "sha256_in_prefix": "4316b17a37857f3e823e123573888dabfec3b22078d58fd0fae2dfccec7b7eff",
        "size_in_bytes": 626
      },
      {
        "_path": "Lib/site-packages/cryptography/hazmat/primitives/ciphers/__init__.pyc",
        "path_type": "hardlink",
        "sha256": "b290434c13b353925780a2f699e78e585440cc0c2ede12029c61c948877dd789",
        "sha256_in_prefix": "b290434c13b353925780a2f699e78e585440cc0c2ede12029c61c948877dd789",
        "size_in_bytes": 653
      },
      {
        "_path": "Lib/site-packages/cryptography/hazmat/primitives/ciphers/aead.py",
        "path_type": "hardlink",
        "sha256": "61bbb93d977ee383a0732255b3ad7ecc9ff31fd3d429172411800f71d52a5fbc",
        "sha256_in_prefix": "61bbb93d977ee383a0732255b3ad7ecc9ff31fd3d429172411800f71d52a5fbc",
        "size_in_bytes": 6409
      },
      {
        "_path": "Lib/site-packages/cryptography/hazmat/primitives/ciphers/aead.pyc",
        "path_type": "hardlink",
        "sha256": "9874b0572833d26bb8d6623f13c1c90eeed62d06f5c7814ef4cca48d66c91383",
        "sha256_in_prefix": "9874b0572833d26bb8d6623f13c1c90eeed62d06f5c7814ef4cca48d66c91383",
        "size_in_bytes": 7458
      },
      {
        "_path": "Lib/site-packages/cryptography/hazmat/primitives/ciphers/algorithms.py",
        "path_type": "hardlink",
        "sha256": "6a424588f7700d3d4e308ca194c59b095aacd24b5a073139978753da21be2c97",
        "sha256_in_prefix": "6a424588f7700d3d4e308ca194c59b095aacd24b5a073139978753da21be2c97",
        "size_in_bytes": 4233
      },
      {
        "_path": "Lib/site-packages/cryptography/hazmat/primitives/ciphers/algorithms.pyc",
        "path_type": "hardlink",
        "sha256": "a915784237caa23ecc19b775beae0124a17db58ba54030e43649efba4b18f22d",
        "sha256_in_prefix": "a915784237caa23ecc19b775beae0124a17db58ba54030e43649efba4b18f22d",
        "size_in_bytes": 7784
      },
      {
        "_path": "Lib/site-packages/cryptography/hazmat/primitives/ciphers/base.py",
        "path_type": "hardlink",
        "sha256": "28e313888efe4cf7fd10db3fd081ee67f901907cf5c2299d0c6ff191f6dd9c06",
        "sha256_in_prefix": "28e313888efe4cf7fd10db3fd081ee67f901907cf5c2299d0c6ff191f6dd9c06",
        "size_in_bytes": 7148
      },
      {
        "_path": "Lib/site-packages/cryptography/hazmat/primitives/ciphers/base.pyc",
        "path_type": "hardlink",
        "sha256": "d0cb21f0cc1c65c93a2341a18521dfafe679467ae93663f395aa7a307b289d33",
        "sha256_in_prefix": "d0cb21f0cc1c65c93a2341a18521dfafe679467ae93663f395aa7a307b289d33",
        "size_in_bytes": 10931
      },
      {
        "_path": "Lib/site-packages/cryptography/hazmat/primitives/ciphers/modes.py",
        "path_type": "hardlink",
        "sha256": "5a2a4fec9b48a2055aaee82ec71363d05522ec6223815d5cad6ff26e296c4c5f",
        "sha256_in_prefix": "5a2a4fec9b48a2055aaee82ec71363d05522ec6223815d5cad6ff26e296c4c5f",
        "size_in_bytes": 7027
      },
      {
        "_path": "Lib/site-packages/cryptography/hazmat/primitives/ciphers/modes.pyc",
        "path_type": "hardlink",
        "sha256": "0eb042cf2f09795880643bf465702408634c8adbf9ea942d265281b0428527cf",
        "sha256_in_prefix": "0eb042cf2f09795880643bf465702408634c8adbf9ea942d265281b0428527cf",
        "size_in_bytes": 9856
      },
      {
        "_path": "Lib/site-packages/cryptography/hazmat/primitives/cmac.py",
        "path_type": "hardlink",
        "sha256": "8d7bffeca99a09e9362cd3806d75e9d1bcc0dccb6ce9f7ffa160459c555796ea",
        "sha256_in_prefix": "8d7bffeca99a09e9362cd3806d75e9d1bcc0dccb6ce9f7ffa160459c555796ea",
        "size_in_bytes": 2221
      },
      {
        "_path": "Lib/site-packages/cryptography/hazmat/primitives/cmac.pyc",
        "path_type": "hardlink",
        "sha256": "26c4283473e347a00a8bc1b88b16f40df2c26ff3947db4294b10ed84b04300f2",
        "sha256_in_prefix": "26c4283473e347a00a8bc1b88b16f40df2c26ff3947db4294b10ed84b04300f2",
        "size_in_bytes": 2849
      },
      {
        "_path": "Lib/site-packages/cryptography/hazmat/primitives/constant_time.py",
        "path_type": "hardlink",
        "sha256": "dbe3af76f1b4aef6914f44a9b79be2e6b9aa054258cfcf55b8adf67264b618d0",
        "sha256_in_prefix": "dbe3af76f1b4aef6914f44a9b79be2e6b9aa054258cfcf55b8adf67264b618d0",
        "size_in_bytes": 1124
      },
      {
        "_path": "Lib/site-packages/cryptography/hazmat/primitives/constant_time.pyc",
        "path_type": "hardlink",
        "sha256": "6660cb01e5fea0c23cc9fe3d3cda3dc5c41c1b6770283f2fff71d8a38634dc7d",
        "sha256_in_prefix": "6660cb01e5fea0c23cc9fe3d3cda3dc5c41c1b6770283f2fff71d8a38634dc7d",
        "size_in_bytes": 1422
      },
      {
        "_path": "Lib/site-packages/cryptography/hazmat/primitives/hashes.py",
        "path_type": "hardlink",
        "sha256": "34a842b4da526d230b623a3b9908db40b4c1450174c0bdc74d8f81a894aa412f",
        "sha256_in_prefix": "34a842b4da526d230b623a3b9908db40b4c1450174c0bdc74d8f81a894aa412f",
        "size_in_bytes": 4676
      },
      {
        "_path": "Lib/site-packages/cryptography/hazmat/primitives/hashes.pyc",
        "path_type": "hardlink",
        "sha256": "3a2226e53d3d5eabba526c3e12e04fd6ca49b48eb39592f60a9711148fdadac3",
        "sha256_in_prefix": "3a2226e53d3d5eabba526c3e12e04fd6ca49b48eb39592f60a9711148fdadac3",
        "size_in_bytes": 7205
      },
      {
        "_path": "Lib/site-packages/cryptography/hazmat/primitives/hmac.py",
        "path_type": "hardlink",
        "sha256": "f3cb0d807dfeb7a90a54020bb31d52be31c1958bb3ebf8b7e212dfd99e54f38b",
        "sha256_in_prefix": "f3cb0d807dfeb7a90a54020bb31d52be31c1958bb3ebf8b7e212dfd99e54f38b",
        "size_in_bytes": 2339
      },
      {
        "_path": "Lib/site-packages/cryptography/hazmat/primitives/hmac.pyc",
        "path_type": "hardlink",
        "sha256": "5d41ae09659e3edda16ad47acf1daa82d963ff721c16986850d2b7d555644b09",
        "sha256_in_prefix": "5d41ae09659e3edda16ad47acf1daa82d963ff721c16986850d2b7d555644b09",
        "size_in_bytes": 2979
      },
      {
        "_path": "Lib/site-packages/cryptography/hazmat/primitives/kdf/__init__.py",
        "path_type": "hardlink",
        "sha256": "9e87791e33ecc2366bf30169e93b2ee9e9fd6e51d8177921817239474cc87273",
        "sha256_in_prefix": "9e87791e33ecc2366bf30169e93b2ee9e9fd6e51d8177921817239474cc87273",
        "size_in_bytes": 771
      },
      {
        "_path": "Lib/site-packages/cryptography/hazmat/primitives/kdf/__init__.pyc",
        "path_type": "hardlink",
        "sha256": "0d320257ca392dc61d129ab3b21b079f6044f847693470be0394830d6e335c57",
        "sha256_in_prefix": "0d320257ca392dc61d129ab3b21b079f6044f847693470be0394830d6e335c57",
        "size_in_bytes": 1281
      },
      {
        "_path": "Lib/site-packages/cryptography/hazmat/primitives/kdf/concatkdf.py",
        "path_type": "hardlink",
        "sha256": "593a285930241d40ad68c014a2e025b8d6e0ef5a97c4f8ff0072f2b919cf0d1f",
        "sha256_in_prefix": "593a285930241d40ad68c014a2e025b8d6e0ef5a97c4f8ff0072f2b919cf0d1f",
        "size_in_bytes": 4109
      },
      {
        "_path": "Lib/site-packages/cryptography/hazmat/primitives/kdf/concatkdf.pyc",
        "path_type": "hardlink",
        "sha256": "d787b093fe4b43d44944d40e57692c5fa0d730fbe9988fb837367706c7b2c2c7",
        "sha256_in_prefix": "d787b093fe4b43d44944d40e57692c5fa0d730fbe9988fb837367706c7b2c2c7",
        "size_in_bytes": 5236
      },
      {
        "_path": "Lib/site-packages/cryptography/hazmat/primitives/kdf/hkdf.py",
        "path_type": "hardlink",
        "sha256": "4a500a14a152ea3a3091f3bcc0cbb6ef06b6ebc44f7a461542979dab66f78899",
        "sha256_in_prefix": "4a500a14a152ea3a3091f3bcc0cbb6ef06b6ebc44f7a461542979dab66f78899",
        "size_in_bytes": 3660
      },
      {
        "_path": "Lib/site-packages/cryptography/hazmat/primitives/kdf/hkdf.pyc",
        "path_type": "hardlink",
        "sha256": "248580fbf5af523fd55d8acf64911fdde5f9a2e40c67e5927c66ac8b8a7d03bb",
        "sha256_in_prefix": "248580fbf5af523fd55d8acf64911fdde5f9a2e40c67e5927c66ac8b8a7d03bb",
        "size_in_bytes": 4440
      },
      {
        "_path": "Lib/site-packages/cryptography/hazmat/primitives/kdf/kbkdf.py",
        "path_type": "hardlink",
        "sha256": "4afb80aabbf56594fe006fa98a64d7647e13b4fe36e77e6d5da41ba1c905abfd",
        "sha256_in_prefix": "4afb80aabbf56594fe006fa98a64d7647e13b4fe36e77e6d5da41ba1c905abfd",
        "size_in_bytes": 5025
      },
      {
        "_path": "Lib/site-packages/cryptography/hazmat/primitives/kdf/kbkdf.pyc",
        "path_type": "hardlink",
        "sha256": "2385fd8c9ec045729b5c979dc6cdcf4e663ae60e0fbdc1147c572d9611c85cfe",
        "sha256_in_prefix": "2385fd8c9ec045729b5c979dc6cdcf4e663ae60e0fbdc1147c572d9611c85cfe",
        "size_in_bytes": 5182
      },
      {
        "_path": "Lib/site-packages/cryptography/hazmat/primitives/kdf/pbkdf2.py",
        "path_type": "hardlink",
        "sha256": "62214d0c8e026c6447d0e4170cc5c6f037d86a9df6bed8ef03e668fa7fe8004e",
        "sha256_in_prefix": "62214d0c8e026c6447d0e4170cc5c6f037d86a9df6bed8ef03e668fa7fe8004e",
        "size_in_bytes": 2185
      },
      {
        "_path": "Lib/site-packages/cryptography/hazmat/primitives/kdf/pbkdf2.pyc",
        "path_type": "hardlink",
        "sha256": "0c345d5a3fbd3a634121aef7b37a0ca809cbf4f318a3bca658aea6bd07220fe0",
        "sha256_in_prefix": "0c345d5a3fbd3a634121aef7b37a0ca809cbf4f318a3bca658aea6bd07220fe0",
        "size_in_bytes": 2573
      },
      {
        "_path": "Lib/site-packages/cryptography/hazmat/primitives/kdf/scrypt.py",
        "path_type": "hardlink",
        "sha256": "699564605c3d5ea3c22278c069d9f39587cfc377e2d823860deeee6ee62345e8",
        "sha256_in_prefix": "699564605c3d5ea3c22278c069d9f39587cfc377e2d823860deeee6ee62345e8",
        "size_in_bytes": 2252
      },
      {
        "_path": "Lib/site-packages/cryptography/hazmat/primitives/kdf/scrypt.pyc",
        "path_type": "hardlink",
        "sha256": "99e6997ce86b5e26dd2ba36bb6d6cb2a13db752be644b227c436bbd087f90721",
        "sha256_in_prefix": "99e6997ce86b5e26dd2ba36bb6d6cb2a13db752be644b227c436bbd087f90721",
        "size_in_bytes": 2717
      },
      {
        "_path": "Lib/site-packages/cryptography/hazmat/primitives/kdf/x963kdf.py",
        "path_type": "hardlink",
        "sha256": "c8e2b6a809564c7001548bf04f9e6397f07a511e442f22c595c56d1f5e87c467",
        "sha256_in_prefix": "c8e2b6a809564c7001548bf04f9e6397f07a511e442f22c595c56d1f5e87c467",
        "size_in_bytes": 2363
      },
      {
        "_path": "Lib/site-packages/cryptography/hazmat/primitives/kdf/x963kdf.pyc",
        "path_type": "hardlink",
        "sha256": "31193e427094046e7217e8de8bb41f89d28bf1cd802b08cedbf39571feb91116",
        "sha256_in_prefix": "31193e427094046e7217e8de8bb41f89d28bf1cd802b08cedbf39571feb91116",
        "size_in_bytes": 3008
      },
      {
        "_path": "Lib/site-packages/cryptography/hazmat/primitives/keywrap.py",
        "path_type": "hardlink",
        "sha256": "2ea8e4548b3bb9be48e60c266126fd21ad1575732a5961e69ca49d43b1ce1840",
        "sha256_in_prefix": "2ea8e4548b3bb9be48e60c266126fd21ad1575732a5961e69ca49d43b1ce1840",
        "size_in_bytes": 5462
      },
      {
        "_path": "Lib/site-packages/cryptography/hazmat/primitives/keywrap.pyc",
        "path_type": "hardlink",
        "sha256": "4cb11826ea8a0c0d70cbad9983aa3d4a0405ff7b22bac1f0d49bba34907e2c34",
        "sha256_in_prefix": "4cb11826ea8a0c0d70cbad9983aa3d4a0405ff7b22bac1f0d49bba34907e2c34",
        "size_in_bytes": 5153
      },
      {
        "_path": "Lib/site-packages/cryptography/hazmat/primitives/mac.py",
        "path_type": "hardlink",
        "sha256": "7602e837a3dd03f42aa30c01fd1cd2784a898c83e702a4d44f18a8fbc0853fef",
        "sha256_in_prefix": "7602e837a3dd03f42aa30c01fd1cd2784a898c83e702a4d44f18a8fbc0853fef",
        "size_in_bytes": 884
      },
      {
        "_path": "Lib/site-packages/cryptography/hazmat/primitives/mac.pyc",
        "path_type": "hardlink",
        "sha256": "fb8a3f17b01a1869db2ed0efda26ec75c5ffa7dc10c0d73c71f9d88738fbbd78",
        "sha256_in_prefix": "fb8a3f17b01a1869db2ed0efda26ec75c5ffa7dc10c0d73c71f9d88738fbbd78",
        "size_in_bytes": 1577
      },
      {
        "_path": "Lib/site-packages/cryptography/hazmat/primitives/padding.py",
        "path_type": "hardlink",
        "sha256": "8e8085330548f0c9c74fbe467146889e8c75ad878baa37780ed64b1018580656",
        "sha256_in_prefix": "8e8085330548f0c9c74fbe467146889e8c75ad878baa37780ed64b1018580656",
        "size_in_bytes": 5736
      },
      {
        "_path": "Lib/site-packages/cryptography/hazmat/primitives/padding.pyc",
        "path_type": "hardlink",
        "sha256": "d5925739f21051c2ca544f442e0a9aa6869d7a1f519d21ee9308bb97c9b6658a",
        "sha256_in_prefix": "d5925739f21051c2ca544f442e0a9aa6869d7a1f519d21ee9308bb97c9b6658a",
        "size_in_bytes": 8791
      },
      {
        "_path": "Lib/site-packages/cryptography/hazmat/primitives/serialization.py",
        "path_type": "hardlink",
        "sha256": "ab403ad6a7a96357028c0ac29991dd11d7ada069684784b3cd0f8869a747f310",
        "sha256_in_prefix": "ab403ad6a7a96357028c0ac29991dd11d7ada069684784b3cd0f8869a747f310",
        "size_in_bytes": 5513
      },
      {
        "_path": "Lib/site-packages/cryptography/hazmat/primitives/serialization.pyc",
        "path_type": "hardlink",
        "sha256": "1fc3add753bbc150cdc44454a4b4aa9796d7136a27eee81d7fb09b63304a9be6",
        "sha256_in_prefix": "1fc3add753bbc150cdc44454a4b4aa9796d7136a27eee81d7fb09b63304a9be6",
        "size_in_bytes": 8323
      },
      {
        "_path": "Lib/site-packages/cryptography/hazmat/primitives/twofactor/__init__.py",
        "path_type": "hardlink",
        "sha256": "056ae6dc3283a006b6f3513b53f9f3cfcbf8e0e9808979a523270572c7a1c1f1",
        "sha256_in_prefix": "056ae6dc3283a006b6f3513b53f9f3cfcbf8e0e9808979a523270572c7a1c1f1",
        "size_in_bytes": 288
      },
      {
        "_path": "Lib/site-packages/cryptography/hazmat/primitives/twofactor/__init__.pyc",
        "path_type": "hardlink",
        "sha256": "c7d641113d1e533b85a1c0f6f7e8d84537cb872a09f46302cbcb38072ae7a497",
        "sha256_in_prefix": "c7d641113d1e533b85a1c0f6f7e8d84537cb872a09f46302cbcb38072ae7a497",
        "size_in_bytes": 511
      },
      {
        "_path": "Lib/site-packages/cryptography/hazmat/primitives/twofactor/hotp.py",
        "path_type": "hardlink",
        "sha256": "ebf1272a5fb346cd32097b87c5086cd931241daa6b5b16677c91ab423b394488",
        "sha256_in_prefix": "ebf1272a5fb346cd32097b87c5086cd931241daa6b5b16677c91ab423b394488",
        "size_in_bytes": 2589
      },
      {
        "_path": "Lib/site-packages/cryptography/hazmat/primitives/twofactor/hotp.pyc",
        "path_type": "hardlink",
        "sha256": "3a7515122cb84c2f2636d302f3d2c2a3cf69b81c2d2427243ecdb4099b205f49",
        "sha256_in_prefix": "3a7515122cb84c2f2636d302f3d2c2a3cf69b81c2d2427243ecdb4099b205f49",
        "size_in_bytes": 3472
      },
      {
        "_path": "Lib/site-packages/cryptography/hazmat/primitives/twofactor/totp.py",
        "path_type": "hardlink",
        "sha256": "28bdc0e1b8e9a9aab29d061df617cf564bece6f615a9fd49569b9c117eff75d3",
        "sha256_in_prefix": "28bdc0e1b8e9a9aab29d061df617cf564bece6f615a9fd49569b9c117eff75d3",
        "size_in_bytes": 1594
      },
      {
        "_path": "Lib/site-packages/cryptography/hazmat/primitives/twofactor/totp.pyc",
        "path_type": "hardlink",
        "sha256": "88b9c26eee024253a94524629e0f50897af85de29b36733d1f2e4b9dfbd30480",
        "sha256_in_prefix": "88b9c26eee024253a94524629e0f50897af85de29b36733d1f2e4b9dfbd30480",
        "size_in_bytes": 2349
      },
      {
        "_path": "Lib/site-packages/cryptography/hazmat/primitives/twofactor/utils.py",
        "path_type": "hardlink",
        "sha256": "ef5817d5b25e3fd4d06be1db48fcde514270558efc00b61036fbaeb249d43b85",
        "sha256_in_prefix": "ef5817d5b25e3fd4d06be1db48fcde514270558efc00b61036fbaeb249d43b85",
        "size_in_bytes": 954
      },
      {
        "_path": "Lib/site-packages/cryptography/hazmat/primitives/twofactor/utils.pyc",
        "path_type": "hardlink",
        "sha256": "db219ac20da8ed7d945c40f8cd851b66d5c1a0f7fd9ac9d398be0dc97cced069",
        "sha256_in_prefix": "db219ac20da8ed7d945c40f8cd851b66d5c1a0f7fd9ac9d398be0dc97cced069",
        "size_in_bytes": 1112
      },
      {
        "_path": "Lib/site-packages/cryptography/utils.py",
        "path_type": "hardlink",
        "sha256": "52ec928fda0ea1308ce0d2948d291e2c22adf695721bc0b18bf6606943791eb9",
        "sha256_in_prefix": "52ec928fda0ea1308ce0d2948d291e2c22adf695721bc0b18bf6606943791eb9",
        "size_in_bytes": 4798
      },
      {
        "_path": "Lib/site-packages/cryptography/utils.pyc",
        "path_type": "hardlink",
        "sha256": "34ad12ca21b94a4a337d01e5239edae6a353130347092fd7d9d08d56fddfdecb",
        "sha256_in_prefix": "34ad12ca21b94a4a337d01e5239edae6a353130347092fd7d9d08d56fddfdecb",
        "size_in_bytes": 6549
      },
      {
        "_path": "Lib/site-packages/cryptography/x509/__init__.py",
        "path_type": "hardlink",
        "sha256": "28030a09174c5c3a211cab3d1a80ed010acebe23995d7c1dfe5b774ef7198824",
        "sha256_in_prefix": "28030a09174c5c3a211cab3d1a80ed010acebe23995d7c1dfe5b774ef7198824",
        "size_in_bytes": 7179
      },
      {
        "_path": "Lib/site-packages/cryptography/x509/__init__.pyc",
        "path_type": "hardlink",
        "sha256": "69130556da25d429b4f8abbb75c8e71f42dbbbb9a1141f6b3c7803fb0dcb4cd8",
        "sha256_in_prefix": "69130556da25d429b4f8abbb75c8e71f42dbbbb9a1141f6b3c7803fb0dcb4cd8",
        "size_in_bytes": 7207
      },
      {
        "_path": "Lib/site-packages/cryptography/x509/base.py",
        "path_type": "hardlink",
        "sha256": "278e32675e47836a805cc2bd540125bc4b20d39919d8e674a77237ccbcc6c58d",
        "sha256_in_prefix": "278e32675e47836a805cc2bd540125bc4b20d39919d8e674a77237ccbcc6c58d",
        "size_in_bytes": 23698
      },
      {
        "_path": "Lib/site-packages/cryptography/x509/base.pyc",
        "path_type": "hardlink",
        "sha256": "650633e5d90a4c35888d0c2b0312de1a2f091c3d9488e763668abeeefcc3ca3b",
        "sha256_in_prefix": "650633e5d90a4c35888d0c2b0312de1a2f091c3d9488e763668abeeefcc3ca3b",
        "size_in_bytes": 27461
      },
      {
        "_path": "Lib/site-packages/cryptography/x509/certificate_transparency.py",
        "path_type": "hardlink",
        "sha256": "789f65ac84ddc8c9f85ecadc55dad3685548fd147b997fd5ccc67289a1296e9b",
        "sha256_in_prefix": "789f65ac84ddc8c9f85ecadc55dad3685548fd147b997fd5ccc67289a1296e9b",
        "size_in_bytes": 1000
      },
      {
        "_path": "Lib/site-packages/cryptography/x509/certificate_transparency.pyc",
        "path_type": "hardlink",
        "sha256": "00252fb6248eeba70e25289a8b0f8111159cdd9af9f337b11dd49a5e3dd00a0c",
        "sha256_in_prefix": "00252fb6248eeba70e25289a8b0f8111159cdd9af9f337b11dd49a5e3dd00a0c",
        "size_in_bytes": 2110
      },
      {
        "_path": "Lib/site-packages/cryptography/x509/extensions.py",
        "path_type": "hardlink",
        "sha256": "3da5942b02de95a384a2e8e0dea2a24e87693c716e92ce05fe427dc32ecf6aa4",
        "sha256_in_prefix": "3da5942b02de95a384a2e8e0dea2a24e87693c716e92ce05fe427dc32ecf6aa4",
        "size_in_bytes": 43668
      },
      {
        "_path": "Lib/site-packages/cryptography/x509/extensions.pyc",
        "path_type": "hardlink",
        "sha256": "dbb8b70745e5794704e35a5c439139bf285e7ae129935366d11e1ab702990716",
        "sha256_in_prefix": "dbb8b70745e5794704e35a5c439139bf285e7ae129935366d11e1ab702990716",
        "size_in_bytes": 59927
      },
      {
        "_path": "Lib/site-packages/cryptography/x509/general_name.py",
        "path_type": "hardlink",
        "sha256": "b9702dec8fb9651dd4b7c1049780955533f1f4e8e439c629de6e84634f8b35ee",
        "sha256_in_prefix": "b9702dec8fb9651dd4b7c1049780955533f1f4e8e439c629de6e84634f8b35ee",
        "size_in_bytes": 9887
      },
      {
        "_path": "Lib/site-packages/cryptography/x509/general_name.pyc",
        "path_type": "hardlink",
        "sha256": "67fe72f750b225865eb94499a7c2b84a44a2fce47ae6530e62bcb328b0ac0d14",
        "sha256_in_prefix": "67fe72f750b225865eb94499a7c2b84a44a2fce47ae6530e62bcb328b0ac0d14",
        "size_in_bytes": 13901
      },
      {
        "_path": "Lib/site-packages/cryptography/x509/name.py",
        "path_type": "hardlink",
        "sha256": "412654c1fc462242aaa8a2a0466687c8b47fb81f4cd242778d169059bea2fb0f",
        "sha256_in_prefix": "412654c1fc462242aaa8a2a0466687c8b47fb81f4cd242778d169059bea2fb0f",
        "size_in_bytes": 5878
      },
      {
        "_path": "Lib/site-packages/cryptography/x509/name.pyc",
        "path_type": "hardlink",
        "sha256": "8fcae16ba0b884fd75abc5a2acd728e3372f3e6b6a95cb62d8b9be62da765c59",
        "sha256_in_prefix": "8fcae16ba0b884fd75abc5a2acd728e3372f3e6b6a95cb62d8b9be62da765c59",
        "size_in_bytes": 8213
      },
      {
        "_path": "Lib/site-packages/cryptography/x509/oid.py",
        "path_type": "hardlink",
        "sha256": "7142e3751412516eef49394794f9754f90a7955c6b57c4c658a3c1f82edbea5c",
        "sha256_in_prefix": "7142e3751412516eef49394794f9754f90a7955c6b57c4c658a3c1f82edbea5c",
        "size_in_bytes": 12050
      },
      {
        "_path": "Lib/site-packages/cryptography/x509/oid.pyc",
        "path_type": "hardlink",
        "sha256": "bf0a29eacb6e514df4247a2ae57a3fec181fb8151413bde7432877e1a4edc2e4",
        "sha256_in_prefix": "bf0a29eacb6e514df4247a2ae57a3fec181fb8151413bde7432877e1a4edc2e4",
        "size_in_bytes": 10971
      }
    ],
    "paths_version": 1
  },
  "platform": "win32",
  "requested_spec": "None",
  "size": 504139,
  "subdir": "win-64",
  "timestamp": 1534283486794,
  "track_features": "",
  "url": "https://conda.anaconda.org/conda-forge/win-64/cryptography-2.3.1-py27hc64555f_0.tar.bz2",
  "version": "2.3.1"
}