{
  "build": "py_0",
  "build_number": 0,
  "channel": "https://conda.anaconda.org/conda-forge/noarch",
  "constrains": [],
  "depends": [
    "python"
  ],
  "extracted_package_dir": "C:\\Users\\Fabiano\\Anaconda2\\pkgs\\cssselect-1.0.3-py_0",
  "features": "",
  "files": [
    "Lib/site-packages/cssselect-1.0.3-py3.6.egg-info/PKG-INFO",
    "Lib/site-packages/cssselect-1.0.3-py3.6.egg-info/SOURCES.txt",
    "Lib/site-packages/cssselect-1.0.3-py3.6.egg-info/dependency_links.txt",
    "Lib/site-packages/cssselect-1.0.3-py3.6.egg-info/top_level.txt",
    "Lib/site-packages/cssselect/__init__.py",
    "Lib/site-packages/cssselect/parser.py",
    "Lib/site-packages/cssselect/xpath.py",
    "Lib/site-packages/cssselect/__init__.pyc",
    "Lib/site-packages/cssselect/parser.pyc",
    "Lib/site-packages/cssselect/xpath.pyc"
  ],
  "fn": "cssselect-1.0.3-py_0.tar.bz2",
  "license": "BSD 3-Clause",
  "link": {
    "source": "C:\\Users\\Fabiano\\Anaconda2\\pkgs\\cssselect-1.0.3-py_0",
    "type": 1
  },
  "md5": "32e0b9a04ae74bfd9fed0ead5d735961",
  "name": "cssselect",
  "noarch": "python",
  "package_tarball_full_path": "C:\\Users\\Fabiano\\Anaconda2\\pkgs\\cssselect-1.0.3-py_0.tar.bz2",
  "paths_data": {
    "paths": [
      {
        "_path": "site-packages/cssselect-1.0.3-py3.6.egg-info/PKG-INFO",
        "path_type": "hardlink",
        "sha256": "d8ccdcb2e432cbdbda8cf27b9bff04143df5172c6923c92c3cb99d2dcaa89c58",
        "sha256_in_prefix": "d8ccdcb2e432cbdbda8cf27b9bff04143df5172c6923c92c3cb99d2dcaa89c58",
        "size_in_bytes": 2643
      },
      {
        "_path": "site-packages/cssselect-1.0.3-py3.6.egg-info/SOURCES.txt",
        "path_type": "hardlink",
        "sha256": "41763b6f7989b35c3d1ece6834c4f7753dea62ea213e1474c6c6460748fbf67f",
        "sha256_in_prefix": "41763b6f7989b35c3d1ece6834c4f7753dea62ea213e1474c6c6460748fbf67f",
        "size_in_bytes": 306
      },
      {
        "_path": "site-packages/cssselect-1.0.3-py3.6.egg-info/dependency_links.txt",
        "path_type": "hardlink",
        "sha256": "01ba4719c80b6fe911b091a7c05124b64eeece964e09c058ef8f9805daca546b",
        "sha256_in_prefix": "01ba4719c80b6fe911b091a7c05124b64eeece964e09c058ef8f9805daca546b",
        "size_in_bytes": 1
      },
      {
        "_path": "site-packages/cssselect-1.0.3-py3.6.egg-info/top_level.txt",
        "path_type": "hardlink",
        "sha256": "18a2b752dbbf71ea20e822b6ed55cd75bca2a869e8c89a37f7bd052e8e497545",
        "sha256_in_prefix": "18a2b752dbbf71ea20e822b6ed55cd75bca2a869e8c89a37f7bd052e8e497545",
        "size_in_bytes": 10
      },
      {
        "_path": "site-packages/cssselect/__init__.py",
        "path_type": "hardlink",
        "sha256": "1a2133fb7f090d25c42f88ab271add92b9ec3eac3d15d6d1536b8a8291bb236b",
        "sha256_in_prefix": "1a2133fb7f090d25c42f88ab271add92b9ec3eac3d15d6d1536b8a8291bb236b",
        "size_in_bytes": 639
      },
      {
        "_path": "site-packages/cssselect/parser.py",
        "path_type": "hardlink",
        "sha256": "98bd0ba238b16a01f623517d9462d54d713912d54978ee0249dcf9b004b8f5d9",
        "sha256_in_prefix": "98bd0ba238b16a01f623517d9462d54d713912d54978ee0249dcf9b004b8f5d9",
        "size_in_bytes": 23500
      },
      {
        "_path": "site-packages/cssselect/xpath.py",
        "path_type": "hardlink",
        "sha256": "8050d9df0c843a416457218f82d21f02dcf3f1b3684b2c95886c07d4b0b2427d",
        "sha256_in_prefix": "8050d9df0c843a416457218f82d21f02dcf3f1b3684b2c95886c07d4b0b2427d",
        "size_in_bytes": 27790
      },
      {
        "_path": "Lib/site-packages/cssselect/__init__.pyc",
        "path_type": "pyc_file"
      },
      {
        "_path": "Lib/site-packages/cssselect/parser.pyc",
        "path_type": "pyc_file"
      },
      {
        "_path": "Lib/site-packages/cssselect/xpath.pyc",
        "path_type": "pyc_file"
      }
    ],
    "paths_version": 1
  },
  "requested_spec": "None",
  "size": 16578,
  "subdir": "noarch",
  "track_features": "",
  "url": "https://conda.anaconda.org/conda-forge/noarch/cssselect-1.0.3-py_0.tar.bz2",
  "version": "1.0.3"
}