{
  "arch": "x86_64",
  "build": "py27_1001",
  "build_number": 1001,
  "channel": "https://conda.anaconda.org/conda-forge/win-64",
  "constrains": [],
  "depends": [
    "python >=2.7,<2.8.0a0"
  ],
  "extracted_package_dir": "C:\\Users\\Fabiano\\Anaconda2\\pkgs\\enum34-1.1.6-py27_1001",
  "features": "",
  "files": [
    "Lib/site-packages/enum/LICENSE",
    "Lib/site-packages/enum/README",
    "Lib/site-packages/enum/__init__.py",
    "Lib/site-packages/enum/__init__.pyc",
    "Lib/site-packages/enum/doc/enum.pdf",
    "Lib/site-packages/enum/doc/enum.rst",
    "Lib/site-packages/enum/test.py",
    "Lib/site-packages/enum/test.pyc",
    "Lib/site-packages/enum34-1.1.6-py2.7.egg-info/PKG-INFO",
    "Lib/site-packages/enum34-1.1.6-py2.7.egg-info/SOURCES.txt",
    "Lib/site-packages/enum34-1.1.6-py2.7.egg-info/dependency_links.txt",
    "Lib/site-packages/enum34-1.1.6-py2.7.egg-info/installed-files.txt",
    "Lib/site-packages/enum34-1.1.6-py2.7.egg-info/top_level.txt"
  ],
  "fn": "enum34-1.1.6-py27_1001.tar.bz2",
  "license": "BSD 3-Clause",
  "link": {
    "source": "C:\\Users\\Fabiano\\Anaconda2\\pkgs\\enum34-1.1.6-py27_1001",
    "type": 1
  },
  "md5": "f81b1259e54675210fb7b9e503a1fcb3",
  "name": "enum34",
  "package_tarball_full_path": "C:\\Users\\Fabiano\\Anaconda2\\pkgs\\enum34-1.1.6-py27_1001.tar.bz2",
  "paths_data": {
    "paths": [
      {
        "_path": "Lib/site-packages/enum/LICENSE",
        "path_type": "hardlink",
        "sha256": "88ec6a6c8eafa3b9757e745783938bef3f5e4d5e3c76b1db576aa3ab520e5e1d",
        "sha256_in_prefix": "88ec6a6c8eafa3b9757e745783938bef3f5e4d5e3c76b1db576aa3ab520e5e1d",
        "size_in_bytes": 1508
      },
      {
        "_path": "Lib/site-packages/enum/README",
        "path_type": "hardlink",
        "sha256": "7f24adc86e9cdf0c51d9b1f26612cf36d73f0120f11b0fa5f06e8bcd5c669228",
        "sha256_in_prefix": "7f24adc86e9cdf0c51d9b1f26612cf36d73f0120f11b0fa5f06e8bcd5c669228",
        "size_in_bytes": 157
      },
      {
        "_path": "Lib/site-packages/enum/__init__.py",
        "path_type": "hardlink",
        "sha256": "252758497799d504a9ebb8237c8db8aae89e3cfb6b94d5e15ef9bea5abfc9ee4",
        "sha256_in_prefix": "252758497799d504a9ebb8237c8db8aae89e3cfb6b94d5e15ef9bea5abfc9ee4",
        "size_in_bytes": 31054
      },
      {
        "_path": "Lib/site-packages/enum/__init__.pyc",
        "path_type": "hardlink",
        "sha256": "a154f8d8c419e5f525f7eaba9d60b5d46e8f3f3e9bb606a52b7a89d8df6f3e30",
        "sha256_in_prefix": "a154f8d8c419e5f525f7eaba9d60b5d46e8f3f3e9bb606a52b7a89d8df6f3e30",
        "size_in_bytes": 23541
      },
      {
        "_path": "Lib/site-packages/enum/doc/enum.pdf",
        "path_type": "hardlink",
        "sha256": "69813a34e3b147e84a1e0a1b83729a308a992ff70661f90c7f026d82099acee1",
        "sha256_in_prefix": "69813a34e3b147e84a1e0a1b83729a308a992ff70661f90c7f026d82099acee1",
        "size_in_bytes": 70176
      },
      {
        "_path": "Lib/site-packages/enum/doc/enum.rst",
        "path_type": "hardlink",
        "sha256": "0ae855b8a2131a80cdf17628afcf1a7f8f1cc74dcca8909bd7d4562c39490399",
        "sha256_in_prefix": "0ae855b8a2131a80cdf17628afcf1a7f8f1cc74dcca8909bd7d4562c39490399",
        "size_in_bytes": 22448
      },
      {
        "_path": "Lib/site-packages/enum/test.py",
        "path_type": "hardlink",
        "sha256": "428ddedb45c4ac2495de64cdd06fbbc35a58e2feed4408c76f12924253fff879",
        "sha256_in_prefix": "428ddedb45c4ac2495de64cdd06fbbc35a58e2feed4408c76f12924253fff879",
        "size_in_bytes": 67345
      },
      {
        "_path": "Lib/site-packages/enum/test.pyc",
        "path_type": "hardlink",
        "sha256": "6395f165fab235a38e995fa652476a5fd4dcbf12368e8de0e7952be68064fd14",
        "sha256_in_prefix": "6395f165fab235a38e995fa652476a5fd4dcbf12368e8de0e7952be68064fd14",
        "size_in_bytes": 81686
      },
      {
        "_path": "Lib/site-packages/enum34-1.1.6-py2.7.egg-info/PKG-INFO",
        "path_type": "hardlink",
        "sha256": "ae366349ee0dc1796af818a7bdc9be4359f0fc30c9b40f38ea008db68ee5b822",
        "sha256_in_prefix": "ae366349ee0dc1796af818a7bdc9be4359f0fc30c9b40f38ea008db68ee5b822",
        "size_in_bytes": 2074
      },
      {
        "_path": "Lib/site-packages/enum34-1.1.6-py2.7.egg-info/SOURCES.txt",
        "path_type": "hardlink",
        "sha256": "df5b1ba7db20d0abab9465359462c12aad54ea04a66b75e6f41f69c020a5f3f1",
        "sha256_in_prefix": "df5b1ba7db20d0abab9465359462c12aad54ea04a66b75e6f41f69c020a5f3f1",
        "size_in_bytes": 248
      },
      {
        "_path": "Lib/site-packages/enum34-1.1.6-py2.7.egg-info/dependency_links.txt",
        "path_type": "hardlink",
        "sha256": "01ba4719c80b6fe911b091a7c05124b64eeece964e09c058ef8f9805daca546b",
        "sha256_in_prefix": "01ba4719c80b6fe911b091a7c05124b64eeece964e09c058ef8f9805daca546b",
        "size_in_bytes": 1
      },
      {
        "_path": "Lib/site-packages/enum34-1.1.6-py2.7.egg-info/installed-files.txt",
        "path_type": "hardlink",
        "sha256": "44aede77648910891b10e850743eb3fb6379dbbb740d71a812d0bc99d0441ccc",
        "sha256_in_prefix": "44aede77648910891b10e850743eb3fb6379dbbb740d71a812d0bc99d0441ccc",
        "size_in_bytes": 215
      },
      {
        "_path": "Lib/site-packages/enum34-1.1.6-py2.7.egg-info/top_level.txt",
        "path_type": "hardlink",
        "sha256": "8dac9515f5d1c0f2d476044df46cda72716b3ad10a41a012717218f26c203fc8",
        "sha256_in_prefix": "8dac9515f5d1c0f2d476044df46cda72716b3ad10a41a012717218f26c203fc8",
        "size_in_bytes": 5
      }
    ],
    "paths_version": 1
  },
  "platform": "win32",
  "requested_spec": "None",
  "size": 57117,
  "subdir": "win-64",
  "timestamp": 1537940800207,
  "track_features": "",
  "url": "https://conda.anaconda.org/conda-forge/win-64/enum34-1.1.6-py27_1001.tar.bz2",
  "version": "1.1.6"
}