{
  "build": "py_0",
  "build_number": 0,
  "channel": "https://conda.anaconda.org/conda-forge/noarch",
  "constrains": [],
  "depends": [
    "python"
  ],
  "extracted_package_dir": "C:\\Users\\Fabiano\\Anaconda2\\pkgs\\hyperlink-17.3.1-py_0",
  "features": "",
  "files": [
    "Lib/site-packages/hyperlink-17.3.1-py3.6.egg-info/PKG-INFO",
    "Lib/site-packages/hyperlink-17.3.1-py3.6.egg-info/SOURCES.txt",
    "Lib/site-packages/hyperlink-17.3.1-py3.6.egg-info/dependency_links.txt",
    "Lib/site-packages/hyperlink-17.3.1-py3.6.egg-info/not-zip-safe",
    "Lib/site-packages/hyperlink-17.3.1-py3.6.egg-info/top_level.txt",
    "Lib/site-packages/hyperlink/__init__.py",
    "Lib/site-packages/hyperlink/_url.py",
    "Lib/site-packages/hyperlink/test/__init__.py",
    "Lib/site-packages/hyperlink/test/common.py",
    "Lib/site-packages/hyperlink/test/test_common.py",
    "Lib/site-packages/hyperlink/test/test_scheme_registration.py",
    "Lib/site-packages/hyperlink/test/test_url.py",
    "Lib/site-packages/hyperlink/__init__.pyc",
    "Lib/site-packages/hyperlink/_url.pyc",
    "Lib/site-packages/hyperlink/test/__init__.pyc",
    "Lib/site-packages/hyperlink/test/common.pyc",
    "Lib/site-packages/hyperlink/test/test_common.pyc",
    "Lib/site-packages/hyperlink/test/test_scheme_registration.pyc",
    "Lib/site-packages/hyperlink/test/test_url.pyc"
  ],
  "fn": "hyperlink-17.3.1-py_0.tar.bz2",
  "license": "MIT",
  "license_family": "MIT",
  "link": {
    "source": "C:\\Users\\Fabiano\\Anaconda2\\pkgs\\hyperlink-17.3.1-py_0",
    "type": 1
  },
  "md5": "414e80539db482e4d6904b6aec60615e",
  "name": "hyperlink",
  "noarch": "python",
  "package_tarball_full_path": "C:\\Users\\Fabiano\\Anaconda2\\pkgs\\hyperlink-17.3.1-py_0.tar.bz2",
  "paths_data": {
    "paths": [
      {
        "_path": "site-packages/hyperlink-17.3.1-py3.6.egg-info/PKG-INFO",
        "path_type": "hardlink",
        "sha256": "26f9dab9e9eba14a7cf912c9dad1623a338b295a75e69fa32e2a31d9d10417ff",
        "sha256_in_prefix": "26f9dab9e9eba14a7cf912c9dad1623a338b295a75e69fa32e2a31d9d10417ff",
        "size_in_bytes": 1111
      },
      {
        "_path": "site-packages/hyperlink-17.3.1-py3.6.egg-info/SOURCES.txt",
        "path_type": "hardlink",
        "sha256": "88789b15cb57807c5bff618b8deef49cc1b62a5fd7091eeef7713f6bbc104dbf",
        "sha256_in_prefix": "88789b15cb57807c5bff618b8deef49cc1b62a5fd7091eeef7713f6bbc104dbf",
        "size_in_bytes": 655
      },
      {
        "_path": "site-packages/hyperlink-17.3.1-py3.6.egg-info/dependency_links.txt",
        "path_type": "hardlink",
        "sha256": "01ba4719c80b6fe911b091a7c05124b64eeece964e09c058ef8f9805daca546b",
        "sha256_in_prefix": "01ba4719c80b6fe911b091a7c05124b64eeece964e09c058ef8f9805daca546b",
        "size_in_bytes": 1
      },
      {
        "_path": "site-packages/hyperlink-17.3.1-py3.6.egg-info/not-zip-safe",
        "path_type": "hardlink",
        "sha256": "01ba4719c80b6fe911b091a7c05124b64eeece964e09c058ef8f9805daca546b",
        "sha256_in_prefix": "01ba4719c80b6fe911b091a7c05124b64eeece964e09c058ef8f9805daca546b",
        "size_in_bytes": 1
      },
      {
        "_path": "site-packages/hyperlink-17.3.1-py3.6.egg-info/top_level.txt",
        "path_type": "hardlink",
        "sha256": "a8ac7d14653fcf10fd986aa216095e35e8df3b80303d8eddba140f699df453f3",
        "sha256_in_prefix": "a8ac7d14653fcf10fd986aa216095e35e8df3b80303d8eddba140f699df453f3",
        "size_in_bytes": 10
      },
      {
        "_path": "site-packages/hyperlink/__init__.py",
        "path_type": "hardlink",
        "sha256": "e158bb9c06e5d429111cbb52520ee47ebb5567542c22653b56f781c4ffec9a8b",
        "sha256_in_prefix": "e158bb9c06e5d429111cbb52520ee47ebb5567542c22653b56f781c4ffec9a8b",
        "size_in_bytes": 154
      },
      {
        "_path": "site-packages/hyperlink/_url.py",
        "path_type": "hardlink",
        "sha256": "b37f037bf7bc8f8a316d9530becdd4e601a932065bd6b19972d4fad590d03a02",
        "sha256_in_prefix": "b37f037bf7bc8f8a316d9530becdd4e601a932065bd6b19972d4fad590d03a02",
        "size_in_bytes": 53557
      },
      {
        "_path": "site-packages/hyperlink/test/__init__.py",
        "path_type": "hardlink",
        "sha256": "e3b0c44298fc1c149afbf4c8996fb92427ae41e4649b934ca495991b7852b855",
        "sha256_in_prefix": "e3b0c44298fc1c149afbf4c8996fb92427ae41e4649b934ca495991b7852b855",
        "size_in_bytes": 0
      },
      {
        "_path": "site-packages/hyperlink/test/common.py",
        "path_type": "hardlink",
        "sha256": "7d9d202d39440b56059e5ca7f0773bfda24908419a74bd46970dc156d22f3a44",
        "sha256_in_prefix": "7d9d202d39440b56059e5ca7f0773bfda24908419a74bd46970dc156d22f3a44",
        "size_in_bytes": 2108
      },
      {
        "_path": "site-packages/hyperlink/test/test_common.py",
        "path_type": "hardlink",
        "sha256": "eb0888e538c260ed1cc89c0f5d22f74c54e591a4b219819e9b9fee18837eea9f",
        "sha256_in_prefix": "eb0888e538c260ed1cc89c0f5d22f74c54e591a4b219819e9b9fee18837eea9f",
        "size_in_bytes": 3399
      },
      {
        "_path": "site-packages/hyperlink/test/test_scheme_registration.py",
        "path_type": "hardlink",
        "sha256": "71196b255b7768508060ea73eaba927fd607141823b2299b7cd756f0f62a6df3",
        "sha256_in_prefix": "71196b255b7768508060ea73eaba927fd607141823b2299b7cd756f0f62a6df3",
        "size_in_bytes": 2328
      },
      {
        "_path": "site-packages/hyperlink/test/test_url.py",
        "path_type": "hardlink",
        "sha256": "72d9aa1b9423f45eab0bfb53f7204dfb7997d6ad02c43eb238195cfd17b8d142",
        "sha256_in_prefix": "72d9aa1b9423f45eab0bfb53f7204dfb7997d6ad02c43eb238195cfd17b8d142",
        "size_in_bytes": 44490
      },
      {
        "_path": "Lib/site-packages/hyperlink/__init__.pyc",
        "path_type": "pyc_file"
      },
      {
        "_path": "Lib/site-packages/hyperlink/_url.pyc",
        "path_type": "pyc_file"
      },
      {
        "_path": "Lib/site-packages/hyperlink/test/__init__.pyc",
        "path_type": "pyc_file"
      },
      {
        "_path": "Lib/site-packages/hyperlink/test/common.pyc",
        "path_type": "pyc_file"
      },
      {
        "_path": "Lib/site-packages/hyperlink/test/test_common.pyc",
        "path_type": "pyc_file"
      },
      {
        "_path": "Lib/site-packages/hyperlink/test/test_scheme_registration.pyc",
        "path_type": "pyc_file"
      },
      {
        "_path": "Lib/site-packages/hyperlink/test/test_url.pyc",
        "path_type": "pyc_file"
      }
    ],
    "paths_version": 1
  },
  "requested_spec": "None",
  "size": 28857,
  "subdir": "noarch",
  "track_features": "",
  "url": "https://conda.anaconda.org/conda-forge/noarch/hyperlink-17.3.1-py_0.tar.bz2",
  "version": "17.3.1"
}