{
  "arch": "x86_64",
  "build": "py27_1002",
  "build_number": 1002,
  "channel": "https://conda.anaconda.org/conda-forge/win-64",
  "constrains": [],
  "depends": [
    "python >=2.7,<2.8.0a0"
  ],
  "extracted_package_dir": "C:\\Users\\Fabiano\\Anaconda2\\pkgs\\idna-2.7-py27_1002",
  "features": "",
  "files": [
    "Lib/site-packages/idna-2.7-py2.7.egg-info/PKG-INFO",
    "Lib/site-packages/idna-2.7-py2.7.egg-info/SOURCES.txt",
    "Lib/site-packages/idna-2.7-py2.7.egg-info/dependency_links.txt",
    "Lib/site-packages/idna-2.7-py2.7.egg-info/installed-files.txt",
    "Lib/site-packages/idna-2.7-py2.7.egg-info/top_level.txt",
    "Lib/site-packages/idna/__init__.py",
    "Lib/site-packages/idna/__init__.pyc",
    "Lib/site-packages/idna/codec.py",
    "Lib/site-packages/idna/codec.pyc",
    "Lib/site-packages/idna/compat.py",
    "Lib/site-packages/idna/compat.pyc",
    "Lib/site-packages/idna/core.py",
    "Lib/site-packages/idna/core.pyc",
    "Lib/site-packages/idna/idnadata.py",
    "Lib/site-packages/idna/idnadata.pyc",
    "Lib/site-packages/idna/intranges.py",
    "Lib/site-packages/idna/intranges.pyc",
    "Lib/site-packages/idna/package_data.py",
    "Lib/site-packages/idna/package_data.pyc",
    "Lib/site-packages/idna/uts46data.py",
    "Lib/site-packages/idna/uts46data.pyc"
  ],
  "fn": "idna-2.7-py27_1002.tar.bz2",
  "license": "BSD Like",
  "link": {
    "source": "C:\\Users\\Fabiano\\Anaconda2\\pkgs\\idna-2.7-py27_1002",
    "type": 1
  },
  "md5": "eb63656d74ab0a6d61a1ea6f829f6dc3",
  "name": "idna",
  "package_tarball_full_path": "C:\\Users\\Fabiano\\Anaconda2\\pkgs\\idna-2.7-py27_1002.tar.bz2",
  "paths_data": {
    "paths": [
      {
        "_path": "Lib/site-packages/idna-2.7-py2.7.egg-info/PKG-INFO",
        "path_type": "hardlink",
        "sha256": "7192de18145dd21c32377df75b198e86521e12b167d8d04881991f078b618f78",
        "sha256_in_prefix": "7192de18145dd21c32377df75b198e86521e12b167d8d04881991f078b618f78",
        "size_in_bytes": 10802
      },
      {
        "_path": "Lib/site-packages/idna-2.7-py2.7.egg-info/SOURCES.txt",
        "path_type": "hardlink",
        "sha256": "389d6d514fe1d47cfeb3857897c916d8a3dbb39b98308ea4b5570459edff9b59",
        "sha256_in_prefix": "389d6d514fe1d47cfeb3857897c916d8a3dbb39b98308ea4b5570459edff9b59",
        "size_in_bytes": 529
      },
      {
        "_path": "Lib/site-packages/idna-2.7-py2.7.egg-info/dependency_links.txt",
        "path_type": "hardlink",
        "sha256": "01ba4719c80b6fe911b091a7c05124b64eeece964e09c058ef8f9805daca546b",
        "sha256_in_prefix": "01ba4719c80b6fe911b091a7c05124b64eeece964e09c058ef8f9805daca546b",
        "size_in_bytes": 1
      },
      {
        "_path": "Lib/site-packages/idna-2.7-py2.7.egg-info/installed-files.txt",
        "path_type": "hardlink",
        "sha256": "fa9a7abd77a58cd0bc8769995780218a4c676299b511ac1130ceb814193b7265",
        "sha256_in_prefix": "fa9a7abd77a58cd0bc8769995780218a4c676299b511ac1130ceb814193b7265",
        "size_in_bytes": 398
      },
      {
        "_path": "Lib/site-packages/idna-2.7-py2.7.egg-info/top_level.txt",
        "path_type": "hardlink",
        "sha256": "8d26a0f6c103aaf48f7edc4e432f8005f195fd14b2ee8161e33649a4e0d5f24d",
        "sha256_in_prefix": "8d26a0f6c103aaf48f7edc4e432f8005f195fd14b2ee8161e33649a4e0d5f24d",
        "size_in_bytes": 5
      },
      {
        "_path": "Lib/site-packages/idna/__init__.py",
        "path_type": "hardlink",
        "sha256": "f4db7bc69c9eb770e63ab3d41a8a03740c261d966ed6a500cb611a27dde41a24",
        "sha256_in_prefix": "f4db7bc69c9eb770e63ab3d41a8a03740c261d966ed6a500cb611a27dde41a24",
        "size_in_bytes": 58
      },
      {
        "_path": "Lib/site-packages/idna/__init__.pyc",
        "path_type": "hardlink",
        "sha256": "d8445d66446a39ec571819b921a9f356c260de1e781452baeb3ede2c435bb7b7",
        "sha256_in_prefix": "d8445d66446a39ec571819b921a9f356c260de1e781452baeb3ede2c435bb7b7",
        "size_in_bytes": 217
      },
      {
        "_path": "Lib/site-packages/idna/codec.py",
        "path_type": "hardlink",
        "sha256": "96f61bef2bbb3e102a15a00801d59cc2069623652682c794b9afb573402c1b40",
        "sha256_in_prefix": "96f61bef2bbb3e102a15a00801d59cc2069623652682c794b9afb573402c1b40",
        "size_in_bytes": 3299
      },
      {
        "_path": "Lib/site-packages/idna/codec.pyc",
        "path_type": "hardlink",
        "sha256": "9e08020f013d4e1972b235278d6f2464f20f7c89c83af49138785afd0d963280",
        "sha256_in_prefix": "9e08020f013d4e1972b235278d6f2464f20f7c89c83af49138785afd0d963280",
        "size_in_bytes": 3672
      },
      {
        "_path": "Lib/site-packages/idna/compat.py",
        "path_type": "hardlink",
        "sha256": "47e876f43fba9ab9c9cdb5f1ca6ad6516ee2654bf2fb6e934306748a3e7b8b85",
        "sha256_in_prefix": "47e876f43fba9ab9c9cdb5f1ca6ad6516ee2654bf2fb6e934306748a3e7b8b85",
        "size_in_bytes": 232
      },
      {
        "_path": "Lib/site-packages/idna/compat.pyc",
        "path_type": "hardlink",
        "sha256": "83e00caaec341825c4be873218590a0cd0f05efbb12cfbe54e69ebc1cf7fd6e1",
        "sha256_in_prefix": "83e00caaec341825c4be873218590a0cd0f05efbb12cfbe54e69ebc1cf7fd6e1",
        "size_in_bytes": 703
      },
      {
        "_path": "Lib/site-packages/idna/core.py",
        "path_type": "hardlink",
        "sha256": "3b023947fbae5d4e0f94e4a81bc72368c3c0d6185d1868e367c2363198523f1a",
        "sha256_in_prefix": "3b023947fbae5d4e0f94e4a81bc72368c3c0d6185d1868e367c2363198523f1a",
        "size_in_bytes": 11858
      },
      {
        "_path": "Lib/site-packages/idna/core.pyc",
        "path_type": "hardlink",
        "sha256": "4f635539c8ebb432b63400b9de9b2a169f6d0cf126f62423871521b2dd5f06da",
        "sha256_in_prefix": "4f635539c8ebb432b63400b9de9b2a169f6d0cf126f62423871521b2dd5f06da",
        "size_in_bytes": 11493
      },
      {
        "_path": "Lib/site-packages/idna/idnadata.py",
        "path_type": "hardlink",
        "sha256": "cf0c6fa12b18a8f1cd6bac735d61e2cd7a430b6f0924c1974629e12781a4733d",
        "sha256_in_prefix": "cf0c6fa12b18a8f1cd6bac735d61e2cd7a430b6f0924c1974629e12781a4733d",
        "size_in_bytes": 39285
      },
      {
        "_path": "Lib/site-packages/idna/idnadata.pyc",
        "path_type": "hardlink",
        "sha256": "9f7ab11015665d9d539d32e7a9f35e7e88185f8c6b01c227dd5458c3ec503225",
        "sha256_in_prefix": "9f7ab11015665d9d539d32e7a9f35e7e88185f8c6b01c227dd5458c3ec503225",
        "size_in_bytes": 40280
      },
      {
        "_path": "Lib/site-packages/idna/intranges.py",
        "path_type": "hardlink",
        "sha256": "4d8d65a7164841610fead36a8d9905039860a0c58e8f53819a7506f22853f3b1",
        "sha256_in_prefix": "4d8d65a7164841610fead36a8d9905039860a0c58e8f53819a7506f22853f3b1",
        "size_in_bytes": 1749
      },
      {
        "_path": "Lib/site-packages/idna/intranges.pyc",
        "path_type": "hardlink",
        "sha256": "af4a20264f2b03e229a2902343a367b3a63ff404575ffe7429e03027df1ed7ef",
        "sha256_in_prefix": "af4a20264f2b03e229a2902343a367b3a63ff404575ffe7429e03027df1ed7ef",
        "size_in_bytes": 2086
      },
      {
        "_path": "Lib/site-packages/idna/package_data.py",
        "path_type": "hardlink",
        "sha256": "56df6bb6bdf60733bb3b6e6bca9a3c9f302cdecc932611b5a2353727eb36445a",
        "sha256_in_prefix": "56df6bb6bdf60733bb3b6e6bca9a3c9f302cdecc932611b5a2353727eb36445a",
        "size_in_bytes": 21
      },
      {
        "_path": "Lib/site-packages/idna/package_data.pyc",
        "path_type": "hardlink",
        "sha256": "1d1b8287e2a739281f8747c269f834e0b2b44c65656482650136884cf1e1c9f2",
        "sha256_in_prefix": "1d1b8287e2a739281f8747c269f834e0b2b44c65656482650136884cf1e1c9f2",
        "size_in_bytes": 155
      },
      {
        "_path": "Lib/site-packages/idna/uts46data.py",
        "path_type": "hardlink",
        "sha256": "73350bcd83792ebf4ae4c98e1fed60dc2258ed03e319e1e36260b7b1a27f0479",
        "sha256_in_prefix": "73350bcd83792ebf4ae4c98e1fed60dc2258ed03e319e1e36260b7b1a27f0479",
        "size_in_bytes": 197803
      },
      {
        "_path": "Lib/site-packages/idna/uts46data.pyc",
        "path_type": "hardlink",
        "sha256": "568f9828887b0df7a00c8f721b929f780c94a4e522a9b67352cf1186419a3ca2",
        "sha256_in_prefix": "568f9828887b0df7a00c8f721b929f780c94a4e522a9b67352cf1186419a3ca2",
        "size_in_bytes": 290204
      }
    ],
    "paths_version": 1
  },
  "platform": "win32",
  "requested_spec": "None",
  "size": 134381,
  "subdir": "win-64",
  "timestamp": 1538598086461,
  "track_features": "",
  "url": "https://conda.anaconda.org/conda-forge/win-64/idna-2.7-py27_1002.tar.bz2",
  "version": "2.7"
}