{
  "build": "py_1",
  "build_number": 1,
  "channel": "https://conda.anaconda.org/conda-forge/noarch",
  "constrains": [],
  "depends": [
    "python <=3.3"
  ],
  "extracted_package_dir": "C:\\Users\\Fabiano\\Anaconda2\\pkgs\\ipaddress-1.0.22-py_1",
  "features": "",
  "files": [
    "Lib/site-packages/ipaddress-1.0.22-py2.7.egg-info/PKG-INFO",
    "Lib/site-packages/ipaddress-1.0.22-py2.7.egg-info/SOURCES.txt",
    "Lib/site-packages/ipaddress-1.0.22-py2.7.egg-info/dependency_links.txt",
    "Lib/site-packages/ipaddress-1.0.22-py2.7.egg-info/installed-files.txt",
    "Lib/site-packages/ipaddress-1.0.22-py2.7.egg-info/top_level.txt",
    "Lib/site-packages/ipaddress.py",
    "Lib/site-packages/ipaddress.pyc"
  ],
  "fn": "ipaddress-1.0.22-py_1.tar.bz2",
  "license": "PSF 2",
  "link": {
    "source": "C:\\Users\\Fabiano\\Anaconda2\\pkgs\\ipaddress-1.0.22-py_1",
    "type": 1
  },
  "md5": "6f2f5f4eab2ae49842b75fc82fa01783",
  "name": "ipaddress",
  "noarch": "python",
  "package_tarball_full_path": "C:\\Users\\Fabiano\\Anaconda2\\pkgs\\ipaddress-1.0.22-py_1.tar.bz2",
  "paths_data": {
    "paths": [
      {
        "_path": "site-packages/ipaddress-1.0.22-py2.7.egg-info/PKG-INFO",
        "path_type": "hardlink",
        "sha256": "9262157c91e7d55af58f0121e1dbabf66812b5b26f4caa4565ed29f41f4b83fc",
        "sha256_in_prefix": "9262157c91e7d55af58f0121e1dbabf66812b5b26f4caa4565ed29f41f4b83fc",
        "size_in_bytes": 933
      },
      {
        "_path": "site-packages/ipaddress-1.0.22-py2.7.egg-info/SOURCES.txt",
        "path_type": "hardlink",
        "sha256": "b4a5162a0b2858983789fae81298eb1e934abecbc0550fe009c8f2c57da3c7f9",
        "sha256_in_prefix": "b4a5162a0b2858983789fae81298eb1e934abecbc0550fe009c8f2c57da3c7f9",
        "size_in_bytes": 227
      },
      {
        "_path": "site-packages/ipaddress-1.0.22-py2.7.egg-info/dependency_links.txt",
        "path_type": "hardlink",
        "sha256": "01ba4719c80b6fe911b091a7c05124b64eeece964e09c058ef8f9805daca546b",
        "sha256_in_prefix": "01ba4719c80b6fe911b091a7c05124b64eeece964e09c058ef8f9805daca546b",
        "size_in_bytes": 1
      },
      {
        "_path": "site-packages/ipaddress-1.0.22-py2.7.egg-info/installed-files.txt",
        "path_type": "hardlink",
        "sha256": "fb5bf045e4d2bc05ab0b5a4076cf08327a224e18293f6bd34a8b746ae4a25c8f",
        "sha256_in_prefix": "fb5bf045e4d2bc05ab0b5a4076cf08327a224e18293f6bd34a8b746ae4a25c8f",
        "size_in_bytes": 89
      },
      {
        "_path": "site-packages/ipaddress-1.0.22-py2.7.egg-info/top_level.txt",
        "path_type": "hardlink",
        "sha256": "d9e355e64a150c2b81ee11b5ed87e1fa590bea24274a99d072bf5c9ac131d835",
        "sha256_in_prefix": "d9e355e64a150c2b81ee11b5ed87e1fa590bea24274a99d072bf5c9ac131d835",
        "size_in_bytes": 10
      },
      {
        "_path": "site-packages/ipaddress.py",
        "path_type": "hardlink",
        "sha256": "d8e81b91e003dab2e4717a9b72fa1fdc9e51ee54708cd2e80724b24e406d2a77",
        "sha256_in_prefix": "d8e81b91e003dab2e4717a9b72fa1fdc9e51ee54708cd2e80724b24e406d2a77",
        "size_in_bytes": 79852
      },
      {
        "_path": "Lib/site-packages/ipaddress.pyc",
        "path_type": "pyc_file"
      }
    ],
    "paths_version": 1
  },
  "requested_spec": "None",
  "size": 18503,
  "subdir": "noarch",
  "timestamp": 1524072648200,
  "track_features": "",
  "url": "https://conda.anaconda.org/conda-forge/noarch/ipaddress-1.0.22-py_1.tar.bz2",
  "version": "1.0.22"
}