{
  "arch": "x86_64",
  "build": "vc9_4",
  "build_number": 4,
  "channel": "https://conda.anaconda.org/conda-forge/win-64",
  "constrains": [],
  "depends": [
    "vc 9"
  ],
  "extracted_package_dir": "C:\\Users\\Fabiano\\Anaconda2\\pkgs\\libiconv-1.14-vc9_4",
  "features": "vc9",
  "files": [
    "Library/bin/charset.dll",
    "Library/bin/iconv.dll",
    "Library/include/iconv.h",
    "Library/include/libcharset.h",
    "Library/include/localcharset.h",
    "Library/lib/charset.lib",
    "Library/lib/iconv.lib"
  ],
  "fn": "libiconv-1.14-vc9_4.tar.bz2",
  "license": "GPL and LGPL",
  "link": {
    "source": "C:\\Users\\Fabiano\\Anaconda2\\pkgs\\libiconv-1.14-vc9_4",
    "type": 1
  },
  "md5": "f15cc946003fdaf2c83f8e3211d10077",
  "name": "libiconv",
  "package_tarball_full_path": "C:\\Users\\Fabiano\\Anaconda2\\pkgs\\libiconv-1.14-vc9_4.tar.bz2",
  "paths_data": {
    "paths": [
      {
        "_path": "Library/bin/charset.dll",
        "path_type": "hardlink"
      },
      {
        "_path": "Library/bin/iconv.dll",
        "path_type": "hardlink"
      },
      {
        "_path": "Library/include/iconv.h",
        "path_type": "hardlink"
      },
      {
        "_path": "Library/include/libcharset.h",
        "path_type": "hardlink"
      },
      {
        "_path": "Library/include/localcharset.h",
        "path_type": "hardlink"
      },
      {
        "_path": "Library/lib/charset.lib",
        "path_type": "hardlink"
      },
      {
        "_path": "Library/lib/iconv.lib",
        "path_type": "hardlink"
      }
    ],
    "paths_version": 1
  },
  "platform": "win32",
  "requested_spec": "None",
  "size": 670229,
  "subdir": "win-64",
  "track_features": "",
  "url": "https://conda.anaconda.org/conda-forge/win-64/libiconv-1.14-vc9_4.tar.bz2",
  "version": "1.14"
}