{
  "arch": "x86_64",
  "build": "vc9_0",
  "build_number": 0,
  "channel": "https://conda.anaconda.org/conda-forge/win-64",
  "constrains": [],
  "depends": [
    "libxml2 2.9.*",
    "vc 9"
  ],
  "extracted_package_dir": "C:\\Users\\Fabiano\\Anaconda2\\pkgs\\libxslt-1.1.32-vc9_0",
  "features": "vc9",
  "files": [
    "Library/bin/libexslt.dll",
    "Library/bin/libxslt.dll",
    "Library/bin/xsltproc.exe",
    "Library/include/libexslt/exslt.h",
    "Library/include/libexslt/exsltconfig.h",
    "Library/include/libexslt/exsltexports.h",
    "Library/include/libexslt/libexslt.h",
    "Library/include/libxslt/attributes.h",
    "Library/include/libxslt/documents.h",
    "Library/include/libxslt/extensions.h",
    "Library/include/libxslt/extra.h",
    "Library/include/libxslt/functions.h",
    "Library/include/libxslt/imports.h",
    "Library/include/libxslt/keys.h",
    "Library/include/libxslt/libxslt.h",
    "Library/include/libxslt/namespaces.h",
    "Library/include/libxslt/numbersInternals.h",
    "Library/include/libxslt/pattern.h",
    "Library/include/libxslt/preproc.h",
    "Library/include/libxslt/security.h",
    "Library/include/libxslt/templates.h",
    "Library/include/libxslt/transform.h",
    "Library/include/libxslt/trio.h",
    "Library/include/libxslt/triodef.h",
    "Library/include/libxslt/variables.h",
    "Library/include/libxslt/win32config.h",
    "Library/include/libxslt/xslt.h",
    "Library/include/libxslt/xsltInternals.h",
    "Library/include/libxslt/xsltconfig.h",
    "Library/include/libxslt/xsltexports.h",
    "Library/include/libxslt/xsltlocale.h",
    "Library/include/libxslt/xsltutils.h",
    "Library/lib/libexslt.lib",
    "Library/lib/libexslt_a.lib",
    "Library/lib/libxslt.lib",
    "Library/lib/libxslt_a.lib"
  ],
  "fn": "libxslt-1.1.32-vc9_0.tar.bz2",
  "license": "MIT",
  "link": {
    "source": "C:\\Users\\Fabiano\\Anaconda2\\pkgs\\libxslt-1.1.32-vc9_0",
    "type": 1
  },
  "md5": "b4d39e9bc2e1fb155218369c8985af2f",
  "name": "libxslt",
  "package_tarball_full_path": "C:\\Users\\Fabiano\\Anaconda2\\pkgs\\libxslt-1.1.32-vc9_0.tar.bz2",
  "paths_data": {
    "paths": [
      {
        "_path": "Library/bin/libexslt.dll",
        "path_type": "hardlink",
        "sha256": "83a518194253e8371063c5de42c203c4161a85b92fc253dbc16af30161dde628",
        "sha256_in_prefix": "83a518194253e8371063c5de42c203c4161a85b92fc253dbc16af30161dde628",
        "size_in_bytes": 83968
      },
      {
        "_path": "Library/bin/libxslt.dll",
        "path_type": "hardlink",
        "sha256": "271f906471a66f48cfd3cccdb3af21388a531a3479264895600755a68d9f68c0",
        "sha256_in_prefix": "271f906471a66f48cfd3cccdb3af21388a531a3479264895600755a68d9f68c0",
        "size_in_bytes": 228352
      },
      {
        "_path": "Library/bin/xsltproc.exe",
        "path_type": "hardlink",
        "sha256": "aeaf606f991fc93d60468cf80a99932ba708e9677e85a3851c3235ab9c76d61d",
        "sha256_in_prefix": "aeaf606f991fc93d60468cf80a99932ba708e9677e85a3851c3235ab9c76d61d",
        "size_in_bytes": 20992
      },
      {
        "_path": "Library/include/libexslt/exslt.h",
        "path_type": "hardlink",
        "sha256": "67dd566c70036b8a39fa426e7ecb5fe98d74d2a05332a0622b5699b31729fc0a",
        "sha256_in_prefix": "67dd566c70036b8a39fa426e7ecb5fe98d74d2a05332a0622b5699b31729fc0a",
        "size_in_bytes": 3018
      },
      {
        "_path": "Library/include/libexslt/exsltconfig.h",
        "path_type": "hardlink",
        "sha256": "e1b594422375a9b53dc46ff5ce6817aa2ed571c9b09f73de390b2c76d7ab77c4",
        "sha256_in_prefix": "e1b594422375a9b53dc46ff5ce6817aa2ed571c9b09f73de390b2c76d7ab77c4",
        "size_in_bytes": 1291
      },
      {
        "_path": "Library/include/libexslt/exsltexports.h",
        "path_type": "hardlink",
        "sha256": "6f9f7de70eb4bdef70e997dd242c6d56768ff24998f5c85795d46613ff43986e",
        "sha256_in_prefix": "6f9f7de70eb4bdef70e997dd242c6d56768ff24998f5c85795d46613ff43986e",
        "size_in_bytes": 3383
      },
      {
        "_path": "Library/include/libexslt/libexslt.h",
        "path_type": "hardlink",
        "sha256": "4cd87050bd2f33111caf40e9b996e1e421f8a45f563a9fe00f3da66f378dd6b3",
        "sha256_in_prefix": "4cd87050bd2f33111caf40e9b996e1e421f8a45f563a9fe00f3da66f378dd6b3",
        "size_in_bytes": 675
      },
      {
        "_path": "Library/include/libxslt/attributes.h",
        "path_type": "hardlink",
        "sha256": "bf02423703962f136da1387866a7fd8e19713a3609fb67ba29b68310ceec1076",
        "sha256_in_prefix": "bf02423703962f136da1387866a7fd8e19713a3609fb67ba29b68310ceec1076",
        "size_in_bytes": 930
      },
      {
        "_path": "Library/include/libxslt/documents.h",
        "path_type": "hardlink",
        "sha256": "9018a1807e69a91bc56a5866fdf3851ed2531614e905c9baf35c93e5dc60c1fc",
        "sha256_in_prefix": "9018a1807e69a91bc56a5866fdf3851ed2531614e905c9baf35c93e5dc60c1fc",
        "size_in_bytes": 2704
      },
      {
        "_path": "Library/include/libxslt/extensions.h",
        "path_type": "hardlink",
        "sha256": "6d3caebf9fe68fe45d3c58694fcf4b20cfa268c279759b4914992ad2c6df6b11",
        "sha256_in_prefix": "6d3caebf9fe68fe45d3c58694fcf4b20cfa268c279759b4914992ad2c6df6b11",
        "size_in_bytes": 6903
      },
      {
        "_path": "Library/include/libxslt/extra.h",
        "path_type": "hardlink",
        "sha256": "32a55d62e1d9370e3061065d1ecd262d8d3132357e3a889925e3fb346e62660c",
        "sha256_in_prefix": "32a55d62e1d9370e3061065d1ecd262d8d3132357e3a889925e3fb346e62660c",
        "size_in_bytes": 1641
      },
      {
        "_path": "Library/include/libxslt/functions.h",
        "path_type": "hardlink",
        "sha256": "2ce47817ec423df493d90ba5a2fcca1766d0bda9ff5f0fe38da179a6a1020dd3",
        "sha256_in_prefix": "2ce47817ec423df493d90ba5a2fcca1766d0bda9ff5f0fe38da179a6a1020dd3",
        "size_in_bytes": 2006
      },
      {
        "_path": "Library/include/libxslt/imports.h",
        "path_type": "hardlink",
        "sha256": "d7c9088e81aa7455d1eb709edd9b73c6c4e2615dd718aa5c8586a43143c3b942",
        "sha256_in_prefix": "d7c9088e81aa7455d1eb709edd9b73c6c4e2615dd718aa5c8586a43143c3b942",
        "size_in_bytes": 1840
      },
      {
        "_path": "Library/include/libxslt/keys.h",
        "path_type": "hardlink",
        "sha256": "d7abf6e55125b92ee3621820ea0605c15c6018c9fed5cb67961856593e117016",
        "sha256_in_prefix": "d7abf6e55125b92ee3621820ea0605c15c6018c9fed5cb67961856593e117016",
        "size_in_bytes": 1155
      },
      {
        "_path": "Library/include/libxslt/libxslt.h",
        "path_type": "hardlink",
        "sha256": "bf7b2ebe8d34a1daa02fa81c46bc4818848d49de107ce8afe461219f0c3cee44",
        "sha256_in_prefix": "bf7b2ebe8d34a1daa02fa81c46bc4818848d49de107ce8afe461219f0c3cee44",
        "size_in_bytes": 861
      },
      {
        "_path": "Library/include/libxslt/namespaces.h",
        "path_type": "hardlink",
        "sha256": "5687d29f62a49fe6b927244a0a66378cfa7b6a6432de7d3dbf3cb429442de2ad",
        "sha256_in_prefix": "5687d29f62a49fe6b927244a0a66378cfa7b6a6432de7d3dbf3cb429442de2ad",
        "size_in_bytes": 1666
      },
      {
        "_path": "Library/include/libxslt/numbersInternals.h",
        "path_type": "hardlink",
        "sha256": "120e60619e69de1d3f7b9c3223ad52fb413afc0ad5273bf4cabeb78fa054d9f7",
        "sha256_in_prefix": "120e60619e69de1d3f7b9c3223ad52fb413afc0ad5273bf4cabeb78fa054d9f7",
        "size_in_bytes": 2019
      },
      {
        "_path": "Library/include/libxslt/pattern.h",
        "path_type": "hardlink",
        "sha256": "82e37efb4d93d418a634d671c92a1f585b3dd6b47021fa953a46e7af9be402e6",
        "sha256_in_prefix": "82e37efb4d93d418a634d671c92a1f585b3dd6b47021fa953a46e7af9be402e6",
        "size_in_bytes": 1998
      },
      {
        "_path": "Library/include/libxslt/preproc.h",
        "path_type": "hardlink",
        "sha256": "fb5f4d1fcb77ab5346b06e8eb2772d547924e37b5f3606e9d5e8b9825b7f8cd5",
        "sha256_in_prefix": "fb5f4d1fcb77ab5346b06e8eb2772d547924e37b5f3606e9d5e8b9825b7f8cd5",
        "size_in_bytes": 892
      },
      {
        "_path": "Library/include/libxslt/security.h",
        "path_type": "hardlink",
        "sha256": "7d40f5732fd6c45093bd334017458e408538a7908d5a7d4b1c5c9925df85c795",
        "sha256_in_prefix": "7d40f5732fd6c45093bd334017458e408538a7908d5a7d4b1c5c9925df85c795",
        "size_in_bytes": 2652
      },
      {
        "_path": "Library/include/libxslt/templates.h",
        "path_type": "hardlink",
        "sha256": "6e7b7a26aba2e8a539a4d51d30d3db419919e5df954d6a82d1330690e955a08a",
        "sha256_in_prefix": "6e7b7a26aba2e8a539a4d51d30d3db419919e5df954d6a82d1330690e955a08a",
        "size_in_bytes": 2268
      },
      {
        "_path": "Library/include/libxslt/transform.h",
        "path_type": "hardlink",
        "sha256": "5141cd6d3120184555688842f3ac22fc2a5f7e2a5f2e86fad7d6f188fa44c0d2",
        "sha256_in_prefix": "5141cd6d3120184555688842f3ac22fc2a5f7e2a5f2e86fad7d6f188fa44c0d2",
        "size_in_bytes": 6328
      },
      {
        "_path": "Library/include/libxslt/trio.h",
        "path_type": "hardlink",
        "sha256": "c1389eb78fd55dc17e3627d0407a7f2852888380181c8ed613751c533524ff3f",
        "sha256_in_prefix": "c1389eb78fd55dc17e3627d0407a7f2852888380181c8ed613751c533524ff3f",
        "size_in_bytes": 7199
      },
      {
        "_path": "Library/include/libxslt/triodef.h",
        "path_type": "hardlink",
        "sha256": "975f94d69e63d0e500762eec517a8be6627f4c16e6ccd2641ef59f4f22e9c75f",
        "sha256_in_prefix": "975f94d69e63d0e500762eec517a8be6627f4c16e6ccd2641ef59f4f22e9c75f",
        "size_in_bytes": 6692
      },
      {
        "_path": "Library/include/libxslt/variables.h",
        "path_type": "hardlink",
        "sha256": "d3d275271f220e4d425f27b6e3eddc60b62d23e65a330461dfdd23a4b67a4c3a",
        "sha256_in_prefix": "d3d275271f220e4d425f27b6e3eddc60b62d23e65a330461dfdd23a4b67a4c3a",
        "size_in_bytes": 3338
      },
      {
        "_path": "Library/include/libxslt/win32config.h",
        "path_type": "hardlink",
        "sha256": "468b17f2c97d490756167ff518b497e4e85082823bf1e7aa7e6118434b256e28",
        "sha256_in_prefix": "468b17f2c97d490756167ff518b497e4e85082823bf1e7aa7e6118434b256e28",
        "size_in_bytes": 2929
      },
      {
        "_path": "Library/include/libxslt/xslt.h",
        "path_type": "hardlink",
        "sha256": "c26171d90df53ddf08ab6a61010a58f49dd041ab5bf255a0de0001b6a285804c",
        "sha256_in_prefix": "c26171d90df53ddf08ab6a61010a58f49dd041ab5bf255a0de0001b6a285804c",
        "size_in_bytes": 1964
      },
      {
        "_path": "Library/include/libxslt/xsltInternals.h",
        "path_type": "hardlink",
        "sha256": "fe4658ad5cc4d4442550947c63e425544523ba3e20081d03eddc5a3565c591ac",
        "sha256_in_prefix": "fe4658ad5cc4d4442550947c63e425544523ba3e20081d03eddc5a3565c591ac",
        "size_in_bytes": 57359
      },
      {
        "_path": "Library/include/libxslt/xsltconfig.h",
        "path_type": "hardlink",
        "sha256": "b6ff6cc4decb97fccca24c1b02b2659c970e00afabecea2229556c5dbe940572",
        "sha256_in_prefix": "b6ff6cc4decb97fccca24c1b02b2659c970e00afabecea2229556c5dbe940572",
        "size_in_bytes": 3640
      },
      {
        "_path": "Library/include/libxslt/xsltexports.h",
        "path_type": "hardlink",
        "sha256": "40b83571f4f72d6de6d6242776e0dbb2d760f3c7080653e46b1331de1941eef1",
        "sha256_in_prefix": "40b83571f4f72d6de6d6242776e0dbb2d760f3c7080653e46b1331de1941eef1",
        "size_in_bytes": 3426
      },
      {
        "_path": "Library/include/libxslt/xsltlocale.h",
        "path_type": "hardlink",
        "sha256": "c8e9091903620f7f5fc0162eb354e981299bd66109b2d5dc1f1dcefd0d3777fc",
        "sha256_in_prefix": "c8e9091903620f7f5fc0162eb354e981299bd66109b2d5dc1f1dcefd0d3777fc",
        "size_in_bytes": 1549
      },
      {
        "_path": "Library/include/libxslt/xsltutils.h",
        "path_type": "hardlink",
        "sha256": "0f61aaa29e1c89e2623ac42d2d64c97b319e6bd90e35c505c5eca42e319123f1",
        "sha256_in_prefix": "0f61aaa29e1c89e2623ac42d2d64c97b319e6bd90e35c505c5eca42e319123f1",
        "size_in_bytes": 8297
      },
      {
        "_path": "Library/lib/libexslt.lib",
        "path_type": "hardlink",
        "sha256": "299882d78c05fb48a9c25ad6b7c263af7de1f2960cfaf8cea97396c9ffd492b5",
        "sha256_in_prefix": "299882d78c05fb48a9c25ad6b7c263af7de1f2960cfaf8cea97396c9ffd492b5",
        "size_in_bytes": 5396
      },
      {
        "_path": "Library/lib/libexslt_a.lib",
        "path_type": "hardlink",
        "sha256": "c3681a1944f68c9a82e3749c12fa712fe62c74675237b1a5e0cd7d4f68685713",
        "sha256_in_prefix": "c3681a1944f68c9a82e3749c12fa712fe62c74675237b1a5e0cd7d4f68685713",
        "size_in_bytes": 332462
      },
      {
        "_path": "Library/lib/libxslt.lib",
        "path_type": "hardlink",
        "sha256": "2e98d8315f0ff44e09065a5dc277a51cb99f4a78785a33145618546cb99486c6",
        "sha256_in_prefix": "2e98d8315f0ff44e09065a5dc277a51cb99f4a78785a33145618546cb99486c6",
        "size_in_bytes": 56226
      },
      {
        "_path": "Library/lib/libxslt_a.lib",
        "path_type": "hardlink",
        "sha256": "e41780a4af145b763b52d7200139438313fd2f9cb6277827dccf95ef68f62272",
        "sha256_in_prefix": "e41780a4af145b763b52d7200139438313fd2f9cb6277827dccf95ef68f62272",
        "size_in_bytes": 920542
      }
    ],
    "paths_version": 1
  },
  "platform": "win32",
  "requested_spec": "None",
  "size": 467768,
  "subdir": "win-64",
  "track_features": "",
  "url": "https://conda.anaconda.org/conda-forge/win-64/libxslt-1.1.32-vc9_0.tar.bz2",
  "version": "1.1.32"
}