{
  "arch": "x86_64",
  "build": "py27h803002f_0",
  "build_number": 0,
  "channel": "https://conda.anaconda.org/conda-forge/win-64",
  "constrains": [],
  "depends": [
    "libxslt",
    "python >=2.7,<2.8.0a0",
    "vc 9.*"
  ],
  "extracted_package_dir": "C:\\Users\\Fabiano\\Anaconda2\\pkgs\\lxml-4.2.2-py27h803002f_0",
  "features": "",
  "files": [
    "Lib/site-packages/lxml-4.2.2-py2.7.egg-info/PKG-INFO",
    "Lib/site-packages/lxml-4.2.2-py2.7.egg-info/SOURCES.txt",
    "Lib/site-packages/lxml-4.2.2-py2.7.egg-info/dependency_links.txt",
    "Lib/site-packages/lxml-4.2.2-py2.7.egg-info/installed-files.txt",
    "Lib/site-packages/lxml-4.2.2-py2.7.egg-info/not-zip-safe",
    "Lib/site-packages/lxml-4.2.2-py2.7.egg-info/requires.txt",
    "Lib/site-packages/lxml-4.2.2-py2.7.egg-info/top_level.txt",
    "Lib/site-packages/lxml/ElementInclude.py",
    "Lib/site-packages/lxml/ElementInclude.pyc",
    "Lib/site-packages/lxml/__init__.py",
    "Lib/site-packages/lxml/__init__.pyc",
    "Lib/site-packages/lxml/_elementpath.py",
    "Lib/site-packages/lxml/_elementpath.pyc",
    "Lib/site-packages/lxml/_elementpath.pyd",
    "Lib/site-packages/lxml/builder.py",
    "Lib/site-packages/lxml/builder.pyc",
    "Lib/site-packages/lxml/builder.pyd",
    "Lib/site-packages/lxml/cssselect.py",
    "Lib/site-packages/lxml/cssselect.pyc",
    "Lib/site-packages/lxml/doctestcompare.py",
    "Lib/site-packages/lxml/doctestcompare.pyc",
    "Lib/site-packages/lxml/etree.h",
    "Lib/site-packages/lxml/etree.pyd",
    "Lib/site-packages/lxml/etree_api.h",
    "Lib/site-packages/lxml/html/ElementSoup.py",
    "Lib/site-packages/lxml/html/ElementSoup.pyc",
    "Lib/site-packages/lxml/html/__init__.py",
    "Lib/site-packages/lxml/html/__init__.pyc",
    "Lib/site-packages/lxml/html/_diffcommand.py",
    "Lib/site-packages/lxml/html/_diffcommand.pyc",
    "Lib/site-packages/lxml/html/_html5builder.py",
    "Lib/site-packages/lxml/html/_html5builder.pyc",
    "Lib/site-packages/lxml/html/_setmixin.py",
    "Lib/site-packages/lxml/html/_setmixin.pyc",
    "Lib/site-packages/lxml/html/builder.py",
    "Lib/site-packages/lxml/html/builder.pyc",
    "Lib/site-packages/lxml/html/clean.py",
    "Lib/site-packages/lxml/html/clean.pyc",
    "Lib/site-packages/lxml/html/clean.pyd",
    "Lib/site-packages/lxml/html/defs.py",
    "Lib/site-packages/lxml/html/defs.pyc",
    "Lib/site-packages/lxml/html/diff.py",
    "Lib/site-packages/lxml/html/diff.pyc",
    "Lib/site-packages/lxml/html/diff.pyd",
    "Lib/site-packages/lxml/html/formfill.py",
    "Lib/site-packages/lxml/html/formfill.pyc",
    "Lib/site-packages/lxml/html/html5parser.py",
    "Lib/site-packages/lxml/html/html5parser.pyc",
    "Lib/site-packages/lxml/html/soupparser.py",
    "Lib/site-packages/lxml/html/soupparser.pyc",
    "Lib/site-packages/lxml/html/usedoctest.py",
    "Lib/site-packages/lxml/html/usedoctest.pyc",
    "Lib/site-packages/lxml/includes/__init__.pxd",
    "Lib/site-packages/lxml/includes/__init__.py",
    "Lib/site-packages/lxml/includes/__init__.pyc",
    "Lib/site-packages/lxml/includes/c14n.pxd",
    "Lib/site-packages/lxml/includes/config.pxd",
    "Lib/site-packages/lxml/includes/dtdvalid.pxd",
    "Lib/site-packages/lxml/includes/etree_defs.h",
    "Lib/site-packages/lxml/includes/etreepublic.pxd",
    "Lib/site-packages/lxml/includes/htmlparser.pxd",
    "Lib/site-packages/lxml/includes/lxml-version.h",
    "Lib/site-packages/lxml/includes/relaxng.pxd",
    "Lib/site-packages/lxml/includes/schematron.pxd",
    "Lib/site-packages/lxml/includes/tree.pxd",
    "Lib/site-packages/lxml/includes/uri.pxd",
    "Lib/site-packages/lxml/includes/xinclude.pxd",
    "Lib/site-packages/lxml/includes/xmlerror.pxd",
    "Lib/site-packages/lxml/includes/xmlparser.pxd",
    "Lib/site-packages/lxml/includes/xmlschema.pxd",
    "Lib/site-packages/lxml/includes/xpath.pxd",
    "Lib/site-packages/lxml/includes/xslt.pxd",
    "Lib/site-packages/lxml/isoschematron/__init__.py",
    "Lib/site-packages/lxml/isoschematron/__init__.pyc",
    "Lib/site-packages/lxml/isoschematron/resources/rng/iso-schematron.rng",
    "Lib/site-packages/lxml/isoschematron/resources/xsl/RNG2Schtrn.xsl",
    "Lib/site-packages/lxml/isoschematron/resources/xsl/XSD2Schtrn.xsl",
    "Lib/site-packages/lxml/isoschematron/resources/xsl/iso-schematron-xslt1/iso_abstract_expand.xsl",
    "Lib/site-packages/lxml/isoschematron/resources/xsl/iso-schematron-xslt1/iso_dsdl_include.xsl",
    "Lib/site-packages/lxml/isoschematron/resources/xsl/iso-schematron-xslt1/iso_schematron_message.xsl",
    "Lib/site-packages/lxml/isoschematron/resources/xsl/iso-schematron-xslt1/iso_schematron_skeleton_for_xslt1.xsl",
    "Lib/site-packages/lxml/isoschematron/resources/xsl/iso-schematron-xslt1/iso_svrl_for_xslt1.xsl",
    "Lib/site-packages/lxml/isoschematron/resources/xsl/iso-schematron-xslt1/readme.txt",
    "Lib/site-packages/lxml/lxml.etree.h",
    "Lib/site-packages/lxml/lxml.etree_api.h",
    "Lib/site-packages/lxml/objectify.pyd",
    "Lib/site-packages/lxml/pyclasslookup.py",
    "Lib/site-packages/lxml/pyclasslookup.pyc",
    "Lib/site-packages/lxml/sax.py",
    "Lib/site-packages/lxml/sax.pyc",
    "Lib/site-packages/lxml/usedoctest.py",
    "Lib/site-packages/lxml/usedoctest.pyc"
  ],
  "fn": "lxml-4.2.2-py27h803002f_0.tar.bz2",
  "license": "BSD 3-Clause, GPL-2.0, ZPL-2.0, and ElementTree",
  "link": {
    "source": "C:\\Users\\Fabiano\\Anaconda2\\pkgs\\lxml-4.2.2-py27h803002f_0",
    "type": 1
  },
  "md5": "4795d5866a461480b6aaf6b37006c276",
  "name": "lxml",
  "package_tarball_full_path": "C:\\Users\\Fabiano\\Anaconda2\\pkgs\\lxml-4.2.2-py27h803002f_0.tar.bz2",
  "paths_data": {
    "paths": [
      {
        "_path": "Lib/site-packages/lxml-4.2.2-py2.7.egg-info/PKG-INFO",
        "path_type": "hardlink",
        "sha256": "75014b19c26f9986fa3679057291c11b743b7f79dc8962b490fdbe4420585045",
        "sha256_in_prefix": "75014b19c26f9986fa3679057291c11b743b7f79dc8962b490fdbe4420585045",
        "size_in_bytes": 3452
      },
      {
        "_path": "Lib/site-packages/lxml-4.2.2-py2.7.egg-info/SOURCES.txt",
        "path_type": "hardlink",
        "sha256": "bdbac2721e694a2fcaf9b25cfb3c7296fa60abad5717b17d703808cb26c4652c",
        "sha256_in_prefix": "bdbac2721e694a2fcaf9b25cfb3c7296fa60abad5717b17d703808cb26c4652c",
        "size_in_bytes": 34583
      },
      {
        "_path": "Lib/site-packages/lxml-4.2.2-py2.7.egg-info/dependency_links.txt",
        "path_type": "hardlink",
        "sha256": "01ba4719c80b6fe911b091a7c05124b64eeece964e09c058ef8f9805daca546b",
        "sha256_in_prefix": "01ba4719c80b6fe911b091a7c05124b64eeece964e09c058ef8f9805daca546b",
        "size_in_bytes": 1
      },
      {
        "_path": "Lib/site-packages/lxml-4.2.2-py2.7.egg-info/installed-files.txt",
        "path_type": "hardlink",
        "sha256": "ca46ec7beee9d4c9f73fe92232c10f6498c713f553af2014afcb1bea558811c4",
        "sha256_in_prefix": "ca46ec7beee9d4c9f73fe92232c10f6498c713f553af2014afcb1bea558811c4",
        "size_in_bytes": 2768
      },
      {
        "_path": "Lib/site-packages/lxml-4.2.2-py2.7.egg-info/not-zip-safe",
        "path_type": "hardlink",
        "sha256": "01ba4719c80b6fe911b091a7c05124b64eeece964e09c058ef8f9805daca546b",
        "sha256_in_prefix": "01ba4719c80b6fe911b091a7c05124b64eeece964e09c058ef8f9805daca546b",
        "size_in_bytes": 1
      },
      {
        "_path": "Lib/site-packages/lxml-4.2.2-py2.7.egg-info/requires.txt",
        "path_type": "hardlink",
        "sha256": "44623575b4ed2327141d81e614c489d3aeaacf002e2fd9b1d7f4f734a08172ed",
        "sha256_in_prefix": "44623575b4ed2327141d81e614c489d3aeaacf002e2fd9b1d7f4f734a08172ed",
        "size_in_bytes": 98
      },
      {
        "_path": "Lib/site-packages/lxml-4.2.2-py2.7.egg-info/top_level.txt",
        "path_type": "hardlink",
        "sha256": "3630fdf3cc2a68aab9d769ec84d74bb7eb83c6c8e4a78061e759ba37e76152b9",
        "sha256_in_prefix": "3630fdf3cc2a68aab9d769ec84d74bb7eb83c6c8e4a78061e759ba37e76152b9",
        "size_in_bytes": 5
      },
      {
        "_path": "Lib/site-packages/lxml/ElementInclude.py",
        "path_type": "hardlink",
        "sha256": "2268fda2bb37473e72a00a0e07b27bf765b322b33502202d7a9315d0509a0679",
        "sha256_in_prefix": "2268fda2bb37473e72a00a0e07b27bf765b322b33502202d7a9315d0509a0679",
        "size_in_bytes": 7668
      },
      {
        "_path": "Lib/site-packages/lxml/ElementInclude.pyc",
        "path_type": "hardlink",
        "sha256": "c3cc4db48449389411e53bf319bf1718ddabd1e63a89a1486190fffdddd2bb31",
        "sha256_in_prefix": "c3cc4db48449389411e53bf319bf1718ddabd1e63a89a1486190fffdddd2bb31",
        "size_in_bytes": 4185
      },
      {
        "_path": "Lib/site-packages/lxml/__init__.py",
        "path_type": "hardlink",
        "sha256": "9582d19fc334ff17673766e11276762fb9a5639cccde0c33d6480b20b2f10b7e",
        "sha256_in_prefix": "9582d19fc334ff17673766e11276762fb9a5639cccde0c33d6480b20b2f10b7e",
        "size_in_bytes": 551
      },
      {
        "_path": "Lib/site-packages/lxml/__init__.pyc",
        "path_type": "hardlink",
        "sha256": "f97420a6b885245bc9a1d016479e6106e4eb1b8ad311cb750e6e6b2099137e23",
        "sha256_in_prefix": "f97420a6b885245bc9a1d016479e6106e4eb1b8ad311cb750e6e6b2099137e23",
        "size_in_bytes": 742
      },
      {
        "_path": "Lib/site-packages/lxml/_elementpath.py",
        "path_type": "hardlink",
        "sha256": "4640530727a1001e1c102e8e481f70927e5bd9d04d895cef613fd805b278fe09",
        "sha256_in_prefix": "4640530727a1001e1c102e8e481f70927e5bd9d04d895cef613fd805b278fe09",
        "size_in_bytes": 10121
      },
      {
        "_path": "Lib/site-packages/lxml/_elementpath.pyc",
        "path_type": "hardlink",
        "sha256": "14d2e06db40c31e33833d1051678e862a8b63ab978c19b51fa72e1d8898ba70f",
        "sha256_in_prefix": "14d2e06db40c31e33833d1051678e862a8b63ab978c19b51fa72e1d8898ba70f",
        "size_in_bytes": 7991
      },
      {
        "_path": "Lib/site-packages/lxml/_elementpath.pyd",
        "path_type": "hardlink",
        "sha256": "2d3e7a173a2edf9fa7132ab643b668bd60d77e2bb6fcfbcefa15102ee67e4b31",
        "sha256_in_prefix": "2d3e7a173a2edf9fa7132ab643b668bd60d77e2bb6fcfbcefa15102ee67e4b31",
        "size_in_bytes": 167936
      },
      {
        "_path": "Lib/site-packages/lxml/builder.py",
        "path_type": "hardlink",
        "sha256": "11b2ff015910dd0519042f724d04084803099d91551d52a859c32ba2a94345fc",
        "sha256_in_prefix": "11b2ff015910dd0519042f724d04084803099d91551d52a859c32ba2a94345fc",
        "size_in_bytes": 7907
      },
      {
        "_path": "Lib/site-packages/lxml/builder.pyc",
        "path_type": "hardlink",
        "sha256": "ce8f7d4216df826656982398de5ad60ab4ed4dcd7f0edf55e38def0bc0acef44",
        "sha256_in_prefix": "ce8f7d4216df826656982398de5ad60ab4ed4dcd7f0edf55e38def0bc0acef44",
        "size_in_bytes": 6310
      },
      {
        "_path": "Lib/site-packages/lxml/builder.pyd",
        "path_type": "hardlink",
        "sha256": "1b2600786dfa6720042915c299987234a546625b54d125012fb5c195c1902c1e",
        "sha256_in_prefix": "1b2600786dfa6720042915c299987234a546625b54d125012fb5c195c1902c1e",
        "size_in_bytes": 88064
      },
      {
        "_path": "Lib/site-packages/lxml/cssselect.py",
        "path_type": "hardlink",
        "sha256": "0034eaa31d81521648ff6f0adba0e777eacfaafc0bd40ecaa57c037ad5d92df0",
        "sha256_in_prefix": "0034eaa31d81521648ff6f0adba0e777eacfaafc0bd40ecaa57c037ad5d92df0",
        "size_in_bytes": 3366
      },
      {
        "_path": "Lib/site-packages/lxml/cssselect.pyc",
        "path_type": "hardlink",
        "sha256": "ffd3df0b010dac98edcc1215cfdedcb9d45cd8444f193d472ca14bc5f174811c",
        "sha256_in_prefix": "ffd3df0b010dac98edcc1215cfdedcb9d45cd8444f193d472ca14bc5f174811c",
        "size_in_bytes": 4030
      },
      {
        "_path": "Lib/site-packages/lxml/doctestcompare.py",
        "path_type": "hardlink",
        "sha256": "735ff4d85ee9e4a13d7a905c3890f4380f35bfb00dac3c84af63fa0368ab0790",
        "sha256_in_prefix": "735ff4d85ee9e4a13d7a905c3890f4380f35bfb00dac3c84af63fa0368ab0790",
        "size_in_bytes": 18387
      },
      {
        "_path": "Lib/site-packages/lxml/doctestcompare.pyc",
        "path_type": "hardlink",
        "sha256": "e46338b6e5b1966ebbcebacfea1348a7d446783888c792852235b202ee79daf8",
        "sha256_in_prefix": "e46338b6e5b1966ebbcebacfea1348a7d446783888c792852235b202ee79daf8",
        "size_in_bytes": 16622
      },
      {
        "_path": "Lib/site-packages/lxml/etree.h",
        "path_type": "hardlink",
        "sha256": "a240a2979e4686639718ed29d215d731db2d159676370fd921a06ab9861828af",
        "sha256_in_prefix": "a240a2979e4686639718ed29d215d731db2d159676370fd921a06ab9861828af",
        "size_in_bytes": 8554
      },
      {
        "_path": "Lib/site-packages/lxml/etree.pyd",
        "path_type": "hardlink",
        "sha256": "20752a0864d19f6513a802e8f0a27fbf858e79d3ff0661842f3ff52ce676e3e2",
        "sha256_in_prefix": "20752a0864d19f6513a802e8f0a27fbf858e79d3ff0661842f3ff52ce676e3e2",
        "size_in_bytes": 2124288
      },
      {
        "_path": "Lib/site-packages/lxml/etree_api.h",
        "path_type": "hardlink",
        "sha256": "4a1e67ca6691152ec68d3eadee445e5591e6a493982d59cd177797bb18e99535",
        "sha256_in_prefix": "4a1e67ca6691152ec68d3eadee445e5591e6a493982d59cd177797bb18e99535",
        "size_in_bytes": 17831
      },
      {
        "_path": "Lib/site-packages/lxml/html/ElementSoup.py",
        "path_type": "hardlink",
        "sha256": "f4d40d92c26612bd0cd83ab368a85759d00b2e8d1bb705708e04c79e47c67ef9",
        "sha256_in_prefix": "f4d40d92c26612bd0cd83ab368a85759d00b2e8d1bb705708e04c79e47c67ef9",
        "size_in_bytes": 319
      },
      {
        "_path": "Lib/site-packages/lxml/html/ElementSoup.pyc",
        "path_type": "hardlink",
        "sha256": "a94b88a2a75d933063c956875a148c82f3e339fc3aededff37972a376977c9dc",
        "sha256_in_prefix": "a94b88a2a75d933063c956875a148c82f3e339fc3aededff37972a376977c9dc",
        "size_in_bytes": 588
      },
      {
        "_path": "Lib/site-packages/lxml/html/__init__.py",
        "path_type": "hardlink",
        "sha256": "660c7b35404b955375c019661e2f3749c42edbf1c92bbf1053af8cd8c99b0b44",
        "sha256_in_prefix": "660c7b35404b955375c019661e2f3749c42edbf1c92bbf1053af8cd8c99b0b44",
        "size_in_bytes": 64889
      },
      {
        "_path": "Lib/site-packages/lxml/html/__init__.pyc",
        "path_type": "hardlink",
        "sha256": "93cf15bccc29d6ed42a9d8caa501c7df71d04a2db536c10486df28c35c5e12db",
        "sha256_in_prefix": "93cf15bccc29d6ed42a9d8caa501c7df71d04a2db536c10486df28c35c5e12db",
        "size_in_bytes": 64490
      },
      {
        "_path": "Lib/site-packages/lxml/html/_diffcommand.py",
        "path_type": "hardlink",
        "sha256": "6aa6ef1238987bd59d7e7429eb611cbfc30dc12deeb44ac7c0447e02c98d0180",
        "sha256_in_prefix": "6aa6ef1238987bd59d7e7429eb611cbfc30dc12deeb44ac7c0447e02c98d0180",
        "size_in_bytes": 2135
      },
      {
        "_path": "Lib/site-packages/lxml/html/_diffcommand.pyc",
        "path_type": "hardlink",
        "sha256": "bb5f3ae38b1f669983e5cb42c48e62e05cf2785f5749c7312cb32154c4d08ab1",
        "sha256_in_prefix": "bb5f3ae38b1f669983e5cb42c48e62e05cf2785f5749c7312cb32154c4d08ab1",
        "size_in_bytes": 2828
      },
      {
        "_path": "Lib/site-packages/lxml/html/_html5builder.py",
        "path_type": "hardlink",
        "sha256": "7004b13744e4b37fefa8203fb176b5a02c7f31cc912fa569b912c0d53f81e7ca",
        "sha256_in_prefix": "7004b13744e4b37fefa8203fb176b5a02c7f31cc912fa569b912c0d53f81e7ca",
        "size_in_bytes": 3246
      },
      {
        "_path": "Lib/site-packages/lxml/html/_html5builder.pyc",
        "path_type": "hardlink",
        "sha256": "8b60495287901f82848f0e6efcd6b08702f92595a6f4b1a6415aea8c88e24e51",
        "sha256_in_prefix": "8b60495287901f82848f0e6efcd6b08702f92595a6f4b1a6415aea8c88e24e51",
        "size_in_bytes": 4361
      },
      {
        "_path": "Lib/site-packages/lxml/html/_setmixin.py",
        "path_type": "hardlink",
        "sha256": "46dd4f6ff1855a9ff9043e468a86416943d465b5703ebb833c924c47b3bb9ed1",
        "sha256_in_prefix": "46dd4f6ff1855a9ff9043e468a86416943d465b5703ebb833c924c47b3bb9ed1",
        "size_in_bytes": 1111
      },
      {
        "_path": "Lib/site-packages/lxml/html/_setmixin.pyc",
        "path_type": "hardlink",
        "sha256": "0cfff2e4b8fe68efe5a57a5d5cc6090b08bb6873711e84e00a8c224bf909dcf0",
        "sha256_in_prefix": "0cfff2e4b8fe68efe5a57a5d5cc6090b08bb6873711e84e00a8c224bf909dcf0",
        "size_in_bytes": 2360
      },
      {
        "_path": "Lib/site-packages/lxml/html/builder.py",
        "path_type": "hardlink",
        "sha256": "d4db8ba8a3d269ab7be70086b9f56ebf58c87812ee4025ac25503f4f65e38d42",
        "sha256_in_prefix": "d4db8ba8a3d269ab7be70086b9f56ebf58c87812ee4025ac25503f4f65e38d42",
        "size_in_bytes": 4310
      },
      {
        "_path": "Lib/site-packages/lxml/html/builder.pyc",
        "path_type": "hardlink",
        "sha256": "ae7faef6e18d73a26c34aa373b7e6e1f371b2e60011b882569f9df0d280e42f0",
        "sha256_in_prefix": "ae7faef6e18d73a26c34aa373b7e6e1f371b2e60011b882569f9df0d280e42f0",
        "size_in_bytes": 3867
      },
      {
        "_path": "Lib/site-packages/lxml/html/clean.py",
        "path_type": "hardlink",
        "sha256": "6e89c9849413028b032300d3a47c9ff0695f0224b47f395ad1ede295e5a0b45c",
        "sha256_in_prefix": "6e89c9849413028b032300d3a47c9ff0695f0224b47f395ad1ede295e5a0b45c",
        "size_in_bytes": 26363
      },
      {
        "_path": "Lib/site-packages/lxml/html/clean.pyc",
        "path_type": "hardlink",
        "sha256": "e3876525fe25f1b12013c3b63010f44f0bd9bfefed8b20613bf6aa3790c98ad2",
        "sha256_in_prefix": "e3876525fe25f1b12013c3b63010f44f0bd9bfefed8b20613bf6aa3790c98ad2",
        "size_in_bytes": 19323
      },
      {
        "_path": "Lib/site-packages/lxml/html/clean.pyd",
        "path_type": "hardlink",
        "sha256": "cb8519b5c2757539aff40673bff445bfd580c73833e734f2e0a8d9dbf3f156af",
        "sha256_in_prefix": "cb8519b5c2757539aff40673bff445bfd580c73833e734f2e0a8d9dbf3f156af",
        "size_in_bytes": 214528
      },
      {
        "_path": "Lib/site-packages/lxml/html/defs.py",
        "path_type": "hardlink",
        "sha256": "c2b5e75fb5ca64934d5255f8ba93a74d5c5579bf2e616dee7c51da1c059d1096",
        "sha256_in_prefix": "c2b5e75fb5ca64934d5255f8ba93a74d5c5579bf2e616dee7c51da1c059d1096",
        "size_in_bytes": 4173
      },
      {
        "_path": "Lib/site-packages/lxml/html/defs.pyc",
        "path_type": "hardlink",
        "sha256": "c882f8ad5cee260ab0786d734b5bb608b0e5f5e5dc39f3c33a726ec8c75a0f02",
        "sha256_in_prefix": "c882f8ad5cee260ab0786d734b5bb608b0e5f5e5dc39f3c33a726ec8c75a0f02",
        "size_in_bytes": 3899
      },
      {
        "_path": "Lib/site-packages/lxml/html/diff.py",
        "path_type": "hardlink",
        "sha256": "c88f120f294bac4560c2f8b4b527315ed5a9d7c380659c783e68bb5dd5d8c722",
        "sha256_in_prefix": "c88f120f294bac4560c2f8b4b527315ed5a9d7c380659c783e68bb5dd5d8c722",
        "size_in_bytes": 30501
      },
      {
        "_path": "Lib/site-packages/lxml/html/diff.pyc",
        "path_type": "hardlink",
        "sha256": "207be7371bfeb718a6185aa06263958794667621339939ec225567ec9098ed3d",
        "sha256_in_prefix": "207be7371bfeb718a6185aa06263958794667621339939ec225567ec9098ed3d",
        "size_in_bytes": 27724
      },
      {
        "_path": "Lib/site-packages/lxml/html/diff.pyd",
        "path_type": "hardlink",
        "sha256": "085a2e24da99e2641e1e4872a69b7db374dd1f3286cf9c2cf7a08adf53d77e76",
        "sha256_in_prefix": "085a2e24da99e2641e1e4872a69b7db374dd1f3286cf9c2cf7a08adf53d77e76",
        "size_in_bytes": 317952
      },
      {
        "_path": "Lib/site-packages/lxml/html/formfill.py",
        "path_type": "hardlink",
        "sha256": "f659efec19eb412d0738163c4e878fd78d3cc4c375c2796da6c63ed024c60694",
        "sha256_in_prefix": "f659efec19eb412d0738163c4e878fd78d3cc4c375c2796da6c63ed024c60694",
        "size_in_bytes": 9689
      },
      {
        "_path": "Lib/site-packages/lxml/html/formfill.pyc",
        "path_type": "hardlink",
        "sha256": "caced71a4df039ba4f6de3c551c14df5e277e1c76af3839030b7caecd046d8eb",
        "sha256_in_prefix": "caced71a4df039ba4f6de3c551c14df5e277e1c76af3839030b7caecd046d8eb",
        "size_in_bytes": 9412
      },
      {
        "_path": "Lib/site-packages/lxml/html/html5parser.py",
        "path_type": "hardlink",
        "sha256": "767c82e1ca87c72c23652ce4d26bb62fb4c74d98f1860e32178a67723bac6bfc",
        "sha256_in_prefix": "767c82e1ca87c72c23652ce4d26bb62fb4c74d98f1860e32178a67723bac6bfc",
        "size_in_bytes": 8634
      },
      {
        "_path": "Lib/site-packages/lxml/html/html5parser.pyc",
        "path_type": "hardlink",
        "sha256": "a76279f930ac73365582b59ebc063fd65958e06cf2ee07b6c47c242eedfd0889",
        "sha256_in_prefix": "a76279f930ac73365582b59ebc063fd65958e06cf2ee07b6c47c242eedfd0889",
        "size_in_bytes": 7772
      },
      {
        "_path": "Lib/site-packages/lxml/html/soupparser.py",
        "path_type": "hardlink",
        "sha256": "b5f76b68c6b23db30109dda41b15284ef36484a51c95f3f72e657d47ce56288e",
        "sha256_in_prefix": "b5f76b68c6b23db30109dda41b15284ef36484a51c95f3f72e657d47ce56288e",
        "size_in_bytes": 10203
      },
      {
        "_path": "Lib/site-packages/lxml/html/soupparser.pyc",
        "path_type": "hardlink",
        "sha256": "b99af2b7b97ae62a08daa77ae4907d374a35b25a0865c10ec6854b6b80715f28",
        "sha256_in_prefix": "b99af2b7b97ae62a08daa77ae4907d374a35b25a0865c10ec6854b6b80715f28",
        "size_in_bytes": 9405
      },
      {
        "_path": "Lib/site-packages/lxml/html/usedoctest.py",
        "path_type": "hardlink",
        "sha256": "b4f966573e0a2b5191295e4324badd54409eaac4fd3e50f34aaa93a1d562e6cd",
        "sha256_in_prefix": "b4f966573e0a2b5191295e4324badd54409eaac4fd3e50f34aaa93a1d562e6cd",
        "size_in_bytes": 249
      },
      {
        "_path": "Lib/site-packages/lxml/html/usedoctest.pyc",
        "path_type": "hardlink",
        "sha256": "c5439f1a8bc7b0b0fe33238829b140fd0144a463601e8b5594ce9a329db86ce4",
        "sha256_in_prefix": "c5439f1a8bc7b0b0fe33238829b140fd0144a463601e8b5594ce9a329db86ce4",
        "size_in_bytes": 447
      },
      {
        "_path": "Lib/site-packages/lxml/includes/__init__.pxd",
        "path_type": "hardlink",
        "sha256": "e3b0c44298fc1c149afbf4c8996fb92427ae41e4649b934ca495991b7852b855",
        "sha256_in_prefix": "e3b0c44298fc1c149afbf4c8996fb92427ae41e4649b934ca495991b7852b855",
        "size_in_bytes": 0
      },
      {
        "_path": "Lib/site-packages/lxml/includes/__init__.py",
        "path_type": "hardlink",
        "sha256": "e3b0c44298fc1c149afbf4c8996fb92427ae41e4649b934ca495991b7852b855",
        "sha256_in_prefix": "e3b0c44298fc1c149afbf4c8996fb92427ae41e4649b934ca495991b7852b855",
        "size_in_bytes": 0
      },
      {
        "_path": "Lib/site-packages/lxml/includes/__init__.pyc",
        "path_type": "hardlink",
        "sha256": "9dee632a677d2cf8bdad358d4663df5033f8612040b4be02f6a0d373db185049",
        "sha256_in_prefix": "9dee632a677d2cf8bdad358d4663df5033f8612040b4be02f6a0d373db185049",
        "size_in_bytes": 130
      },
      {
        "_path": "Lib/site-packages/lxml/includes/c14n.pxd",
        "path_type": "hardlink",
        "sha256": "a467fdd749951fd21d05beebfda13e279f5ac4841ca851f84b1fd39b43c0d66d",
        "sha256_in_prefix": "a467fdd749951fd21d05beebfda13e279f5ac4841ca851f84b1fd39b43c0d66d",
        "size_in_bytes": 1123
      },
      {
        "_path": "Lib/site-packages/lxml/includes/config.pxd",
        "path_type": "hardlink",
        "sha256": "1fa32b97c22ddb5873448da1ccc21df56e3c42a918624a0b4f876788b366753c",
        "sha256_in_prefix": "1fa32b97c22ddb5873448da1ccc21df56e3c42a918624a0b4f876788b366753c",
        "size_in_bytes": 96
      },
      {
        "_path": "Lib/site-packages/lxml/includes/dtdvalid.pxd",
        "path_type": "hardlink",
        "sha256": "45fdaf4416cce0ed403a222c524ff933ba55dc3cf7d3db12ec271ddb31851d3d",
        "sha256_in_prefix": "45fdaf4416cce0ed403a222c524ff933ba55dc3cf7d3db12ec271ddb31851d3d",
        "size_in_bytes": 671
      },
      {
        "_path": "Lib/site-packages/lxml/includes/etree_defs.h",
        "path_type": "hardlink",
        "sha256": "1c69009b01f89038fd4103a0d00970d6346e2a40a6560e327a24f3f7780d8eb4",
        "sha256_in_prefix": "1c69009b01f89038fd4103a0d00970d6346e2a40a6560e327a24f3f7780d8eb4",
        "size_in_bytes": 15762
      },
      {
        "_path": "Lib/site-packages/lxml/includes/etreepublic.pxd",
        "path_type": "hardlink",
        "sha256": "ddc76321595f91e6566146afe32fd3dae1f0028f325024e50af34b12fb19fda2",
        "sha256_in_prefix": "ddc76321595f91e6566146afe32fd3dae1f0028f325024e50af34b12fb19fda2",
        "size_in_bytes": 10122
      },
      {
        "_path": "Lib/site-packages/lxml/includes/htmlparser.pxd",
        "path_type": "hardlink",
        "sha256": "55adaa6ece73568904467e7b1db0d8fff0a20503a8092e2e23dc047c29d3eb39",
        "sha256_in_prefix": "55adaa6ece73568904467e7b1db0d8fff0a20503a8092e2e23dc047c29d3eb39",
        "size_in_bytes": 2868
      },
      {
        "_path": "Lib/site-packages/lxml/includes/lxml-version.h",
        "path_type": "hardlink",
        "sha256": "68fdc26816681a21e5b6ba0f22f4cf0faa672ad5c81dd78c284d7138e291074e",
        "sha256_in_prefix": "68fdc26816681a21e5b6ba0f22f4cf0faa672ad5c81dd78c284d7138e291074e",
        "size_in_bytes": 71
      },
      {
        "_path": "Lib/site-packages/lxml/includes/relaxng.pxd",
        "path_type": "hardlink",
        "sha256": "d76c9aa63a8364b17f1d395cb925d2a10a4f18ad4d53b7e3ee0cd2d4417c919c",
        "sha256_in_prefix": "d76c9aa63a8364b17f1d395cb925d2a10a4f18ad4d53b7e3ee0cd2d4417c919c",
        "size_in_bytes": 2669
      },
      {
        "_path": "Lib/site-packages/lxml/includes/schematron.pxd",
        "path_type": "hardlink",
        "sha256": "e7f3d4a4b1d3cf3619fddfbc7763a328b770b4b21d3a6ec2db41c55005fc843e",
        "sha256_in_prefix": "e7f3d4a4b1d3cf3619fddfbc7763a328b770b4b21d3a6ec2db41c55005fc843e",
        "size_in_bytes": 1640
      },
      {
        "_path": "Lib/site-packages/lxml/includes/tree.pxd",
        "path_type": "hardlink",
        "sha256": "aa2b8dc1744a02c574c49a1234198a73b45c9439ffe4623ddcc0877acdb16d6f",
        "sha256_in_prefix": "aa2b8dc1744a02c574c49a1234198a73b45c9439ffe4623ddcc0877acdb16d6f",
        "size_in_bytes": 19952
      },
      {
        "_path": "Lib/site-packages/lxml/includes/uri.pxd",
        "path_type": "hardlink",
        "sha256": "e703eda4653526d766a59313cd1f04b306b38a13f7771927b3a160a3d3563adf",
        "sha256_in_prefix": "e703eda4653526d766a59313cd1f04b306b38a13f7771927b3a160a3d3563adf",
        "size_in_bytes": 139
      },
      {
        "_path": "Lib/site-packages/lxml/includes/xinclude.pxd",
        "path_type": "hardlink",
        "sha256": "a275c3ef52d57406d78d48fcdbf483b528b136c361f316eee8d77dc745776e63",
        "sha256_in_prefix": "a275c3ef52d57406d78d48fcdbf483b528b136c361f316eee8d77dc745776e63",
        "size_in_bytes": 852
      },
      {
        "_path": "Lib/site-packages/lxml/includes/xmlerror.pxd",
        "path_type": "hardlink",
        "sha256": "ad5fa7cc6e13c209cd8eec3bc3af1a6e618393f73c2c69b863c7f9a0fc3c3957",
        "sha256_in_prefix": "ad5fa7cc6e13c209cd8eec3bc3af1a6e618393f73c2c69b863c7f9a0fc3c3957",
        "size_in_bytes": 57935
      },
      {
        "_path": "Lib/site-packages/lxml/includes/xmlparser.pxd",
        "path_type": "hardlink",
        "sha256": "bfe1b7635d5e4780b57b622658b986669b9303dd18f4dfeecbef07d3ecf0258f",
        "sha256_in_prefix": "bfe1b7635d5e4780b57b622658b986669b9303dd18f4dfeecbef07d3ecf0258f",
        "size_in_bytes": 10852
      },
      {
        "_path": "Lib/site-packages/lxml/includes/xmlschema.pxd",
        "path_type": "hardlink",
        "sha256": "c98405ac828043f7de7a710d576e17d80672048606065b510e6f6a07b098330c",
        "sha256_in_prefix": "c98405ac828043f7de7a710d576e17d80672048606065b510e6f6a07b098330c",
        "size_in_bytes": 1696
      },
      {
        "_path": "Lib/site-packages/lxml/includes/xpath.pxd",
        "path_type": "hardlink",
        "sha256": "b4a600730a5b491abcaabb19d8849562f11a2e7095f4669d342e68fdff146bf8",
        "sha256_in_prefix": "b4a600730a5b491abcaabb19d8849562f11a2e7095f4669d342e68fdff146bf8",
        "size_in_bytes": 5794
      },
      {
        "_path": "Lib/site-packages/lxml/includes/xslt.pxd",
        "path_type": "hardlink",
        "sha256": "a8153ed1d2e120c405bf9f08e2ad57901abd409a49cca1002bda8114f5c18ff8",
        "sha256_in_prefix": "a8153ed1d2e120c405bf9f08e2ad57901abd409a49cca1002bda8114f5c18ff8",
        "size_in_bytes": 8341
      },
      {
        "_path": "Lib/site-packages/lxml/isoschematron/__init__.py",
        "path_type": "hardlink",
        "sha256": "173ae978125eb6cff0e811f7316d556f04df4e14b7e572ff1e4d1b1abf8d70e4",
        "sha256_in_prefix": "173ae978125eb6cff0e811f7316d556f04df4e14b7e572ff1e4d1b1abf8d70e4",
        "size_in_bytes": 12408
      },
      {
        "_path": "Lib/site-packages/lxml/isoschematron/__init__.pyc",
        "path_type": "hardlink",
        "sha256": "22a184929d996daf1d33ed28bfebf934064c50a4e7f0aba1a8e5e9cd0138879e",
        "sha256_in_prefix": "22a184929d996daf1d33ed28bfebf934064c50a4e7f0aba1a8e5e9cd0138879e",
        "size_in_bytes": 10895
      },
      {
        "_path": "Lib/site-packages/lxml/isoschematron/resources/rng/iso-schematron.rng",
        "path_type": "hardlink",
        "sha256": "705bdfece6dbb87879d9ec40a8c9530651aefb98ae387da9134584464742d539",
        "sha256_in_prefix": "705bdfece6dbb87879d9ec40a8c9530651aefb98ae387da9134584464742d539",
        "size_in_bytes": 15572
      },
      {
        "_path": "Lib/site-packages/lxml/isoschematron/resources/xsl/RNG2Schtrn.xsl",
        "path_type": "hardlink",
        "sha256": "39b79bb01f16b7e777b8803f539354f394e99d0dcfc4f5f7f1374e02aa2c31a7",
        "sha256_in_prefix": "39b79bb01f16b7e777b8803f539354f394e99d0dcfc4f5f7f1374e02aa2c31a7",
        "size_in_bytes": 3172
      },
      {
        "_path": "Lib/site-packages/lxml/isoschematron/resources/xsl/XSD2Schtrn.xsl",
        "path_type": "hardlink",
        "sha256": "430791ac820cfb315c820f7c19703609a59f21b8151345ca11e6127efbfaec0d",
        "sha256_in_prefix": "430791ac820cfb315c820f7c19703609a59f21b8151345ca11e6127efbfaec0d",
        "size_in_bytes": 4563
      },
      {
        "_path": "Lib/site-packages/lxml/isoschematron/resources/xsl/iso-schematron-xslt1/iso_abstract_expand.xsl",
        "path_type": "hardlink",
        "sha256": "d1275963ba2a6c381bb888c1f4da541cb5db326147564c481146704dade244c3",
        "sha256_in_prefix": "d1275963ba2a6c381bb888c1f4da541cb5db326147564c481146704dade244c3",
        "size_in_bytes": 10917
      },
      {
        "_path": "Lib/site-packages/lxml/isoschematron/resources/xsl/iso-schematron-xslt1/iso_dsdl_include.xsl",
        "path_type": "hardlink",
        "sha256": "c78d9027e771435c1a3f3c9db02a109e9d978f5e72e779d6e373bb06ea034479",
        "sha256_in_prefix": "c78d9027e771435c1a3f3c9db02a109e9d978f5e72e779d6e373bb06ea034479",
        "size_in_bytes": 39957
      },
      {
        "_path": "Lib/site-packages/lxml/isoschematron/resources/xsl/iso-schematron-xslt1/iso_schematron_message.xsl",
        "path_type": "hardlink",
        "sha256": "4ebf419ceea9ce3556c21a897e6d74525bc0cbde4481f482cf688c96b5464fa4",
        "sha256_in_prefix": "4ebf419ceea9ce3556c21a897e6d74525bc0cbde4481f482cf688c96b5464fa4",
        "size_in_bytes": 2015
      },
      {
        "_path": "Lib/site-packages/lxml/isoschematron/resources/xsl/iso-schematron-xslt1/iso_schematron_skeleton_for_xslt1.xsl",
        "path_type": "hardlink",
        "sha256": "b9ef2affcf17e1efe3b098b3a37d4644d07136177190413d7d8db4a2ad08ab09",
        "sha256_in_prefix": "b9ef2affcf17e1efe3b098b3a37d4644d07136177190413d7d8db4a2ad08ab09",
        "size_in_bytes": 71764
      },
      {
        "_path": "Lib/site-packages/lxml/isoschematron/resources/xsl/iso-schematron-xslt1/iso_svrl_for_xslt1.xsl",
        "path_type": "hardlink",
        "sha256": "04101db154a2e730337867a9b8dea04b5b1a408343a884d72a99669a3e1d4d68",
        "sha256_in_prefix": "04101db154a2e730337867a9b8dea04b5b1a408343a884d72a99669a3e1d4d68",
        "size_in_bytes": 20382
      },
      {
        "_path": "Lib/site-packages/lxml/isoschematron/resources/xsl/iso-schematron-xslt1/readme.txt",
        "path_type": "hardlink",
        "sha256": "0154c53d9a442b3b87afb3af4199a1694dcbbf02b3d3a009c3c993fe9361db22",
        "sha256_in_prefix": "0154c53d9a442b3b87afb3af4199a1694dcbbf02b3d3a009c3c993fe9361db22",
        "size_in_bytes": 3144
      },
      {
        "_path": "Lib/site-packages/lxml/lxml.etree.h",
        "path_type": "hardlink",
        "sha256": "a240a2979e4686639718ed29d215d731db2d159676370fd921a06ab9861828af",
        "sha256_in_prefix": "a240a2979e4686639718ed29d215d731db2d159676370fd921a06ab9861828af",
        "size_in_bytes": 8554
      },
      {
        "_path": "Lib/site-packages/lxml/lxml.etree_api.h",
        "path_type": "hardlink",
        "sha256": "40c355a6880ddf7584a77c7d03c42191dbfbebbaf1ce22f0d2da36a06bf82995",
        "sha256_in_prefix": "40c355a6880ddf7584a77c7d03c42191dbfbebbaf1ce22f0d2da36a06bf82995",
        "size_in_bytes": 17836
      },
      {
        "_path": "Lib/site-packages/lxml/objectify.pyd",
        "path_type": "hardlink",
        "sha256": "27eec3edfa6cd13c2d306914a3ee1ee8fead2d439be50d8e7954742ff391eeea",
        "sha256_in_prefix": "27eec3edfa6cd13c2d306914a3ee1ee8fead2d439be50d8e7954742ff391eeea",
        "size_in_bytes": 379392
      },
      {
        "_path": "Lib/site-packages/lxml/pyclasslookup.py",
        "path_type": "hardlink",
        "sha256": "80b0f51ccd87b484d86221b38c439ec12c1b07b5e4571fcd66ffeab82b7bf4e7",
        "sha256_in_prefix": "80b0f51ccd87b484d86221b38c439ec12c1b07b5e4571fcd66ffeab82b7bf4e7",
        "size_in_bytes": 92
      },
      {
        "_path": "Lib/site-packages/lxml/pyclasslookup.pyc",
        "path_type": "hardlink",
        "sha256": "8b8c379302a3a511495d02c55bef34cff98daa09839f72ff24061f9139782c87",
        "sha256_in_prefix": "8b8c379302a3a511495d02c55bef34cff98daa09839f72ff24061f9139782c87",
        "size_in_bytes": 201
      },
      {
        "_path": "Lib/site-packages/lxml/sax.py",
        "path_type": "hardlink",
        "sha256": "1b79ad984a05b59484c9385c6a52ed05dc67d0564db423e9ce24e7c1118352fd",
        "sha256_in_prefix": "1b79ad984a05b59484c9385c6a52ed05dc67d0564db423e9ce24e7c1118352fd",
        "size_in_bytes": 8524
      },
      {
        "_path": "Lib/site-packages/lxml/sax.pyc",
        "path_type": "hardlink",
        "sha256": "741e8ac67f36279836d9e2455ddb51202b56ab7388456c874caaa29026526c7d",
        "sha256_in_prefix": "741e8ac67f36279836d9e2455ddb51202b56ab7388456c874caaa29026526c7d",
        "size_in_bytes": 8482
      },
      {
        "_path": "Lib/site-packages/lxml/usedoctest.py",
        "path_type": "hardlink",
        "sha256": "a9181929055c019725fb33740085d52673ac113517cf69cf5e4c6ececd651a09",
        "sha256_in_prefix": "a9181929055c019725fb33740085d52673ac113517cf69cf5e4c6ececd651a09",
        "size_in_bytes": 230
      },
      {
        "_path": "Lib/site-packages/lxml/usedoctest.pyc",
        "path_type": "hardlink",
        "sha256": "6a1ecc705a2f40de4ef92f3bdf29623c1d3e65ff0d4c8f0c5372b68e0004af5e",
        "sha256_in_prefix": "6a1ecc705a2f40de4ef92f3bdf29623c1d3e65ff0d4c8f0c5372b68e0004af5e",
        "size_in_bytes": 410
      }
    ],
    "paths_version": 1
  },
  "platform": "win32",
  "requested_spec": "None",
  "size": 1328977,
  "subdir": "win-64",
  "timestamp": 1529959667416,
  "track_features": "",
  "url": "https://conda.anaconda.org/conda-forge/win-64/lxml-4.2.2-py27h803002f_0.tar.bz2",
  "version": "4.2.2"
}