{
  "arch": "x86_64",
  "build": "py27_1000",
  "build_number": 1000,
  "channel": "https://conda.anaconda.org/conda-forge/win-64",
  "constrains": [],
  "depends": [
    "python >=2.7,<2.8.0a0",
    "six >=1.0.0,<2.0.0"
  ],
  "extracted_package_dir": "C:\\Users\\Fabiano\\Anaconda2\\pkgs\\more-itertools-4.3.0-py27_1000",
  "features": "",
  "files": [
    "Lib/site-packages/more_itertools-4.3.0.dist-info/INSTALLER",
    "Lib/site-packages/more_itertools-4.3.0.dist-info/LICENSE",
    "Lib/site-packages/more_itertools-4.3.0.dist-info/METADATA",
    "Lib/site-packages/more_itertools-4.3.0.dist-info/RECORD",
    "Lib/site-packages/more_itertools-4.3.0.dist-info/WHEEL",
    "Lib/site-packages/more_itertools-4.3.0.dist-info/top_level.txt",
    "Lib/site-packages/more_itertools/__init__.py",
    "Lib/site-packages/more_itertools/__init__.pyc",
    "Lib/site-packages/more_itertools/more.py",
    "Lib/site-packages/more_itertools/more.pyc",
    "Lib/site-packages/more_itertools/recipes.py",
    "Lib/site-packages/more_itertools/recipes.pyc",
    "Lib/site-packages/more_itertools/tests/__init__.py",
    "Lib/site-packages/more_itertools/tests/__init__.pyc",
    "Lib/site-packages/more_itertools/tests/test_more.py",
    "Lib/site-packages/more_itertools/tests/test_more.pyc",
    "Lib/site-packages/more_itertools/tests/test_recipes.py",
    "Lib/site-packages/more_itertools/tests/test_recipes.pyc"
  ],
  "fn": "more-itertools-4.3.0-py27_1000.tar.bz2",
  "license": "MIT",
  "license_family": "MIT",
  "link": {
    "source": "C:\\Users\\Fabiano\\Anaconda2\\pkgs\\more-itertools-4.3.0-py27_1000",
    "type": 1
  },
  "md5": "871ace78dd74146733f3a69d20ce5f4e",
  "name": "more-itertools",
  "package_tarball_full_path": "C:\\Users\\Fabiano\\Anaconda2\\pkgs\\more-itertools-4.3.0-py27_1000.tar.bz2",
  "paths_data": {
    "paths": [
      {
        "_path": "Lib/site-packages/more_itertools-4.3.0.dist-info/INSTALLER",
        "path_type": "hardlink",
        "sha256": "ceebae7b8927a3227e5303cf5e0f1f7b34bb542ad7250ac03fbcde36ec2f1508",
        "sha256_in_prefix": "ceebae7b8927a3227e5303cf5e0f1f7b34bb542ad7250ac03fbcde36ec2f1508",
        "size_in_bytes": 4
      },
      {
        "_path": "Lib/site-packages/more_itertools-4.3.0.dist-info/LICENSE",
        "path_type": "hardlink",
        "sha256": "09f1c8c9e941af3e584d59641ea9b87d83c0cb0fd007eb5ef391a7e2643c1a46",
        "sha256_in_prefix": "09f1c8c9e941af3e584d59641ea9b87d83c0cb0fd007eb5ef391a7e2643c1a46",
        "size_in_bytes": 1053
      },
      {
        "_path": "Lib/site-packages/more_itertools-4.3.0.dist-info/METADATA",
        "path_type": "hardlink",
        "sha256": "f8b4fe2df0441c63bd0ae83c66d15e2b39098869a1f37994de6a7be60ca28489",
        "sha256_in_prefix": "f8b4fe2df0441c63bd0ae83c66d15e2b39098869a1f37994de6a7be60ca28489",
        "size_in_bytes": 33357
      },
      {
        "_path": "Lib/site-packages/more_itertools-4.3.0.dist-info/RECORD",
        "path_type": "hardlink",
        "sha256": "2bc9ee3a354c9db74390d8434dc73ea724e04859589ce37331b1f1dcfc03ed07",
        "sha256_in_prefix": "2bc9ee3a354c9db74390d8434dc73ea724e04859589ce37331b1f1dcfc03ed07",
        "size_in_bytes": 1247
      },
      {
        "_path": "Lib/site-packages/more_itertools-4.3.0.dist-info/WHEEL",
        "path_type": "hardlink",
        "sha256": "cc09394690e1e34b22751ead6cac0c4d5973f85e3ff39f8433123595172ee4c2",
        "sha256_in_prefix": "cc09394690e1e34b22751ead6cac0c4d5973f85e3ff39f8433123595172ee4c2",
        "size_in_bytes": 98
      },
      {
        "_path": "Lib/site-packages/more_itertools-4.3.0.dist-info/top_level.txt",
        "path_type": "hardlink",
        "sha256": "7c0baa457bbd2cf871741f6e8c9a307053aed6b67cc334a9396f7f8e52a2b3a3",
        "sha256_in_prefix": "7c0baa457bbd2cf871741f6e8c9a307053aed6b67cc334a9396f7f8e52a2b3a3",
        "size_in_bytes": 15
      },
      {
        "_path": "Lib/site-packages/more_itertools/__init__.py",
        "path_type": "hardlink",
        "sha256": "4be9fa4bd37752996a537a7eec057ed599e5eb2270b97b09b6aae512af6d394c",
        "sha256_in_prefix": "4be9fa4bd37752996a537a7eec057ed599e5eb2270b97b09b6aae512af6d394c",
        "size_in_bytes": 87
      },
      {
        "_path": "Lib/site-packages/more_itertools/__init__.pyc",
        "path_type": "hardlink",
        "sha256": "ccc2aeff52d74cc2277ea62d670e87e9393d81f6dbc605b880694316e2e5c55e",
        "sha256_in_prefix": "ccc2aeff52d74cc2277ea62d670e87e9393d81f6dbc605b880694316e2e5c55e",
        "size_in_bytes": 220
      },
      {
        "_path": "Lib/site-packages/more_itertools/more.py",
        "path_type": "hardlink",
        "sha256": "80e12f6c48f618352a55d10d4f26466ac8e5c6a30226bcdf57896e731a6e4b94",
        "sha256_in_prefix": "80e12f6c48f618352a55d10d4f26466ac8e5c6a30226bcdf57896e731a6e4b94",
        "size_in_bytes": 70020
      },
      {
        "_path": "Lib/site-packages/more_itertools/more.pyc",
        "path_type": "hardlink",
        "sha256": "c4d073d1aa972d8899ae12803a8f3c5dc7ce134c278ef1ce0cc4a640e0c384fd",
        "sha256_in_prefix": "c4d073d1aa972d8899ae12803a8f3c5dc7ce134c278ef1ce0cc4a640e0c384fd",
        "size_in_bytes": 73281
      },
      {
        "_path": "Lib/site-packages/more_itertools/recipes.py",
        "path_type": "hardlink",
        "sha256": "6312cd44701b32eff4c2847976d2600ad2a3a86c301c7f343f9eac6b41a37a25",
        "sha256_in_prefix": "6312cd44701b32eff4c2847976d2600ad2a3a86c301c7f343f9eac6b41a37a25",
        "size_in_bytes": 14960
      },
      {
        "_path": "Lib/site-packages/more_itertools/recipes.pyc",
        "path_type": "hardlink",
        "sha256": "23c88ecf860c258865429a77e3cb618308ca4e1e782ead2d7b16e6a070212c13",
        "sha256_in_prefix": "23c88ecf860c258865429a77e3cb618308ca4e1e782ead2d7b16e6a070212c13",
        "size_in_bytes": 18494
      },
      {
        "_path": "Lib/site-packages/more_itertools/tests/__init__.py",
        "path_type": "hardlink",
        "sha256": "e3b0c44298fc1c149afbf4c8996fb92427ae41e4649b934ca495991b7852b855",
        "sha256_in_prefix": "e3b0c44298fc1c149afbf4c8996fb92427ae41e4649b934ca495991b7852b855",
        "size_in_bytes": 0
      },
      {
        "_path": "Lib/site-packages/more_itertools/tests/__init__.pyc",
        "path_type": "hardlink",
        "sha256": "f106a98b5bd08a070a4c170706312a4e2ce407f904c3c41e8cd91b8fe239dd48",
        "sha256_in_prefix": "f106a98b5bd08a070a4c170706312a4e2ce407f904c3c41e8cd91b8fe239dd48",
        "size_in_bytes": 137
      },
      {
        "_path": "Lib/site-packages/more_itertools/tests/test_more.py",
        "path_type": "hardlink",
        "sha256": "7d69c5c3e6c83748798b94dad232def6ceead037adeda7d330be8b00797d2d8d",
        "sha256_in_prefix": "7d69c5c3e6c83748798b94dad232def6ceead037adeda7d330be8b00797d2d8d",
        "size_in_bytes": 70672
      },
      {
        "_path": "Lib/site-packages/more_itertools/tests/test_more.pyc",
        "path_type": "hardlink",
        "sha256": "958599e889ec8a4f6812570236663edb85521876a58d4279df9194567da6a090",
        "sha256_in_prefix": "958599e889ec8a4f6812570236663edb85521876a58d4279df9194567da6a090",
        "size_in_bytes": 113352
      },
      {
        "_path": "Lib/site-packages/more_itertools/tests/test_recipes.py",
        "path_type": "hardlink",
        "sha256": "7d9c949d1864838a7129d77edd198cfe6698d3f73295622f06d29866fb1ee9eb",
        "sha256_in_prefix": "7d9c949d1864838a7129d77edd198cfe6698d3f73295622f06d29866fb1ee9eb",
        "size_in_bytes": 19837
      },
      {
        "_path": "Lib/site-packages/more_itertools/tests/test_recipes.pyc",
        "path_type": "hardlink",
        "sha256": "8b1272e5415f17ecfbdb9201c05a3971601c65fbc18f44e135c1d5dca21997fa",
        "sha256_in_prefix": "8b1272e5415f17ecfbdb9201c05a3971601c65fbc18f44e135c1d5dca21997fa",
        "size_in_bytes": 38042
      }
    ],
    "paths_version": 1
  },
  "platform": "win32",
  "requested_spec": "None",
  "size": 81675,
  "subdir": "win-64",
  "timestamp": 1538637484377,
  "track_features": "",
  "url": "https://conda.anaconda.org/conda-forge/win-64/more-itertools-4.3.0-py27_1000.tar.bz2",
  "version": "4.3.0"
}