{
  "arch": "x86_64",
  "build": "vc9_0",
  "build_number": 0,
  "channel": "https://conda.anaconda.org/conda-forge/win-64",
  "constrains": [],
  "depends": [
    "ca-certificates"
  ],
  "extracted_package_dir": "C:\\Users\\Fabiano\\Anaconda2\\pkgs\\openssl-1.0.2o-vc9_0",
  "features": "vc9",
  "files": [
    "Library/bin/libeay32.dll",
    "Library/bin/ssleay32.dll",
    "Library/include/openssl/aes.h",
    "Library/include/openssl/applink.c",
    "Library/include/openssl/asn1.h",
    "Library/include/openssl/asn1_mac.h",
    "Library/include/openssl/asn1t.h",
    "Library/include/openssl/bio.h",
    "Library/include/openssl/blowfish.h",
    "Library/include/openssl/bn.h",
    "Library/include/openssl/buffer.h",
    "Library/include/openssl/camellia.h",
    "Library/include/openssl/cast.h",
    "Library/include/openssl/cmac.h",
    "Library/include/openssl/cms.h",
    "Library/include/openssl/comp.h",
    "Library/include/openssl/conf.h",
    "Library/include/openssl/conf_api.h",
    "Library/include/openssl/crypto.h",
    "Library/include/openssl/des.h",
    "Library/include/openssl/des_old.h",
    "Library/include/openssl/dh.h",
    "Library/include/openssl/dsa.h",
    "Library/include/openssl/dso.h",
    "Library/include/openssl/dtls1.h",
    "Library/include/openssl/e_os2.h",
    "Library/include/openssl/ebcdic.h",
    "Library/include/openssl/ec.h",
    "Library/include/openssl/ecdh.h",
    "Library/include/openssl/ecdsa.h",
    "Library/include/openssl/engine.h",
    "Library/include/openssl/err.h",
    "Library/include/openssl/evp.h",
    "Library/include/openssl/hmac.h",
    "Library/include/openssl/idea.h",
    "Library/include/openssl/krb5_asn.h",
    "Library/include/openssl/kssl.h",
    "Library/include/openssl/lhash.h",
    "Library/include/openssl/md4.h",
    "Library/include/openssl/md5.h",
    "Library/include/openssl/mdc2.h",
    "Library/include/openssl/modes.h",
    "Library/include/openssl/obj_mac.h",
    "Library/include/openssl/objects.h",
    "Library/include/openssl/ocsp.h",
    "Library/include/openssl/opensslconf.h",
    "Library/include/openssl/opensslv.h",
    "Library/include/openssl/ossl_typ.h",
    "Library/include/openssl/pem.h",
    "Library/include/openssl/pem2.h",
    "Library/include/openssl/pkcs12.h",
    "Library/include/openssl/pkcs7.h",
    "Library/include/openssl/pqueue.h",
    "Library/include/openssl/rand.h",
    "Library/include/openssl/rc2.h",
    "Library/include/openssl/rc4.h",
    "Library/include/openssl/ripemd.h",
    "Library/include/openssl/rsa.h",
    "Library/include/openssl/safestack.h",
    "Library/include/openssl/seed.h",
    "Library/include/openssl/sha.h",
    "Library/include/openssl/srp.h",
    "Library/include/openssl/srtp.h",
    "Library/include/openssl/ssl.h",
    "Library/include/openssl/ssl2.h",
    "Library/include/openssl/ssl23.h",
    "Library/include/openssl/ssl3.h",
    "Library/include/openssl/stack.h",
    "Library/include/openssl/symhacks.h",
    "Library/include/openssl/tls1.h",
    "Library/include/openssl/ts.h",
    "Library/include/openssl/txt_db.h",
    "Library/include/openssl/ui.h",
    "Library/include/openssl/ui_compat.h",
    "Library/include/openssl/whrlpool.h",
    "Library/include/openssl/x509.h",
    "Library/include/openssl/x509_vfy.h",
    "Library/include/openssl/x509v3.h",
    "Library/lib/libeay32.lib",
    "Library/lib/libeay32_static.lib",
    "Library/lib/ssleay32.lib",
    "Library/lib/ssleay32_static.lib",
    "openssl.exe"
  ],
  "fn": "openssl-1.0.2o-vc9_0.tar.bz2",
  "license": "OpenSSL",
  "license_family": "Apache",
  "link": {
    "source": "C:\\Users\\Fabiano\\Anaconda2\\pkgs\\openssl-1.0.2o-vc9_0",
    "type": 1
  },
  "md5": "f454e13865bbfa01e4bcfc0491f09975",
  "name": "openssl",
  "package_tarball_full_path": "C:\\Users\\Fabiano\\Anaconda2\\pkgs\\openssl-1.0.2o-vc9_0.tar.bz2",
  "paths_data": {
    "paths": [
      {
        "_path": "Library/bin/libeay32.dll",
        "path_type": "hardlink",
        "sha256": "30962e8dbb23158d494d8f6dc01e5152ed8129328320b9eabb72e2bb68897353",
        "sha256_in_prefix": "30962e8dbb23158d494d8f6dc01e5152ed8129328320b9eabb72e2bb68897353",
        "size_in_bytes": 1979392
      },
      {
        "_path": "Library/bin/ssleay32.dll",
        "path_type": "hardlink",
        "sha256": "06beb173af666a491c0400802412aeeda9c470a9af0ddcc36178d06be0040dc7",
        "sha256_in_prefix": "06beb173af666a491c0400802412aeeda9c470a9af0ddcc36178d06be0040dc7",
        "size_in_bytes": 364032
      },
      {
        "_path": "Library/include/openssl/aes.h",
        "path_type": "hardlink",
        "sha256": "6ec0ec06504b49f669f395a28c922077c6f0ceb8ec381458380450eafe70d29a",
        "sha256_in_prefix": "6ec0ec06504b49f669f395a28c922077c6f0ceb8ec381458380450eafe70d29a",
        "size_in_bytes": 6146
      },
      {
        "_path": "Library/include/openssl/applink.c",
        "path_type": "hardlink",
        "sha256": "3d98b13cfb3e927c778422ea6c813f8354c0ee3398e2a7205158850b25042477",
        "sha256_in_prefix": "3d98b13cfb3e927c778422ea6c813f8354c0ee3398e2a7205158850b25042477",
        "size_in_bytes": 3176
      },
      {
        "_path": "Library/include/openssl/asn1.h",
        "path_type": "hardlink",
        "sha256": "149dad543f3b9aba86b85c9c35a2af67713dc60b2a7a2edc90189699fbc3c670",
        "sha256_in_prefix": "149dad543f3b9aba86b85c9c35a2af67713dc60b2a7a2edc90189699fbc3c670",
        "size_in_bytes": 63204
      },
      {
        "_path": "Library/include/openssl/asn1_mac.h",
        "path_type": "hardlink",
        "sha256": "149760269cfd04e0ab08aa0b767b1eb8e25451bc7bdca668e1ec5505479932c8",
        "sha256_in_prefix": "149760269cfd04e0ab08aa0b767b1eb8e25451bc7bdca668e1ec5505479932c8",
        "size_in_bytes": 24435
      },
      {
        "_path": "Library/include/openssl/asn1t.h",
        "path_type": "hardlink",
        "sha256": "159ac3e637b5f0fa5a11c5d0bee17a6b35b6a3152f7a52c0e62d6094a715bf7e",
        "sha256_in_prefix": "159ac3e637b5f0fa5a11c5d0bee17a6b35b6a3152f7a52c0e62d6094a715bf7e",
        "size_in_bytes": 34475
      },
      {
        "_path": "Library/include/openssl/bio.h",
        "path_type": "hardlink",
        "sha256": "13fefa342953ac742dcb7f019cf69ae3077ab9e619030f82ee8e5775f13816e5",
        "sha256_in_prefix": "13fefa342953ac742dcb7f019cf69ae3077ab9e619030f82ee8e5775f13816e5",
        "size_in_bytes": 38742
      },
      {
        "_path": "Library/include/openssl/blowfish.h",
        "path_type": "hardlink",
        "sha256": "b7b98fd01b32491aff0e1164b4e7c0d3c1796dec9760faf57e62dd7a2c00abae",
        "sha256_in_prefix": "b7b98fd01b32491aff0e1164b4e7c0d3c1796dec9760faf57e62dd7a2c00abae",
        "size_in_bytes": 5351
      },
      {
        "_path": "Library/include/openssl/bn.h",
        "path_type": "hardlink",
        "sha256": "37c5f17d65da683a1964d27ec0e0bda9c1994bd0baf39d02d0ea98ed3c58078b",
        "sha256_in_prefix": "37c5f17d65da683a1964d27ec0e0bda9c1994bd0baf39d02d0ea98ed3c58078b",
        "size_in_bytes": 41334
      },
      {
        "_path": "Library/include/openssl/buffer.h",
        "path_type": "hardlink",
        "sha256": "4883669d6d62c7bbb6a7cd830e24115892083e2b6ee32a1f6d4b4d6251c03f0e",
        "sha256_in_prefix": "4883669d6d62c7bbb6a7cd830e24115892083e2b6ee32a1f6d4b4d6251c03f0e",
        "size_in_bytes": 5026
      },
      {
        "_path": "Library/include/openssl/camellia.h",
        "path_type": "hardlink",
        "sha256": "90a87a04d47745a9be3bd6d8c14a660bf88838ce12292a6e3a20c73b75f21d0c",
        "sha256_in_prefix": "90a87a04d47745a9be3bd6d8c14a660bf88838ce12292a6e3a20c73b75f21d0c",
        "size_in_bytes": 5565
      },
      {
        "_path": "Library/include/openssl/cast.h",
        "path_type": "hardlink",
        "sha256": "382e60da70f130eb43ee86972e03a4e02137a78553a0442a795fc908f2f9842c",
        "sha256_in_prefix": "382e60da70f130eb43ee86972e03a4e02137a78553a0442a795fc908f2f9842c",
        "size_in_bytes": 4659
      },
      {
        "_path": "Library/include/openssl/cmac.h",
        "path_type": "hardlink",
        "sha256": "badc66b1f92686c2d369a4d2b2942ea23d38bc91aa1a5faac3e184cbf4932c9c",
        "sha256_in_prefix": "badc66b1f92686c2d369a4d2b2942ea23d38bc91aa1a5faac3e184cbf4932c9c",
        "size_in_bytes": 3257
      },
      {
        "_path": "Library/include/openssl/cms.h",
        "path_type": "hardlink",
        "sha256": "d90e4dfd69fa81006ec91391bf7795a94d5148062f5409dcd51f83bf646afb52",
        "sha256_in_prefix": "d90e4dfd69fa81006ec91391bf7795a94d5148062f5409dcd51f83bf646afb52",
        "size_in_bytes": 28641
      },
      {
        "_path": "Library/include/openssl/comp.h",
        "path_type": "hardlink",
        "sha256": "4e0f5ea37d20a9ce4b8eae7134c9f2bc1dabdb5c3402cf084c2d55cd7e0c9e31",
        "sha256_in_prefix": "4e0f5ea37d20a9ce4b8eae7134c9f2bc1dabdb5c3402cf084c2d55cd7e0c9e31",
        "size_in_bytes": 2375
      },
      {
        "_path": "Library/include/openssl/conf.h",
        "path_type": "hardlink",
        "sha256": "a61e745ffc08374b68d6c8dd614bfef3bd9d2ff474b577947ae02a39c9c40866",
        "sha256_in_prefix": "a61e745ffc08374b68d6c8dd614bfef3bd9d2ff474b577947ae02a39c9c40866",
        "size_in_bytes": 11318
      },
      {
        "_path": "Library/include/openssl/conf_api.h",
        "path_type": "hardlink",
        "sha256": "8821ee7471953447cc2804cd8dfcc7cc444cdb92a26fe8ea94c858ee5a4ccdcd",
        "sha256_in_prefix": "8821ee7471953447cc2804cd8dfcc7cc444cdb92a26fe8ea94c858ee5a4ccdcd",
        "size_in_bytes": 4147
      },
      {
        "_path": "Library/include/openssl/crypto.h",
        "path_type": "hardlink",
        "sha256": "3d485196352c1bd81550b37754546a0749606ce0673e00578067b519bcf7f0f5",
        "sha256_in_prefix": "3d485196352c1bd81550b37754546a0749606ce0673e00578067b519bcf7f0f5",
        "size_in_bytes": 27667
      },
      {
        "_path": "Library/include/openssl/des.h",
        "path_type": "hardlink",
        "sha256": "ea6762ab3c275f01c9dd995b9e918c83a4442ef1990ea4caca12f9fecd295a78",
        "sha256_in_prefix": "ea6762ab3c275f01c9dd995b9e918c83a4442ef1990ea4caca12f9fecd295a78",
        "size_in_bytes": 11913
      },
      {
        "_path": "Library/include/openssl/des_old.h",
        "path_type": "hardlink",
        "sha256": "3853f9d3521136a378c62c940952bcfcd00622ef3fd958fc457480d4944dfb03",
        "sha256_in_prefix": "3853f9d3521136a378c62c940952bcfcd00622ef3fd958fc457480d4944dfb03",
        "size_in_bytes": 21486
      },
      {
        "_path": "Library/include/openssl/dh.h",
        "path_type": "hardlink",
        "sha256": "59b2e4aaf0ce0ab089b2772bb83498dde89479195f4d46e9948d44875b4b9922",
        "sha256_in_prefix": "59b2e4aaf0ce0ab089b2772bb83498dde89479195f4d46e9948d44875b4b9922",
        "size_in_bytes": 16753
      },
      {
        "_path": "Library/include/openssl/dsa.h",
        "path_type": "hardlink",
        "sha256": "e2f630aa13e4a52a58405f90bf92360242ed30a36ff1e93ae48588cf4bfae0de",
        "sha256_in_prefix": "e2f630aa13e4a52a58405f90bf92360242ed30a36ff1e93ae48588cf4bfae0de",
        "size_in_bytes": 13662
      },
      {
        "_path": "Library/include/openssl/dso.h",
        "path_type": "hardlink",
        "sha256": "056e121abc8c69bba176c60ddd43f20c97ed3ddae81acc4bb3dd02c0d735b051",
        "sha256_in_prefix": "056e121abc8c69bba176c60ddd43f20c97ed3ddae81acc4bb3dd02c0d735b051",
        "size_in_bytes": 20210
      },
      {
        "_path": "Library/include/openssl/dtls1.h",
        "path_type": "hardlink",
        "sha256": "f0c17bdeba91c21783bb2e2b882a047f1ce5c37a30b56d816fba694838a9857e",
        "sha256_in_prefix": "f0c17bdeba91c21783bb2e2b882a047f1ce5c37a30b56d816fba694838a9857e",
        "size_in_bytes": 9046
      },
      {
        "_path": "Library/include/openssl/e_os2.h",
        "path_type": "hardlink",
        "sha256": "28fdd6e9b2c16e8b5011206f3c0ee7b879ae9dfd8ee8053cb2b781491c6f734a",
        "sha256_in_prefix": "28fdd6e9b2c16e8b5011206f3c0ee7b879ae9dfd8ee8053cb2b781491c6f734a",
        "size_in_bytes": 10945
      },
      {
        "_path": "Library/include/openssl/ebcdic.h",
        "path_type": "hardlink",
        "sha256": "44d0e8e3053d20d3ef60702497fac6fbc733250cd5f6b0c19775ac0865a85484",
        "sha256_in_prefix": "44d0e8e3053d20d3ef60702497fac6fbc733250cd5f6b0c19775ac0865a85484",
        "size_in_bytes": 616
      },
      {
        "_path": "Library/include/openssl/ec.h",
        "path_type": "hardlink",
        "sha256": "eb1d5d545c3039ee8110584d750dc0268e7f89d767dbf157215a7b132608bc4f",
        "sha256_in_prefix": "eb1d5d545c3039ee8110584d750dc0268e7f89d767dbf157215a7b132608bc4f",
        "size_in_bytes": 56134
      },
      {
        "_path": "Library/include/openssl/ecdh.h",
        "path_type": "hardlink",
        "sha256": "6d033e890cf2f2c7bcb38f88c642e2bddaf46235442144c8a603d781ba7419de",
        "sha256_in_prefix": "6d033e890cf2f2c7bcb38f88c642e2bddaf46235442144c8a603d781ba7419de",
        "size_in_bytes": 5191
      },
      {
        "_path": "Library/include/openssl/ecdsa.h",
        "path_type": "hardlink",
        "sha256": "e0ce8b089de16df155c7bc62cf656a3ee736e2d05c44221771c2d8ea8584d71e",
        "sha256_in_prefix": "e0ce8b089de16df155c7bc62cf656a3ee736e2d05c44221771c2d8ea8584d71e",
        "size_in_bytes": 14038
      },
      {
        "_path": "Library/include/openssl/engine.h",
        "path_type": "hardlink",
        "sha256": "932e07c02a1925a74369f2561d1dbbd4e3ebef381130ab2769fb965f22e995ba",
        "sha256_in_prefix": "932e07c02a1925a74369f2561d1dbbd4e3ebef381130ab2769fb965f22e995ba",
        "size_in_bytes": 44946
      },
      {
        "_path": "Library/include/openssl/err.h",
        "path_type": "hardlink",
        "sha256": "2e00ea44d7a77daec9599188c2741ff947b824c388227e91eae45455f41428da",
        "sha256_in_prefix": "2e00ea44d7a77daec9599188c2741ff947b824c388227e91eae45455f41428da",
        "size_in_bytes": 16812
      },
      {
        "_path": "Library/include/openssl/evp.h",
        "path_type": "hardlink",
        "sha256": "cc6d28be28ca66e36902ef6efe5958efed6a563491da09fdc82119f05c3bb78e",
        "sha256_in_prefix": "cc6d28be28ca66e36902ef6efe5958efed6a563491da09fdc82119f05c3bb78e",
        "size_in_bytes": 73130
      },
      {
        "_path": "Library/include/openssl/hmac.h",
        "path_type": "hardlink",
        "sha256": "490ba94544cdeb1966ebf9924e1f935b7ba8de0bfda662a6d3845b0b2b9ac2ae",
        "sha256_in_prefix": "490ba94544cdeb1966ebf9924e1f935b7ba8de0bfda662a6d3845b0b2b9ac2ae",
        "size_in_bytes": 4535
      },
      {
        "_path": "Library/include/openssl/idea.h",
        "path_type": "hardlink",
        "sha256": "90660d4c3975078c94d9673510cf4724c62df5d5ae13eb0f2727e2c712b086dd",
        "sha256_in_prefix": "90660d4c3975078c94d9673510cf4724c62df5d5ae13eb0f2727e2c712b086dd",
        "size_in_bytes": 4679
      },
      {
        "_path": "Library/include/openssl/krb5_asn.h",
        "path_type": "hardlink",
        "sha256": "eb5250aaa62ab43c90865860a82561b715f8a2e94de73dd8d84fe9d93a5d3b72",
        "sha256_in_prefix": "eb5250aaa62ab43c90865860a82561b715f8a2e94de73dd8d84fe9d93a5d3b72",
        "size_in_bytes": 8165
      },
      {
        "_path": "Library/include/openssl/kssl.h",
        "path_type": "hardlink",
        "sha256": "8b416ebd7180eec58d7247a7783d1b007bb183159e4367303ddc68899d78a269",
        "sha256_in_prefix": "8b416ebd7180eec58d7247a7783d1b007bb183159e4367303ddc68899d78a269",
        "size_in_bytes": 6853
      },
      {
        "_path": "Library/include/openssl/lhash.h",
        "path_type": "hardlink",
        "sha256": "39b7ae38df906e38c5f18b03cedaedafe8311de6be712765f9746cdad99a10c6",
        "sha256_in_prefix": "39b7ae38df906e38c5f18b03cedaedafe8311de6be712765f9746cdad99a10c6",
        "size_in_bytes": 9549
      },
      {
        "_path": "Library/include/openssl/md4.h",
        "path_type": "hardlink",
        "sha256": "40d1acfca4cffd42fbc5b0507e1d16009bdbccd5bde0d670de2ed629c85554f9",
        "sha256_in_prefix": "40d1acfca4cffd42fbc5b0507e1d16009bdbccd5bde0d670de2ed629c85554f9",
        "size_in_bytes": 4786
      },
      {
        "_path": "Library/include/openssl/md5.h",
        "path_type": "hardlink",
        "sha256": "91df381595850e728b082a8275031a16617974b18c2583f50e89e83df881b97d",
        "sha256_in_prefix": "91df381595850e728b082a8275031a16617974b18c2583f50e89e83df881b97d",
        "size_in_bytes": 4785
      },
      {
        "_path": "Library/include/openssl/mdc2.h",
        "path_type": "hardlink",
        "sha256": "abccfbbda4d56465aa152e585699058e6d98354bb2cc90f64af3fd123ddc2c2e",
        "sha256_in_prefix": "abccfbbda4d56465aa152e585699058e6d98354bb2cc90f64af3fd123ddc2c2e",
        "size_in_bytes": 3942
      },
      {
        "_path": "Library/include/openssl/modes.h",
        "path_type": "hardlink",
        "sha256": "21e93498517d3be686e6b5ce1c3aa9a0aae6a57eb5d7077118f125f9fb867276",
        "sha256_in_prefix": "21e93498517d3be686e6b5ce1c3aa9a0aae6a57eb5d7077118f125f9fb867276",
        "size_in_bytes": 8260
      },
      {
        "_path": "Library/include/openssl/obj_mac.h",
        "path_type": "hardlink",
        "sha256": "e6fd2704d5b916d14ed9c245d9ed3f5edc407ea3cdd9e4b32509d4b119546719",
        "sha256_in_prefix": "e6fd2704d5b916d14ed9c245d9ed3f5edc407ea3cdd9e4b32509d4b119546719",
        "size_in_bytes": 175657
      },
      {
        "_path": "Library/include/openssl/objects.h",
        "path_type": "hardlink",
        "sha256": "24ebbb3d8981dde0a0b4ed04e091aa751826826176e45956af309d6b6c8a8e0e",
        "sha256_in_prefix": "24ebbb3d8981dde0a0b4ed04e091aa751826826176e45956af309d6b6c8a8e0e",
        "size_in_bytes": 47564
      },
      {
        "_path": "Library/include/openssl/ocsp.h",
        "path_type": "hardlink",
        "sha256": "70a4f42a9f42b66d3c498403870d2b63343c31ec5047fdd97b64d225b36a549e",
        "sha256_in_prefix": "70a4f42a9f42b66d3c498403870d2b63343c31ec5047fdd97b64d225b36a549e",
        "size_in_bytes": 27147
      },
      {
        "_path": "Library/include/openssl/opensslconf.h",
        "path_type": "hardlink",
        "sha256": "de7c18533efe0c76e3f9b99372db043809243a28c23960849627c7863da9399b",
        "sha256_in_prefix": "de7c18533efe0c76e3f9b99372db043809243a28c23960849627c7863da9399b",
        "size_in_bytes": 7609
      },
      {
        "_path": "Library/include/openssl/opensslv.h",
        "path_type": "hardlink",
        "sha256": "e470c98bef3bfd4f247732aa9c32a6902be9abc23f0a73afe318730c98a24c4b",
        "sha256_in_prefix": "e470c98bef3bfd4f247732aa9c32a6902be9abc23f0a73afe318730c98a24c4b",
        "size_in_bytes": 3941
      },
      {
        "_path": "Library/include/openssl/ossl_typ.h",
        "path_type": "hardlink",
        "sha256": "da95e7574c8d10e13ca75f0b17ec0487d977c2a1551ac04f72c3fa473ab05549",
        "sha256_in_prefix": "da95e7574c8d10e13ca75f0b17ec0487d977c2a1551ac04f72c3fa473ab05549",
        "size_in_bytes": 7832
      },
      {
        "_path": "Library/include/openssl/pem.h",
        "path_type": "hardlink",
        "sha256": "b373b39a63df08ccb0aeab91bb41810fea072fbd47e1a65dba0910568946edc1",
        "sha256_in_prefix": "b373b39a63df08ccb0aeab91bb41810fea072fbd47e1a65dba0910568946edc1",
        "size_in_bytes": 25872
      },
      {
        "_path": "Library/include/openssl/pem2.h",
        "path_type": "hardlink",
        "sha256": "d569e9f7c8eb72054ea52956d0b2d77059fdb8f61e5a47b7b2be912e9fbda9fc",
        "sha256_in_prefix": "d569e9f7c8eb72054ea52956d0b2d77059fdb8f61e5a47b7b2be912e9fbda9fc",
        "size_in_bytes": 2862
      },
      {
        "_path": "Library/include/openssl/pkcs12.h",
        "path_type": "hardlink",
        "sha256": "a2535a175266c80b46d57bb930f937efd3e2f3e81a65b5064ca2d0030d98796a",
        "sha256_in_prefix": "a2535a175266c80b46d57bb930f937efd3e2f3e81a65b5064ca2d0030d98796a",
        "size_in_bytes": 14851
      },
      {
        "_path": "Library/include/openssl/pkcs7.h",
        "path_type": "hardlink",
        "sha256": "859b0d536f0e3002925c47cfe923c78b5ff146e98637931de423f37db00ae4b3",
        "sha256_in_prefix": "859b0d536f0e3002925c47cfe923c78b5ff146e98637931de423f37db00ae4b3",
        "size_in_bytes": 20778
      },
      {
        "_path": "Library/include/openssl/pqueue.h",
        "path_type": "hardlink",
        "sha256": "4dc61f64aee274bd8678bcc2b93867d1139704098fc68e415ce3e088f62e41bd",
        "sha256_in_prefix": "4dc61f64aee274bd8678bcc2b93867d1139704098fc68e415ce3e088f62e41bd",
        "size_in_bytes": 3673
      },
      {
        "_path": "Library/include/openssl/rand.h",
        "path_type": "hardlink",
        "sha256": "3c27c5d51d1d440307329bf15575f041380d4e5b758e107b84420a7de6e1a16c",
        "sha256_in_prefix": "3c27c5d51d1d440307329bf15575f041380d4e5b758e107b84420a7de6e1a16c",
        "size_in_bytes": 5772
      },
      {
        "_path": "Library/include/openssl/rc2.h",
        "path_type": "hardlink",
        "sha256": "37e4b7ba550f3e4f85f614065c65cca5dbf891b8163c4ec7d537043f678382c0",
        "sha256_in_prefix": "37e4b7ba550f3e4f85f614065c65cca5dbf891b8163c4ec7d537043f678382c0",
        "size_in_bytes": 4546
      },
      {
        "_path": "Library/include/openssl/rc4.h",
        "path_type": "hardlink",
        "sha256": "efdf25e016759e998845d8d1295e75eabce70205ce42e2787407a07e58767f7f",
        "sha256_in_prefix": "efdf25e016759e998845d8d1295e75eabce70205ce42e2787407a07e58767f7f",
        "size_in_bytes": 3807
      },
      {
        "_path": "Library/include/openssl/ripemd.h",
        "path_type": "hardlink",
        "sha256": "171bd33e41e054b1271c72405ade4d8460a67452d6c6dae3bd3f7b0616fccfac",
        "sha256_in_prefix": "171bd33e41e054b1271c72405ade4d8460a67452d6c6dae3bd3f7b0616fccfac",
        "size_in_bytes": 4371
      },
      {
        "_path": "Library/include/openssl/rsa.h",
        "path_type": "hardlink",
        "sha256": "aaf63399f048abc06bcb56e2725ff0debe344590c80200d5588dd57ba47f5889",
        "sha256_in_prefix": "aaf63399f048abc06bcb56e2725ff0debe344590c80200d5588dd57ba47f5889",
        "size_in_bytes": 29735
      },
      {
        "_path": "Library/include/openssl/safestack.h",
        "path_type": "hardlink",
        "sha256": "84377a9c55fd07a9715a9647340b4db7e03e3187284a8190b3a748bc8990117e",
        "sha256_in_prefix": "84377a9c55fd07a9715a9647340b4db7e03e3187284a8190b3a748bc8990117e",
        "size_in_bytes": 202903
      },
      {
        "_path": "Library/include/openssl/seed.h",
        "path_type": "hardlink",
        "sha256": "0845773d9b8329da9fd42bcee81f36338bf5124a97ae569a3daff99a22bd062f",
        "sha256_in_prefix": "0845773d9b8329da9fd42bcee81f36338bf5124a97ae569a3daff99a22bd062f",
        "size_in_bytes": 6040
      },
      {
        "_path": "Library/include/openssl/sha.h",
        "path_type": "hardlink",
        "sha256": "f056aa8fa1dc2c0cfef9ed64dfdf899e241f6362be7091e3b582a3dc30636b69",
        "sha256_in_prefix": "f056aa8fa1dc2c0cfef9ed64dfdf899e241f6362be7091e3b582a3dc30636b69",
        "size_in_bytes": 7929
      },
      {
        "_path": "Library/include/openssl/srp.h",
        "path_type": "hardlink",
        "sha256": "4d3f7f2f8d33db7de3bf8305206025e967ee87d1cedcfdf6e016d91ee8b6276f",
        "sha256_in_prefix": "4d3f7f2f8d33db7de3bf8305206025e967ee87d1cedcfdf6e016d91ee8b6276f",
        "size_in_bytes": 5925
      },
      {
        "_path": "Library/include/openssl/srtp.h",
        "path_type": "hardlink",
        "sha256": "9112094de44d74c34c7a516eedb2fd2f52e237b28b7b2a67cca1a604af284aa1",
        "sha256_in_prefix": "9112094de44d74c34c7a516eedb2fd2f52e237b28b7b2a67cca1a604af284aa1",
        "size_in_bytes": 6638
      },
      {
        "_path": "Library/include/openssl/ssl.h",
        "path_type": "hardlink",
        "sha256": "cededf524a1ed6b24bed85e8aba3dcb9e7f789f90114102e6d8b161b3ab12652",
        "sha256_in_prefix": "cededf524a1ed6b24bed85e8aba3dcb9e7f789f90114102e6d8b161b3ab12652",
        "size_in_bytes": 149082
      },
      {
        "_path": "Library/include/openssl/ssl2.h",
        "path_type": "hardlink",
        "sha256": "24545defcf34747785260dbd8c4e60ee411a74b56239c7c4fe6924bba7c2aa05",
        "sha256_in_prefix": "24545defcf34747785260dbd8c4e60ee411a74b56239c7c4fe6924bba7c2aa05",
        "size_in_bytes": 12049
      },
      {
        "_path": "Library/include/openssl/ssl23.h",
        "path_type": "hardlink",
        "sha256": "10f75bb2be37057003382f7e47c0118c8094ee2cb2ee990928f6a122eeb494ab",
        "sha256_in_prefix": "10f75bb2be37057003382f7e47c0118c8094ee2cb2ee990928f6a122eeb494ab",
        "size_in_bytes": 3789
      },
      {
        "_path": "Library/include/openssl/ssl3.h",
        "path_type": "hardlink",
        "sha256": "c308262241dedee802511b35abb3aa1085952f5323c54d1988b5914a43092e39",
        "sha256_in_prefix": "c308262241dedee802511b35abb3aa1085952f5323c54d1988b5914a43092e39",
        "size_in_bytes": 33281
      },
      {
        "_path": "Library/include/openssl/stack.h",
        "path_type": "hardlink",
        "sha256": "5b7428aecd836573ae808f753b5abac3f87f332af70b995ef2da2f0dd20204f9",
        "sha256_in_prefix": "5b7428aecd836573ae808f753b5abac3f87f332af70b995ef2da2f0dd20204f9",
        "size_in_bytes": 4532
      },
      {
        "_path": "Library/include/openssl/symhacks.h",
        "path_type": "hardlink",
        "sha256": "f7bc958fc70a596faaff9f98a2116d8bbc617ca3833fe9514b4a3ada851328fb",
        "sha256_in_prefix": "f7bc958fc70a596faaff9f98a2116d8bbc617ca3833fe9514b4a3ada851328fb",
        "size_in_bytes": 27817
      },
      {
        "_path": "Library/include/openssl/tls1.h",
        "path_type": "hardlink",
        "sha256": "0f950bcbde92dcde6eddefe9d31b3f338e8c5e4991c6eacf0aa9b56361fc928c",
        "sha256_in_prefix": "0f950bcbde92dcde6eddefe9d31b3f338e8c5e4991c6eacf0aa9b56361fc928c",
        "size_in_bytes": 39411
      },
      {
        "_path": "Library/include/openssl/ts.h",
        "path_type": "hardlink",
        "sha256": "0cfb217ac88071bb7092a43716dda3eccda95939ba0037a767c2066b9316a514",
        "sha256_in_prefix": "0cfb217ac88071bb7092a43716dda3eccda95939ba0037a767c2066b9316a514",
        "size_in_bytes": 34560
      },
      {
        "_path": "Library/include/openssl/txt_db.h",
        "path_type": "hardlink",
        "sha256": "c16248b917cdb619bc4f4e6d80663674abd3d58e723f3bd22f5a1a5ad81bb29e",
        "sha256_in_prefix": "c16248b917cdb619bc4f4e6d80663674abd3d58e723f3bd22f5a1a5ad81bb29e",
        "size_in_bytes": 4631
      },
      {
        "_path": "Library/include/openssl/ui.h",
        "path_type": "hardlink",
        "sha256": "eda379b586416dfc237ba042a64abffea301c88a598f40056e26aef725617c51",
        "sha256_in_prefix": "eda379b586416dfc237ba042a64abffea301c88a598f40056e26aef725617c51",
        "size_in_bytes": 18687
      },
      {
        "_path": "Library/include/openssl/ui_compat.h",
        "path_type": "hardlink",
        "sha256": "cb3e15d00199ae4fd627c165b382fb1819279d8bb17b47a965d3d2822bc42e98",
        "sha256_in_prefix": "cb3e15d00199ae4fd627c165b382fb1819279d8bb17b47a965d3d2822bc42e98",
        "size_in_bytes": 3494
      },
      {
        "_path": "Library/include/openssl/whrlpool.h",
        "path_type": "hardlink",
        "sha256": "e98174020f530c8c9fb9c88cfcd737c3b297b55d1b484c3bc07dbfd97adc21f3",
        "sha256_in_prefix": "e98174020f530c8c9fb9c88cfcd737c3b297b55d1b484c3bc07dbfd97adc21f3",
        "size_in_bytes": 1083
      },
      {
        "_path": "Library/include/openssl/x509.h",
        "path_type": "hardlink",
        "sha256": "5d27db327e7fe66a09d7df8ff4b05ed5c86f7c26949f54b5d847253b302ff78d",
        "sha256_in_prefix": "5d27db327e7fe66a09d7df8ff4b05ed5c86f7c26949f54b5d847253b302ff78d",
        "size_in_bytes": 53315
      },
      {
        "_path": "Library/include/openssl/x509_vfy.h",
        "path_type": "hardlink",
        "sha256": "539b222d4353ef5ba28c6b6a1fca762660bfb4b58e7bc134c2845592db1e0ddc",
        "sha256_in_prefix": "539b222d4353ef5ba28c6b6a1fca762660bfb4b58e7bc134c2845592db1e0ddc",
        "size_in_bytes": 29238
      },
      {
        "_path": "Library/include/openssl/x509v3.h",
        "path_type": "hardlink",
        "sha256": "4b46e75281014e80c711b787638210cf15b49e26e7c3b264140b9b977b3ed219",
        "sha256_in_prefix": "4b46e75281014e80c711b787638210cf15b49e26e7c3b264140b9b977b3ed219",
        "size_in_bytes": 40389
      },
      {
        "_path": "Library/lib/libeay32.lib",
        "path_type": "hardlink",
        "sha256": "e6512199d8a74b2b34f3919f0e9be1aeaa400495284d5365b9b64865ca61423d",
        "sha256_in_prefix": "e6512199d8a74b2b34f3919f0e9be1aeaa400495284d5365b9b64865ca61423d",
        "size_in_bytes": 806142
      },
      {
        "_path": "Library/lib/libeay32_static.lib",
        "file_mode": "binary",
        "path_type": "hardlink",
        "prefix_placeholder": "C:\\bld\\openssl_1523812731344\\_b_env",
        "sha256": "16bdb6197297e25245397c0e7cecab41b7b272c867fe6900631fa6693d40c53b",
        "sha256_in_prefix": "16bdb6197297e25245397c0e7cecab41b7b272c867fe6900631fa6693d40c53b",
        "size_in_bytes": 15412156
      },
      {
        "_path": "Library/lib/ssleay32.lib",
        "path_type": "hardlink",
        "sha256": "6f66b27cbaad7aa85126048a250d11926a264f146bfbfba2b2d1a1e83e70c0eb",
        "sha256_in_prefix": "6f66b27cbaad7aa85126048a250d11926a264f146bfbfba2b2d1a1e83e70c0eb",
        "size_in_bytes": 75578
      },
      {
        "_path": "Library/lib/ssleay32_static.lib",
        "file_mode": "binary",
        "path_type": "hardlink",
        "prefix_placeholder": "C:\\bld\\openssl_1523812731344\\_b_env",
        "sha256": "b37fe81ca3cf3ed8c9d7f015bf385f4d5e22dcdf3d202997972af837011d015f",
        "sha256_in_prefix": "b37fe81ca3cf3ed8c9d7f015bf385f4d5e22dcdf3d202997972af837011d015f",
        "size_in_bytes": 2152424
      },
      {
        "_path": "openssl.exe",
        "path_type": "hardlink",
        "sha256": "85824cd26244044bf370bb0d29dbb54d398db40549de491f5d86f17677b80797",
        "sha256_in_prefix": "85824cd26244044bf370bb0d29dbb54d398db40549de491f5d86f17677b80797",
        "size_in_bytes": 515072
      }
    ],
    "paths_version": 1
  },
  "platform": "win32",
  "requested_spec": "None",
  "size": 4916921,
  "subdir": "win-64",
  "track_features": "",
  "url": "https://conda.anaconda.org/conda-forge/win-64/openssl-1.0.2o-vc9_0.tar.bz2",
  "version": "1.0.2o"
}