{
  "arch": "x86_64",
  "build": "py27_0",
  "build_number": 0,
  "channel": "https://repo.anaconda.com/pkgs/main/win-64",
  "constrains": [],
  "depends": [
    "cssselect >=0.9",
    "functools32",
    "lxml >=2.3",
    "pytest-runner",
    "python >=2.7,<2.8.0a0",
    "six >=1.5.2",
    "w3lib >=1.19.0"
  ],
  "extracted_package_dir": "C:\\Users\\Fabiano\\Anaconda2\\pkgs\\parsel-1.5.1-py27_0",
  "features": "",
  "files": [
    "Lib/site-packages/parsel-1.5.1-py2.7.egg-info/PKG-INFO",
    "Lib/site-packages/parsel-1.5.1-py2.7.egg-info/SOURCES.txt",
    "Lib/site-packages/parsel-1.5.1-py2.7.egg-info/dependency_links.txt",
    "Lib/site-packages/parsel-1.5.1-py2.7.egg-info/not-zip-safe",
    "Lib/site-packages/parsel-1.5.1-py2.7.egg-info/requires.txt",
    "Lib/site-packages/parsel-1.5.1-py2.7.egg-info/top_level.txt",
    "Lib/site-packages/parsel/__init__.py",
    "Lib/site-packages/parsel/__init__.pyc",
    "Lib/site-packages/parsel/csstranslator.py",
    "Lib/site-packages/parsel/csstranslator.pyc",
    "Lib/site-packages/parsel/selector.py",
    "Lib/site-packages/parsel/selector.pyc",
    "Lib/site-packages/parsel/utils.py",
    "Lib/site-packages/parsel/utils.pyc",
    "Lib/site-packages/parsel/xpathfuncs.py",
    "Lib/site-packages/parsel/xpathfuncs.pyc"
  ],
  "fn": "parsel-1.5.1-py27_0.tar.bz2",
  "license": "BSD",
  "link": {
    "source": "C:\\Users\\Fabiano\\Anaconda2\\pkgs\\parsel-1.5.1-py27_0",
    "type": 1
  },
  "md5": "baca3f4cdea5221e4bf315034d4c6154",
  "name": "parsel",
  "package_tarball_full_path": "C:\\Users\\Fabiano\\Anaconda2\\pkgs\\parsel-1.5.1-py27_0.tar.bz2",
  "paths_data": {
    "paths": [
      {
        "_path": "Lib/site-packages/parsel-1.5.1-py2.7.egg-info/PKG-INFO",
        "path_type": "hardlink",
        "sha256": "5c9fafeccf18347e3161cec87a51d145b76d1d81ecda18656a3a56dedc864b53",
        "sha256_in_prefix": "5c9fafeccf18347e3161cec87a51d145b76d1d81ecda18656a3a56dedc864b53",
        "size_in_bytes": 9336
      },
      {
        "_path": "Lib/site-packages/parsel-1.5.1-py2.7.egg-info/SOURCES.txt",
        "path_type": "hardlink",
        "sha256": "0ddc87f78eba4a1c5e5c16b573b2eda1868737ab07face87c19629a2d1fcb4ee",
        "sha256_in_prefix": "0ddc87f78eba4a1c5e5c16b573b2eda1868737ab07face87c19629a2d1fcb4ee",
        "size_in_bytes": 598
      },
      {
        "_path": "Lib/site-packages/parsel-1.5.1-py2.7.egg-info/dependency_links.txt",
        "path_type": "hardlink",
        "sha256": "01ba4719c80b6fe911b091a7c05124b64eeece964e09c058ef8f9805daca546b",
        "sha256_in_prefix": "01ba4719c80b6fe911b091a7c05124b64eeece964e09c058ef8f9805daca546b",
        "size_in_bytes": 1
      },
      {
        "_path": "Lib/site-packages/parsel-1.5.1-py2.7.egg-info/not-zip-safe",
        "path_type": "hardlink",
        "sha256": "01ba4719c80b6fe911b091a7c05124b64eeece964e09c058ef8f9805daca546b",
        "sha256_in_prefix": "01ba4719c80b6fe911b091a7c05124b64eeece964e09c058ef8f9805daca546b",
        "size_in_bytes": 1
      },
      {
        "_path": "Lib/site-packages/parsel-1.5.1-py2.7.egg-info/requires.txt",
        "path_type": "hardlink",
        "sha256": "4522ca80de2151280018b9531ad242e1e57a0a8411806164b3567891181037fd",
        "sha256_in_prefix": "4522ca80de2151280018b9531ad242e1e57a0a8411806164b3567891181037fd",
        "size_in_bytes": 87
      },
      {
        "_path": "Lib/site-packages/parsel-1.5.1-py2.7.egg-info/top_level.txt",
        "path_type": "hardlink",
        "sha256": "763c59c3707d869b83496982fbd03cbc49f661a60c04d82ff2fe2c0618af2bb0",
        "sha256_in_prefix": "763c59c3707d869b83496982fbd03cbc49f661a60c04d82ff2fe2c0618af2bb0",
        "size_in_bytes": 7
      },
      {
        "_path": "Lib/site-packages/parsel/__init__.py",
        "path_type": "hardlink",
        "sha256": "3875b503f688425e569e1ca69f019751b1f6aa86eee087cb5fc3505c3c3a2536",
        "sha256_in_prefix": "3875b503f688425e569e1ca69f019751b1f6aa86eee087cb5fc3505c3c3a2536",
        "size_in_bytes": 341
      },
      {
        "_path": "Lib/site-packages/parsel/__init__.pyc",
        "path_type": "hardlink",
        "sha256": "fc66a176c9fdbb0dd078e3fe3762ab04cb53471de5c1933e05152462b22edf2e",
        "sha256_in_prefix": "fc66a176c9fdbb0dd078e3fe3762ab04cb53471de5c1933e05152462b22edf2e",
        "size_in_bytes": 584
      },
      {
        "_path": "Lib/site-packages/parsel/csstranslator.py",
        "path_type": "hardlink",
        "sha256": "f747414194700da25ddfcd715ebbea8de1a4b4af8297b03e0d0626f77c8b769c",
        "sha256_in_prefix": "f747414194700da25ddfcd715ebbea8de1a4b4af8297b03e0d0626f77c8b769c",
        "size_in_bytes": 4089
      },
      {
        "_path": "Lib/site-packages/parsel/csstranslator.pyc",
        "path_type": "hardlink",
        "sha256": "937e18514fa49526a7cbd2f03f7472c2e708502d7277200e95e48c03e72da6e0",
        "sha256_in_prefix": "937e18514fa49526a7cbd2f03f7472c2e708502d7277200e95e48c03e72da6e0",
        "size_in_bytes": 5102
      },
      {
        "_path": "Lib/site-packages/parsel/selector.py",
        "path_type": "hardlink",
        "sha256": "1ee025d7fca42a2ffedb02b20ce2ccc60893c88a69ce9867a81c17470228cc5f",
        "sha256_in_prefix": "1ee025d7fca42a2ffedb02b20ce2ccc60893c88a69ce9867a81c17470228cc5f",
        "size_in_bytes": 13071
      },
      {
        "_path": "Lib/site-packages/parsel/selector.pyc",
        "path_type": "hardlink",
        "sha256": "5812c98d6c86609b19b71c5a7081acd198bbfd85f72d81b623ededd835ecb3ef",
        "sha256_in_prefix": "5812c98d6c86609b19b71c5a7081acd198bbfd85f72d81b623ededd835ecb3ef",
        "size_in_bytes": 15123
      },
      {
        "_path": "Lib/site-packages/parsel/utils.py",
        "path_type": "hardlink",
        "sha256": "763116c7cab04c436ca90f94ee83fbb6ecb558bc3ea6424fe600a3e2cb472ac7",
        "sha256_in_prefix": "763116c7cab04c436ca90f94ee83fbb6ecb558bc3ea6424fe600a3e2cb472ac7",
        "size_in_bytes": 2414
      },
      {
        "_path": "Lib/site-packages/parsel/utils.pyc",
        "path_type": "hardlink",
        "sha256": "5ba8a1360bb04b7a8505c45cdd1706332f34301469102ca500d2e8fd21938523",
        "sha256_in_prefix": "5ba8a1360bb04b7a8505c45cdd1706332f34301469102ca500d2e8fd21938523",
        "size_in_bytes": 2837
      },
      {
        "_path": "Lib/site-packages/parsel/xpathfuncs.py",
        "path_type": "hardlink",
        "sha256": "b378ff111d754587bd11ca3b2fa620e7626c0524f975ed38a12b35956c0377a3",
        "sha256_in_prefix": "b378ff111d754587bd11ca3b2fa620e7626c0524f975ed38a12b35956c0377a3",
        "size_in_bytes": 1780
      },
      {
        "_path": "Lib/site-packages/parsel/xpathfuncs.pyc",
        "path_type": "hardlink",
        "sha256": "e6050b8acc437ef7275d3c1967cfa7f465ed7a983061166e926663f0ba81a1cf",
        "sha256_in_prefix": "e6050b8acc437ef7275d3c1967cfa7f465ed7a983061166e926663f0ba81a1cf",
        "size_in_bytes": 2139
      }
    ],
    "paths_version": 1
  },
  "platform": "win32",
  "requested_spec": "None",
  "size": 29240,
  "subdir": "win-64",
  "timestamp": 1541009433906,
  "track_features": "",
  "url": "https://repo.anaconda.com/pkgs/main/win-64/parsel-1.5.1-py27_0.tar.bz2",
  "version": "1.5.1"
}