{
  "arch": "x86_64",
  "build": "py27_1000",
  "build_number": 1000,
  "channel": "https://conda.anaconda.org/conda-forge/win-64",
  "constrains": [],
  "depends": [
    "python >=2.7,<2.8.0a0",
    "scandir",
    "six"
  ],
  "extracted_package_dir": "C:\\Users\\Fabiano\\Anaconda2\\pkgs\\pathlib2-2.3.2-py27_1000",
  "features": "",
  "files": [
    "Lib/site-packages/pathlib2-2.3.2-py2.7.egg-info/PKG-INFO",
    "Lib/site-packages/pathlib2-2.3.2-py2.7.egg-info/SOURCES.txt",
    "Lib/site-packages/pathlib2-2.3.2-py2.7.egg-info/dependency_links.txt",
    "Lib/site-packages/pathlib2-2.3.2-py2.7.egg-info/installed-files.txt",
    "Lib/site-packages/pathlib2-2.3.2-py2.7.egg-info/requires.txt",
    "Lib/site-packages/pathlib2-2.3.2-py2.7.egg-info/top_level.txt",
    "Lib/site-packages/pathlib2/__init__.py",
    "Lib/site-packages/pathlib2/__init__.pyc"
  ],
  "fn": "pathlib2-2.3.2-py27_1000.tar.bz2",
  "license": "MIT",
  "link": {
    "source": "C:\\Users\\Fabiano\\Anaconda2\\pkgs\\pathlib2-2.3.2-py27_1000",
    "type": 1
  },
  "md5": "a05c63cb386a34f55d48068a548415ca",
  "name": "pathlib2",
  "package_tarball_full_path": "C:\\Users\\Fabiano\\Anaconda2\\pkgs\\pathlib2-2.3.2-py27_1000.tar.bz2",
  "paths_data": {
    "paths": [
      {
        "_path": "Lib/site-packages/pathlib2-2.3.2-py2.7.egg-info/PKG-INFO",
        "path_type": "hardlink",
        "sha256": "8536a0510cf918bb93c501c28721a2404081cc947731ed31f1a9bca314ebb3e5",
        "sha256_in_prefix": "8536a0510cf918bb93c501c28721a2404081cc947731ed31f1a9bca314ebb3e5",
        "size_in_bytes": 3049
      },
      {
        "_path": "Lib/site-packages/pathlib2-2.3.2-py2.7.egg-info/SOURCES.txt",
        "path_type": "hardlink",
        "sha256": "4b1384e2af5b355cfb3996458aeec5ad9329a86dba845580ca6c00b59a30acbf",
        "sha256_in_prefix": "4b1384e2af5b355cfb3996458aeec5ad9329a86dba845580ca6c00b59a30acbf",
        "size_in_bytes": 295
      },
      {
        "_path": "Lib/site-packages/pathlib2-2.3.2-py2.7.egg-info/dependency_links.txt",
        "path_type": "hardlink",
        "sha256": "01ba4719c80b6fe911b091a7c05124b64eeece964e09c058ef8f9805daca546b",
        "sha256_in_prefix": "01ba4719c80b6fe911b091a7c05124b64eeece964e09c058ef8f9805daca546b",
        "size_in_bytes": 1
      },
      {
        "_path": "Lib/site-packages/pathlib2-2.3.2-py2.7.egg-info/installed-files.txt",
        "path_type": "hardlink",
        "sha256": "1bf990ddb696b1ec470067b7591a0a005cf276a69a63637ae01db23ee4c0164b",
        "sha256_in_prefix": "1bf990ddb696b1ec470067b7591a0a005cf276a69a63637ae01db23ee4c0164b",
        "size_in_bytes": 125
      },
      {
        "_path": "Lib/site-packages/pathlib2-2.3.2-py2.7.egg-info/requires.txt",
        "path_type": "hardlink",
        "sha256": "e3b786ffc8c414d00842c09c8cc04466b95c2bc4b1da63112fb003942b82347c",
        "sha256_in_prefix": "e3b786ffc8c414d00842c09c8cc04466b95c2bc4b1da63112fb003942b82347c",
        "size_in_bytes": 39
      },
      {
        "_path": "Lib/site-packages/pathlib2-2.3.2-py2.7.egg-info/top_level.txt",
        "path_type": "hardlink",
        "sha256": "b4d3e48ac16218116c3d49c220783adaf485964c7fd4d3bce8877c95b2667c54",
        "sha256_in_prefix": "b4d3e48ac16218116c3d49c220783adaf485964c7fd4d3bce8877c95b2667c54",
        "size_in_bytes": 9
      },
      {
        "_path": "Lib/site-packages/pathlib2/__init__.py",
        "path_type": "hardlink",
        "sha256": "af64e71b8e91d9d4d28020e6627e1476786d167b0ffc5936221877b96a5543e0",
        "sha256_in_prefix": "af64e71b8e91d9d4d28020e6627e1476786d167b0ffc5936221877b96a5543e0",
        "size_in_bytes": 54694
      },
      {
        "_path": "Lib/site-packages/pathlib2/__init__.pyc",
        "path_type": "hardlink",
        "sha256": "95ff2cab7c024b8f7e6da0e732a8b15e0e24ce9afdbdd5a880665599f270d3ce",
        "sha256_in_prefix": "95ff2cab7c024b8f7e6da0e732a8b15e0e24ce9afdbdd5a880665599f270d3ce",
        "size_in_bytes": 54705
      }
    ],
    "paths_version": 1
  },
  "platform": "win32",
  "requested_spec": "None",
  "size": 30957,
  "subdir": "win-64",
  "timestamp": 1538629075796,
  "track_features": "",
  "url": "https://conda.anaconda.org/conda-forge/win-64/pathlib2-2.3.2-py27_1000.tar.bz2",
  "version": "2.3.2"
}