{
  "build": "py_0",
  "build_number": 0,
  "channel": "https://conda.anaconda.org/conda-forge/noarch",
  "constrains": [],
  "depends": [
    "python"
  ],
  "extracted_package_dir": "C:\\Users\\Fabiano\\Anaconda2\\pkgs\\pluggy-0.8.0-py_0",
  "features": "",
  "files": [
    "Lib/site-packages/pluggy-0.8.0.dist-info/INSTALLER",
    "Lib/site-packages/pluggy-0.8.0.dist-info/LICENSE",
    "Lib/site-packages/pluggy-0.8.0.dist-info/METADATA",
    "Lib/site-packages/pluggy-0.8.0.dist-info/RECORD",
    "Lib/site-packages/pluggy-0.8.0.dist-info/WHEEL",
    "Lib/site-packages/pluggy-0.8.0.dist-info/top_level.txt",
    "Lib/site-packages/pluggy/__init__.py",
    "Lib/site-packages/pluggy/_tracing.py",
    "Lib/site-packages/pluggy/_version.py",
    "Lib/site-packages/pluggy/callers.py",
    "Lib/site-packages/pluggy/hooks.py",
    "Lib/site-packages/pluggy/manager.py",
    "Lib/site-packages/pluggy/__init__.pyc",
    "Lib/site-packages/pluggy/_tracing.pyc",
    "Lib/site-packages/pluggy/_version.pyc",
    "Lib/site-packages/pluggy/callers.pyc",
    "Lib/site-packages/pluggy/hooks.pyc",
    "Lib/site-packages/pluggy/manager.pyc"
  ],
  "fn": "pluggy-0.8.0-py_0.tar.bz2",
  "license": "MIT",
  "license_family": "MIT",
  "link": {
    "source": "C:\\Users\\Fabiano\\Anaconda2\\pkgs\\pluggy-0.8.0-py_0",
    "type": 1
  },
  "md5": "5b284de345cc13edab20675c483ec716",
  "name": "pluggy",
  "noarch": "python",
  "package_tarball_full_path": "C:\\Users\\Fabiano\\Anaconda2\\pkgs\\pluggy-0.8.0-py_0.tar.bz2",
  "paths_data": {
    "paths": [
      {
        "_path": "site-packages/pluggy-0.8.0.dist-info/INSTALLER",
        "path_type": "hardlink",
        "sha256": "ceebae7b8927a3227e5303cf5e0f1f7b34bb542ad7250ac03fbcde36ec2f1508",
        "sha256_in_prefix": "ceebae7b8927a3227e5303cf5e0f1f7b34bb542ad7250ac03fbcde36ec2f1508",
        "size_in_bytes": 4
      },
      {
        "_path": "site-packages/pluggy-0.8.0.dist-info/LICENSE",
        "path_type": "hardlink",
        "sha256": "d6b65e6c213a5d0b577911d34d6e5949b9f59d76c238c5071a2f3fc16cfb2606",
        "sha256_in_prefix": "d6b65e6c213a5d0b577911d34d6e5949b9f59d76c238c5071a2f3fc16cfb2606",
        "size_in_bytes": 1110
      },
      {
        "_path": "site-packages/pluggy-0.8.0.dist-info/METADATA",
        "path_type": "hardlink",
        "sha256": "487bed955d697235c55769040fa42038fa0da491169c42904a1ade35c88f2d65",
        "sha256_in_prefix": "487bed955d697235c55769040fa42038fa0da491169c42904a1ade35c88f2d65",
        "size_in_bytes": 13140
      },
      {
        "_path": "site-packages/pluggy-0.8.0.dist-info/RECORD",
        "path_type": "hardlink",
        "sha256": "316cfc634f187e182a840df85f4f9980f775445c19d63f05430732e33f14e42d",
        "sha256_in_prefix": "316cfc634f187e182a840df85f4f9980f775445c19d63f05430732e33f14e42d",
        "size_in_bytes": 1196
      },
      {
        "_path": "site-packages/pluggy-0.8.0.dist-info/WHEEL",
        "path_type": "hardlink",
        "sha256": "f13f1fc5e7ebfebf80efda9b389f5dfc0684824a421a610f1dcfa0a42ab90518",
        "sha256_in_prefix": "f13f1fc5e7ebfebf80efda9b389f5dfc0684824a421a610f1dcfa0a42ab90518",
        "size_in_bytes": 110
      },
      {
        "_path": "site-packages/pluggy-0.8.0.dist-info/top_level.txt",
        "path_type": "hardlink",
        "sha256": "c4a4824616a2faff4c724bccb96a8dcf5e9cd6d6ec98e820a0c4b04e07296071",
        "sha256_in_prefix": "c4a4824616a2faff4c724bccb96a8dcf5e9cd6d6ec98e820a0c4b04e07296071",
        "size_in_bytes": 7
      },
      {
        "_path": "site-packages/pluggy/__init__.py",
        "path_type": "hardlink",
        "sha256": "1654364fb7b0b59bba7ae674a46ff5600359fe55f357d2c374b4a02aeb509848",
        "sha256_in_prefix": "1654364fb7b0b59bba7ae674a46ff5600359fe55f357d2c374b4a02aeb509848",
        "size_in_bytes": 486
      },
      {
        "_path": "site-packages/pluggy/_tracing.py",
        "path_type": "hardlink",
        "sha256": "c9b21233ff51f2c5775baddb1f4b945089e45a6ade1d6b83532d537014b1cea6",
        "sha256_in_prefix": "c9b21233ff51f2c5775baddb1f4b945089e45a6ade1d6b83532d537014b1cea6",
        "size_in_bytes": 2371
      },
      {
        "_path": "site-packages/pluggy/_version.py",
        "path_type": "hardlink",
        "sha256": "c64e902ade7fe87567a7f0360967058c0ab7dc6ac7e7cbc0fddb6c5bb3803a80",
        "sha256_in_prefix": "c64e902ade7fe87567a7f0360967058c0ab7dc6ac7e7cbc0fddb6c5bb3803a80",
        "size_in_bytes": 116
      },
      {
        "_path": "site-packages/pluggy/callers.py",
        "path_type": "hardlink",
        "sha256": "7ed72f1fa017ee9f5c2b9f3dd7a2b1c4bb6c14484eaf6391ebd2cc015ab1ac59",
        "sha256_in_prefix": "7ed72f1fa017ee9f5c2b9f3dd7a2b1c4bb6c14484eaf6391ebd2cc015ab1ac59",
        "size_in_bytes": 6820
      },
      {
        "_path": "site-packages/pluggy/hooks.py",
        "path_type": "hardlink",
        "sha256": "d74391098bc4e282465920fae20b3da949acb310e00c862cc75016c3bf38ca2f",
        "sha256_in_prefix": "d74391098bc4e282465920fae20b3da949acb310e00c862cc75016c3bf38ca2f",
        "size_in_bytes": 11993
      },
      {
        "_path": "site-packages/pluggy/manager.py",
        "path_type": "hardlink",
        "sha256": "bc7e8b882fd4859a57c95cd6900a2b6431204e4976fb95b77bf695d99b5fe9d9",
        "sha256_in_prefix": "bc7e8b882fd4859a57c95cd6900a2b6431204e4976fb95b77bf695d99b5fe9d9",
        "size_in_bytes": 14281
      },
      {
        "_path": "Lib/site-packages/pluggy/__init__.pyc",
        "path_type": "pyc_file"
      },
      {
        "_path": "Lib/site-packages/pluggy/_tracing.pyc",
        "path_type": "pyc_file"
      },
      {
        "_path": "Lib/site-packages/pluggy/_version.pyc",
        "path_type": "pyc_file"
      },
      {
        "_path": "Lib/site-packages/pluggy/callers.pyc",
        "path_type": "pyc_file"
      },
      {
        "_path": "Lib/site-packages/pluggy/hooks.pyc",
        "path_type": "pyc_file"
      },
      {
        "_path": "Lib/site-packages/pluggy/manager.pyc",
        "path_type": "pyc_file"
      }
    ],
    "paths_version": 1
  },
  "requested_spec": "None",
  "size": 17194,
  "subdir": "noarch",
  "timestamp": 1539693544255,
  "track_features": "",
  "url": "https://conda.anaconda.org/conda-forge/noarch/pluggy-0.8.0-py_0.tar.bz2",
  "version": "0.8.0"
}