{
  "build": "py_0",
  "build_number": 0,
  "channel": "https://conda.anaconda.org/conda-forge/noarch",
  "constrains": [],
  "depends": [
    "python"
  ],
  "extracted_package_dir": "C:\\Users\\Fabiano\\Anaconda2\\pkgs\\py-1.7.0-py_0",
  "features": "",
  "files": [
    "Lib/site-packages/py-1.7.0.dist-info/INSTALLER",
    "Lib/site-packages/py-1.7.0.dist-info/LICENSE",
    "Lib/site-packages/py-1.7.0.dist-info/METADATA",
    "Lib/site-packages/py-1.7.0.dist-info/RECORD",
    "Lib/site-packages/py-1.7.0.dist-info/WHEEL",
    "Lib/site-packages/py-1.7.0.dist-info/top_level.txt",
    "Lib/site-packages/py/__init__.py",
    "Lib/site-packages/py/__metainfo.py",
    "Lib/site-packages/py/_builtin.py",
    "Lib/site-packages/py/_code/__init__.py",
    "Lib/site-packages/py/_code/_assertionnew.py",
    "Lib/site-packages/py/_code/_assertionold.py",
    "Lib/site-packages/py/_code/_py2traceback.py",
    "Lib/site-packages/py/_code/assertion.py",
    "Lib/site-packages/py/_code/code.py",
    "Lib/site-packages/py/_code/source.py",
    "Lib/site-packages/py/_error.py",
    "Lib/site-packages/py/_io/__init__.py",
    "Lib/site-packages/py/_io/capture.py",
    "Lib/site-packages/py/_io/saferepr.py",
    "Lib/site-packages/py/_io/terminalwriter.py",
    "Lib/site-packages/py/_log/__init__.py",
    "Lib/site-packages/py/_log/log.py",
    "Lib/site-packages/py/_log/warning.py",
    "Lib/site-packages/py/_path/__init__.py",
    "Lib/site-packages/py/_path/cacheutil.py",
    "Lib/site-packages/py/_path/common.py",
    "Lib/site-packages/py/_path/local.py",
    "Lib/site-packages/py/_path/svnurl.py",
    "Lib/site-packages/py/_path/svnwc.py",
    "Lib/site-packages/py/_process/__init__.py",
    "Lib/site-packages/py/_process/cmdexec.py",
    "Lib/site-packages/py/_process/forkedfunc.py",
    "Lib/site-packages/py/_process/killproc.py",
    "Lib/site-packages/py/_std.py",
    "Lib/site-packages/py/_vendored_packages/__init__.py",
    "Lib/site-packages/py/_vendored_packages/apipkg.py",
    "Lib/site-packages/py/_vendored_packages/iniconfig.py",
    "Lib/site-packages/py/_version.py",
    "Lib/site-packages/py/_xmlgen.py",
    "Lib/site-packages/py/test.py",
    "Lib/site-packages/py/__init__.pyc",
    "Lib/site-packages/py/__metainfo.pyc",
    "Lib/site-packages/py/_builtin.pyc",
    "Lib/site-packages/py/_code/__init__.pyc",
    "Lib/site-packages/py/_code/_assertionnew.pyc",
    "Lib/site-packages/py/_code/_assertionold.pyc",
    "Lib/site-packages/py/_code/_py2traceback.pyc",
    "Lib/site-packages/py/_code/assertion.pyc",
    "Lib/site-packages/py/_code/code.pyc",
    "Lib/site-packages/py/_code/source.pyc",
    "Lib/site-packages/py/_error.pyc",
    "Lib/site-packages/py/_io/__init__.pyc",
    "Lib/site-packages/py/_io/capture.pyc",
    "Lib/site-packages/py/_io/saferepr.pyc",
    "Lib/site-packages/py/_io/terminalwriter.pyc",
    "Lib/site-packages/py/_log/__init__.pyc",
    "Lib/site-packages/py/_log/log.pyc",
    "Lib/site-packages/py/_log/warning.pyc",
    "Lib/site-packages/py/_path/__init__.pyc",
    "Lib/site-packages/py/_path/cacheutil.pyc",
    "Lib/site-packages/py/_path/common.pyc",
    "Lib/site-packages/py/_path/local.pyc",
    "Lib/site-packages/py/_path/svnurl.pyc",
    "Lib/site-packages/py/_path/svnwc.pyc",
    "Lib/site-packages/py/_process/__init__.pyc",
    "Lib/site-packages/py/_process/cmdexec.pyc",
    "Lib/site-packages/py/_process/forkedfunc.pyc",
    "Lib/site-packages/py/_process/killproc.pyc",
    "Lib/site-packages/py/_std.pyc",
    "Lib/site-packages/py/_vendored_packages/__init__.pyc",
    "Lib/site-packages/py/_vendored_packages/apipkg.pyc",
    "Lib/site-packages/py/_vendored_packages/iniconfig.pyc",
    "Lib/site-packages/py/_version.pyc",
    "Lib/site-packages/py/_xmlgen.pyc",
    "Lib/site-packages/py/test.pyc"
  ],
  "fn": "py-1.7.0-py_0.tar.bz2",
  "license": "MIT",
  "link": {
    "source": "C:\\Users\\Fabiano\\Anaconda2\\pkgs\\py-1.7.0-py_0",
    "type": 1
  },
  "md5": "e735e205d3bc7baf3d00d2c6a407fcda",
  "name": "py",
  "noarch": "python",
  "package_tarball_full_path": "C:\\Users\\Fabiano\\Anaconda2\\pkgs\\py-1.7.0-py_0.tar.bz2",
  "paths_data": {
    "paths": [
      {
        "_path": "site-packages/py-1.7.0.dist-info/INSTALLER",
        "path_type": "hardlink",
        "sha256": "ceebae7b8927a3227e5303cf5e0f1f7b34bb542ad7250ac03fbcde36ec2f1508",
        "sha256_in_prefix": "ceebae7b8927a3227e5303cf5e0f1f7b34bb542ad7250ac03fbcde36ec2f1508",
        "size_in_bytes": 4
      },
      {
        "_path": "site-packages/py-1.7.0.dist-info/LICENSE",
        "path_type": "hardlink",
        "sha256": "2af680c39ef493fb82830356d1d3df1acb5a06033cba2dec7a19e21caa77a866",
        "sha256_in_prefix": "2af680c39ef493fb82830356d1d3df1acb5a06033cba2dec7a19e21caa77a866",
        "size_in_bytes": 1061
      },
      {
        "_path": "site-packages/py-1.7.0.dist-info/METADATA",
        "path_type": "hardlink",
        "sha256": "fa80088ceeee18a2909a302dc0861db69738db7b75356ee59da9c3da033dbb56",
        "sha256_in_prefix": "fa80088ceeee18a2909a302dc0861db69738db7b75356ee59da9c3da033dbb56",
        "size_in_bytes": 2835
      },
      {
        "_path": "site-packages/py-1.7.0.dist-info/RECORD",
        "path_type": "hardlink",
        "sha256": "3fd9d688637b45c04f0fa486c589674b876ef271386add5cb8a6a408eec74322",
        "sha256_in_prefix": "3fd9d688637b45c04f0fa486c589674b876ef271386add5cb8a6a408eec74322",
        "size_in_bytes": 4011
      },
      {
        "_path": "site-packages/py-1.7.0.dist-info/WHEEL",
        "path_type": "hardlink",
        "sha256": "f13f1fc5e7ebfebf80efda9b389f5dfc0684824a421a610f1dcfa0a42ab90518",
        "sha256_in_prefix": "f13f1fc5e7ebfebf80efda9b389f5dfc0684824a421a610f1dcfa0a42ab90518",
        "size_in_bytes": 110
      },
      {
        "_path": "site-packages/py-1.7.0.dist-info/top_level.txt",
        "path_type": "hardlink",
        "sha256": "af087cfee913686b1c8f284690155cb0638c75cf827ddcf6407ec128610dbfee",
        "sha256_in_prefix": "af087cfee913686b1c8f284690155cb0638c75cf827ddcf6407ec128610dbfee",
        "size_in_bytes": 3
      },
      {
        "_path": "site-packages/py/__init__.py",
        "path_type": "hardlink",
        "sha256": "e7abc1c2460aa8d4e3d92b514c58ea6bea79d7fcbaa9592fa328f5d0dc9386d6",
        "sha256_in_prefix": "e7abc1c2460aa8d4e3d92b514c58ea6bea79d7fcbaa9592fa328f5d0dc9386d6",
        "size_in_bytes": 6022
      },
      {
        "_path": "site-packages/py/__metainfo.py",
        "path_type": "hardlink",
        "sha256": "f803d470db66b8a81b605f097f3944c942cc7e9ebbb830e74452a2bbd9e6c43d",
        "sha256_in_prefix": "f803d470db66b8a81b605f097f3944c942cc7e9ebbb830e74452a2bbd9e6c43d",
        "size_in_bytes": 55
      },
      {
        "_path": "site-packages/py/_builtin.py",
        "path_type": "hardlink",
        "sha256": "b6abe448107f63940c7a404098a377c745b24bf53f438101d709c51b8e477390",
        "sha256_in_prefix": "b6abe448107f63940c7a404098a377c745b24bf53f438101d709c51b8e477390",
        "size_in_bytes": 6521
      },
      {
        "_path": "site-packages/py/_code/__init__.py",
        "path_type": "hardlink",
        "sha256": "3ec357a49b4f7e57bf21b0202d74133b9609c878bc375c51f18b5eb662ecd407",
        "sha256_in_prefix": "3ec357a49b4f7e57bf21b0202d74133b9609c878bc375c51f18b5eb662ecd407",
        "size_in_bytes": 46
      },
      {
        "_path": "site-packages/py/_code/_assertionnew.py",
        "path_type": "hardlink",
        "sha256": "e760031726645b66a4b3988514a4ad20dc33ff67c54e8981073e34029959e2f2",
        "sha256_in_prefix": "e760031726645b66a4b3988514a4ad20dc33ff67c54e8981073e34029959e2f2",
        "size_in_bytes": 11450
      },
      {
        "_path": "site-packages/py/_code/_assertionold.py",
        "path_type": "hardlink",
        "sha256": "1da0ca3fd7ac9e1f796544d9447da051c8c61472b83001e2f01935f2b141c9c0",
        "sha256_in_prefix": "1da0ca3fd7ac9e1f796544d9447da051c8c61472b83001e2f01935f2b141c9c0",
        "size_in_bytes": 17869
      },
      {
        "_path": "site-packages/py/_code/_py2traceback.py",
        "path_type": "hardlink",
        "sha256": "41d442fab5291e486d7d1ab912e06e6fecba4e76bf6790655ea058b6f7f4fa11",
        "sha256_in_prefix": "41d442fab5291e486d7d1ab912e06e6fecba4e76bf6790655ea058b6f7f4fa11",
        "size_in_bytes": 2765
      },
      {
        "_path": "site-packages/py/_code/assertion.py",
        "path_type": "hardlink",
        "sha256": "5203c7f2a8a1174a8e21618af8347ebacac9673b73f8d8e3fb4701baeab08ee8",
        "sha256_in_prefix": "5203c7f2a8a1174a8e21618af8347ebacac9673b73f8d8e3fb4701baeab08ee8",
        "size_in_bytes": 3174
      },
      {
        "_path": "site-packages/py/_code/code.py",
        "path_type": "hardlink",
        "sha256": "e5f4e371639da9df179b7ee0f3692734bdae2b8ca6a7dc8ba67990adcf6e5b32",
        "sha256_in_prefix": "e5f4e371639da9df179b7ee0f3692734bdae2b8ca6a7dc8ba67990adcf6e5b32",
        "size_in_bytes": 27492
      },
      {
        "_path": "site-packages/py/_code/source.py",
        "path_type": "hardlink",
        "sha256": "859233c546ca86038497179a898971122b3139ebdf83f3a0c6e817c696cc9860",
        "sha256_in_prefix": "859233c546ca86038497179a898971122b3139ebdf83f3a0c6e817c696cc9860",
        "size_in_bytes": 14050
      },
      {
        "_path": "site-packages/py/_error.py",
        "path_type": "hardlink",
        "sha256": "e7d8bbb986a8425101d50c916a4bee207874f5f28600e0b9db547845bd4a55c2",
        "sha256_in_prefix": "e7d8bbb986a8425101d50c916a4bee207874f5f28600e0b9db547845bd4a55c2",
        "size_in_bytes": 2917
      },
      {
        "_path": "site-packages/py/_io/__init__.py",
        "path_type": "hardlink",
        "sha256": "9aba05925faf86bd06868394df70d1f025b96b6dc099610c9187745e4ae7f604",
        "sha256_in_prefix": "9aba05925faf86bd06868394df70d1f025b96b6dc099610c9187745e4ae7f604",
        "size_in_bytes": 29
      },
      {
        "_path": "site-packages/py/_io/capture.py",
        "path_type": "hardlink",
        "sha256": "3da9c22e83e7a9f9e413383611c10ec644f2ff618dc6e9db65be7ab04bee2d05",
        "sha256_in_prefix": "3da9c22e83e7a9f9e413383611c10ec644f2ff618dc6e9db65be7ab04bee2d05",
        "size_in_bytes": 11640
      },
      {
        "_path": "site-packages/py/_io/saferepr.py",
        "path_type": "hardlink",
        "sha256": "bcfcceab95e8198cdd4dfe7ece7dffda26fac3821d3cfd944707a790390c3bcb",
        "sha256_in_prefix": "bcfcceab95e8198cdd4dfe7ece7dffda26fac3821d3cfd944707a790390c3bcb",
        "size_in_bytes": 2483
      },
      {
        "_path": "site-packages/py/_io/terminalwriter.py",
        "path_type": "hardlink",
        "sha256": "8ab1605d92f60ff906eb9c381bf78ddd5438bd4ff0d867ead22e7270e5640948",
        "sha256_in_prefix": "8ab1605d92f60ff906eb9c381bf78ddd5438bd4ff0d867ead22e7270e5640948",
        "size_in_bytes": 14652
      },
      {
        "_path": "site-packages/py/_log/__init__.py",
        "path_type": "hardlink",
        "sha256": "d861356a8ee6b9de7bf8ae955e0988b5926c303241479d345e3efffa8bbf8d8e",
        "sha256_in_prefix": "d861356a8ee6b9de7bf8ae955e0988b5926c303241479d345e3efffa8bbf8d8e",
        "size_in_bytes": 74
      },
      {
        "_path": "site-packages/py/_log/log.py",
        "path_type": "hardlink",
        "sha256": "6ab43c96f65420f9700e8e9f7e0ea536f010d31f14d723d186430bb475102b1f",
        "sha256_in_prefix": "6ab43c96f65420f9700e8e9f7e0ea536f010d31f14d723d186430bb475102b1f",
        "size_in_bytes": 6003
      },
      {
        "_path": "site-packages/py/_log/warning.py",
        "path_type": "hardlink",
        "sha256": "c2e7f1a4d53c6015ca34d70266c66768969a36e2848eebec21ad55f8713a6089",
        "sha256_in_prefix": "c2e7f1a4d53c6015ca34d70266c66768969a36e2848eebec21ad55f8713a6089",
        "size_in_bytes": 2565
      },
      {
        "_path": "site-packages/py/_path/__init__.py",
        "path_type": "hardlink",
        "sha256": "b8191a3616003e24ce7bc723f16583eeba4cd3a5d1e87d04dca8212ba3200690",
        "sha256_in_prefix": "b8191a3616003e24ce7bc723f16583eeba4cd3a5d1e87d04dca8212ba3200690",
        "size_in_bytes": 32
      },
      {
        "_path": "site-packages/py/_path/cacheutil.py",
        "path_type": "hardlink",
        "sha256": "8d0d309381a8aabfdb204f3019dafe09388c0fa76972076aca780698c3b8f296",
        "sha256_in_prefix": "8d0d309381a8aabfdb204f3019dafe09388c0fa76972076aca780698c3b8f296",
        "size_in_bytes": 3333
      },
      {
        "_path": "site-packages/py/_path/common.py",
        "path_type": "hardlink",
        "sha256": "d1910e325726000244f0c9d7eb892a826f2b10358e74fac1f837d4ef2d92ba99",
        "sha256_in_prefix": "d1910e325726000244f0c9d7eb892a826f2b10358e74fac1f837d4ef2d92ba99",
        "size_in_bytes": 14626
      },
      {
        "_path": "site-packages/py/_path/local.py",
        "path_type": "hardlink",
        "sha256": "390dc867005b0a7daf5a6564e42b837517509357a5d7faeb1afcb0e7eae13e32",
        "sha256_in_prefix": "390dc867005b0a7daf5a6564e42b837517509357a5d7faeb1afcb0e7eae13e32",
        "size_in_bytes": 35427
      },
      {
        "_path": "site-packages/py/_path/svnurl.py",
        "path_type": "hardlink",
        "sha256": "382d30f69fe93694a773082f0fad4f72be2bd8dac5ced61bf8e9e00fc473362f",
        "sha256_in_prefix": "382d30f69fe93694a773082f0fad4f72be2bd8dac5ced61bf8e9e00fc473362f",
        "size_in_bytes": 14715
      },
      {
        "_path": "site-packages/py/_path/svnwc.py",
        "path_type": "hardlink",
        "sha256": "df263e045cd1043a7cdfaa6a5440e5ee514745f73153612fdb1d7e2cd5101071",
        "sha256_in_prefix": "df263e045cd1043a7cdfaa6a5440e5ee514745f73153612fdb1d7e2cd5101071",
        "size_in_bytes": 43825
      },
      {
        "_path": "site-packages/py/_process/__init__.py",
        "path_type": "hardlink",
        "sha256": "7bb2d03c3a3b43e2d1f558dc462b61bd3e14a2ccde67cd0d11e52f73d8f81fea",
        "sha256_in_prefix": "7bb2d03c3a3b43e2d1f558dc462b61bd3e14a2ccde67cd0d11e52f73d8f81fea",
        "size_in_bytes": 40
      },
      {
        "_path": "site-packages/py/_process/cmdexec.py",
        "path_type": "hardlink",
        "sha256": "6d3b6747275832f5b9c3e2bfab3451460c9c53ca7821f590079ca6ccb5cc7645",
        "sha256_in_prefix": "6d3b6747275832f5b9c3e2bfab3451460c9c53ca7821f590079ca6ccb5cc7645",
        "size_in_bytes": 1814
      },
      {
        "_path": "site-packages/py/_process/forkedfunc.py",
        "path_type": "hardlink",
        "sha256": "653187a7c929e59d62723d13a27a0f466a5c9bae29c9a5557e2442f5ce539c65",
        "sha256_in_prefix": "653187a7c929e59d62723d13a27a0f466a5c9bae29c9a5557e2442f5ce539c65",
        "size_in_bytes": 3692
      },
      {
        "_path": "site-packages/py/_process/killproc.py",
        "path_type": "hardlink",
        "sha256": "d1f8ffc3f03c322fd904977d2a8cbf36798c368358b6d6fbd77f78dd6c53571c",
        "sha256_in_prefix": "d1f8ffc3f03c322fd904977d2a8cbf36798c368358b6d6fbd77f78dd6c53571c",
        "size_in_bytes": 648
      },
      {
        "_path": "site-packages/py/_std.py",
        "path_type": "hardlink",
        "sha256": "238caa369f4f551f0bc344a5c702d443d88cbc456fed6f40481f3b7805440d63",
        "sha256_in_prefix": "238caa369f4f551f0bc344a5c702d443d88cbc456fed6f40481f3b7805440d63",
        "size_in_bytes": 631
      },
      {
        "_path": "site-packages/py/_vendored_packages/__init__.py",
        "path_type": "hardlink",
        "sha256": "e3b0c44298fc1c149afbf4c8996fb92427ae41e4649b934ca495991b7852b855",
        "sha256_in_prefix": "e3b0c44298fc1c149afbf4c8996fb92427ae41e4649b934ca495991b7852b855",
        "size_in_bytes": 0
      },
      {
        "_path": "site-packages/py/_vendored_packages/apipkg.py",
        "path_type": "hardlink",
        "sha256": "04d9effeabeaf3366f92efaeb9da2a829dd74cd15bc2c3549adcce2ab548ed7d",
        "sha256_in_prefix": "04d9effeabeaf3366f92efaeb9da2a829dd74cd15bc2c3549adcce2ab548ed7d",
        "size_in_bytes": 6420
      },
      {
        "_path": "site-packages/py/_vendored_packages/iniconfig.py",
        "path_type": "hardlink",
        "sha256": "fa905ee4017fe9a030a350b1250f22ff326ae9e8dce88c47b5aeea936b4d2616",
        "sha256_in_prefix": "fa905ee4017fe9a030a350b1250f22ff326ae9e8dce88c47b5aeea936b4d2616",
        "size_in_bytes": 5208
      },
      {
        "_path": "site-packages/py/_version.py",
        "path_type": "hardlink",
        "sha256": "7985358ab08e0b01168da5e547a019bd54854f3ea668e9c3d8a6282b8b65aec3",
        "sha256_in_prefix": "7985358ab08e0b01168da5e547a019bd54854f3ea668e9c3d8a6282b8b65aec3",
        "size_in_bytes": 117
      },
      {
        "_path": "site-packages/py/_xmlgen.py",
        "path_type": "hardlink",
        "sha256": "cbe3c2835859a48a33262ec65d2459bfab1a4ffd279cd6760feeae7bf036c70c",
        "sha256_in_prefix": "cbe3c2835859a48a33262ec65d2459bfab1a4ffd279cd6760feeae7bf036c70c",
        "size_in_bytes": 8364
      },
      {
        "_path": "site-packages/py/test.py",
        "path_type": "hardlink",
        "sha256": "d552cf75b04a10e6a2d9600a0012406d57517dc271b5f7f6c769973664200cbf",
        "sha256_in_prefix": "d552cf75b04a10e6a2d9600a0012406d57517dc271b5f7f6c769973664200cbf",
        "size_in_bytes": 222
      },
      {
        "_path": "Lib/site-packages/py/__init__.pyc",
        "path_type": "pyc_file"
      },
      {
        "_path": "Lib/site-packages/py/__metainfo.pyc",
        "path_type": "pyc_file"
      },
      {
        "_path": "Lib/site-packages/py/_builtin.pyc",
        "path_type": "pyc_file"
      },
      {
        "_path": "Lib/site-packages/py/_code/__init__.pyc",
        "path_type": "pyc_file"
      },
      {
        "_path": "Lib/site-packages/py/_code/_assertionnew.pyc",
        "path_type": "pyc_file"
      },
      {
        "_path": "Lib/site-packages/py/_code/_assertionold.pyc",
        "path_type": "pyc_file"
      },
      {
        "_path": "Lib/site-packages/py/_code/_py2traceback.pyc",
        "path_type": "pyc_file"
      },
      {
        "_path": "Lib/site-packages/py/_code/assertion.pyc",
        "path_type": "pyc_file"
      },
      {
        "_path": "Lib/site-packages/py/_code/code.pyc",
        "path_type": "pyc_file"
      },
      {
        "_path": "Lib/site-packages/py/_code/source.pyc",
        "path_type": "pyc_file"
      },
      {
        "_path": "Lib/site-packages/py/_error.pyc",
        "path_type": "pyc_file"
      },
      {
        "_path": "Lib/site-packages/py/_io/__init__.pyc",
        "path_type": "pyc_file"
      },
      {
        "_path": "Lib/site-packages/py/_io/capture.pyc",
        "path_type": "pyc_file"
      },
      {
        "_path": "Lib/site-packages/py/_io/saferepr.pyc",
        "path_type": "pyc_file"
      },
      {
        "_path": "Lib/site-packages/py/_io/terminalwriter.pyc",
        "path_type": "pyc_file"
      },
      {
        "_path": "Lib/site-packages/py/_log/__init__.pyc",
        "path_type": "pyc_file"
      },
      {
        "_path": "Lib/site-packages/py/_log/log.pyc",
        "path_type": "pyc_file"
      },
      {
        "_path": "Lib/site-packages/py/_log/warning.pyc",
        "path_type": "pyc_file"
      },
      {
        "_path": "Lib/site-packages/py/_path/__init__.pyc",
        "path_type": "pyc_file"
      },
      {
        "_path": "Lib/site-packages/py/_path/cacheutil.pyc",
        "path_type": "pyc_file"
      },
      {
        "_path": "Lib/site-packages/py/_path/common.pyc",
        "path_type": "pyc_file"
      },
      {
        "_path": "Lib/site-packages/py/_path/local.pyc",
        "path_type": "pyc_file"
      },
      {
        "_path": "Lib/site-packages/py/_path/svnurl.pyc",
        "path_type": "pyc_file"
      },
      {
        "_path": "Lib/site-packages/py/_path/svnwc.pyc",
        "path_type": "pyc_file"
      },
      {
        "_path": "Lib/site-packages/py/_process/__init__.pyc",
        "path_type": "pyc_file"
      },
      {
        "_path": "Lib/site-packages/py/_process/cmdexec.pyc",
        "path_type": "pyc_file"
      },
      {
        "_path": "Lib/site-packages/py/_process/forkedfunc.pyc",
        "path_type": "pyc_file"
      },
      {
        "_path": "Lib/site-packages/py/_process/killproc.pyc",
        "path_type": "pyc_file"
      },
      {
        "_path": "Lib/site-packages/py/_std.pyc",
        "path_type": "pyc_file"
      },
      {
        "_path": "Lib/site-packages/py/_vendored_packages/__init__.pyc",
        "path_type": "pyc_file"
      },
      {
        "_path": "Lib/site-packages/py/_vendored_packages/apipkg.pyc",
        "path_type": "pyc_file"
      },
      {
        "_path": "Lib/site-packages/py/_vendored_packages/iniconfig.pyc",
        "path_type": "pyc_file"
      },
      {
        "_path": "Lib/site-packages/py/_version.pyc",
        "path_type": "pyc_file"
      },
      {
        "_path": "Lib/site-packages/py/_xmlgen.pyc",
        "path_type": "pyc_file"
      },
      {
        "_path": "Lib/site-packages/py/test.pyc",
        "path_type": "pyc_file"
      }
    ],
    "paths_version": 1
  },
  "requested_spec": "None",
  "size": 67045,
  "subdir": "noarch",
  "timestamp": 1539478185097,
  "track_features": "",
  "url": "https://conda.anaconda.org/conda-forge/noarch/py-1.7.0-py_0.tar.bz2",
  "version": "1.7.0"
}