{
  "build": "py_1",
  "build_number": 1,
  "channel": "https://conda.anaconda.org/conda-forge/noarch",
  "constrains": [],
  "depends": [
    "python"
  ],
  "extracted_package_dir": "C:\\Users\\Fabiano\\Anaconda2\\pkgs\\pyasn1-0.4.4-py_1",
  "features": "",
  "files": [
    "Lib/site-packages/pyasn1-0.4.4-py2.7.egg-info/PKG-INFO",
    "Lib/site-packages/pyasn1-0.4.4-py2.7.egg-info/SOURCES.txt",
    "Lib/site-packages/pyasn1-0.4.4-py2.7.egg-info/dependency_links.txt",
    "Lib/site-packages/pyasn1-0.4.4-py2.7.egg-info/installed-files.txt",
    "Lib/site-packages/pyasn1-0.4.4-py2.7.egg-info/top_level.txt",
    "Lib/site-packages/pyasn1-0.4.4-py2.7.egg-info/zip-safe",
    "Lib/site-packages/pyasn1/__init__.py",
    "Lib/site-packages/pyasn1/codec/__init__.py",
    "Lib/site-packages/pyasn1/codec/ber/__init__.py",
    "Lib/site-packages/pyasn1/codec/ber/decoder.py",
    "Lib/site-packages/pyasn1/codec/ber/encoder.py",
    "Lib/site-packages/pyasn1/codec/ber/eoo.py",
    "Lib/site-packages/pyasn1/codec/cer/__init__.py",
    "Lib/site-packages/pyasn1/codec/cer/decoder.py",
    "Lib/site-packages/pyasn1/codec/cer/encoder.py",
    "Lib/site-packages/pyasn1/codec/der/__init__.py",
    "Lib/site-packages/pyasn1/codec/der/decoder.py",
    "Lib/site-packages/pyasn1/codec/der/encoder.py",
    "Lib/site-packages/pyasn1/codec/native/__init__.py",
    "Lib/site-packages/pyasn1/codec/native/decoder.py",
    "Lib/site-packages/pyasn1/codec/native/encoder.py",
    "Lib/site-packages/pyasn1/compat/__init__.py",
    "Lib/site-packages/pyasn1/compat/binary.py",
    "Lib/site-packages/pyasn1/compat/calling.py",
    "Lib/site-packages/pyasn1/compat/dateandtime.py",
    "Lib/site-packages/pyasn1/compat/integer.py",
    "Lib/site-packages/pyasn1/compat/octets.py",
    "Lib/site-packages/pyasn1/compat/string.py",
    "Lib/site-packages/pyasn1/debug.py",
    "Lib/site-packages/pyasn1/error.py",
    "Lib/site-packages/pyasn1/type/__init__.py",
    "Lib/site-packages/pyasn1/type/base.py",
    "Lib/site-packages/pyasn1/type/char.py",
    "Lib/site-packages/pyasn1/type/constraint.py",
    "Lib/site-packages/pyasn1/type/error.py",
    "Lib/site-packages/pyasn1/type/namedtype.py",
    "Lib/site-packages/pyasn1/type/namedval.py",
    "Lib/site-packages/pyasn1/type/opentype.py",
    "Lib/site-packages/pyasn1/type/tag.py",
    "Lib/site-packages/pyasn1/type/tagmap.py",
    "Lib/site-packages/pyasn1/type/univ.py",
    "Lib/site-packages/pyasn1/type/useful.py",
    "Lib/site-packages/pyasn1/__init__.pyc",
    "Lib/site-packages/pyasn1/codec/__init__.pyc",
    "Lib/site-packages/pyasn1/codec/ber/__init__.pyc",
    "Lib/site-packages/pyasn1/codec/ber/decoder.pyc",
    "Lib/site-packages/pyasn1/codec/ber/encoder.pyc",
    "Lib/site-packages/pyasn1/codec/ber/eoo.pyc",
    "Lib/site-packages/pyasn1/codec/cer/__init__.pyc",
    "Lib/site-packages/pyasn1/codec/cer/decoder.pyc",
    "Lib/site-packages/pyasn1/codec/cer/encoder.pyc",
    "Lib/site-packages/pyasn1/codec/der/__init__.pyc",
    "Lib/site-packages/pyasn1/codec/der/decoder.pyc",
    "Lib/site-packages/pyasn1/codec/der/encoder.pyc",
    "Lib/site-packages/pyasn1/codec/native/__init__.pyc",
    "Lib/site-packages/pyasn1/codec/native/decoder.pyc",
    "Lib/site-packages/pyasn1/codec/native/encoder.pyc",
    "Lib/site-packages/pyasn1/compat/__init__.pyc",
    "Lib/site-packages/pyasn1/compat/binary.pyc",
    "Lib/site-packages/pyasn1/compat/calling.pyc",
    "Lib/site-packages/pyasn1/compat/dateandtime.pyc",
    "Lib/site-packages/pyasn1/compat/integer.pyc",
    "Lib/site-packages/pyasn1/compat/octets.pyc",
    "Lib/site-packages/pyasn1/compat/string.pyc",
    "Lib/site-packages/pyasn1/debug.pyc",
    "Lib/site-packages/pyasn1/error.pyc",
    "Lib/site-packages/pyasn1/type/__init__.pyc",
    "Lib/site-packages/pyasn1/type/base.pyc",
    "Lib/site-packages/pyasn1/type/char.pyc",
    "Lib/site-packages/pyasn1/type/constraint.pyc",
    "Lib/site-packages/pyasn1/type/error.pyc",
    "Lib/site-packages/pyasn1/type/namedtype.pyc",
    "Lib/site-packages/pyasn1/type/namedval.pyc",
    "Lib/site-packages/pyasn1/type/opentype.pyc",
    "Lib/site-packages/pyasn1/type/tag.pyc",
    "Lib/site-packages/pyasn1/type/tagmap.pyc",
    "Lib/site-packages/pyasn1/type/univ.pyc",
    "Lib/site-packages/pyasn1/type/useful.pyc"
  ],
  "fn": "pyasn1-0.4.4-py_1.tar.bz2",
  "license": "BSD 2-Clause",
  "license_family": "BSD",
  "link": {
    "source": "C:\\Users\\Fabiano\\Anaconda2\\pkgs\\pyasn1-0.4.4-py_1",
    "type": 1
  },
  "md5": "c08e94117f57459273a5d8eb095fe0f0",
  "name": "pyasn1",
  "noarch": "python",
  "package_tarball_full_path": "C:\\Users\\Fabiano\\Anaconda2\\pkgs\\pyasn1-0.4.4-py_1.tar.bz2",
  "paths_data": {
    "paths": [
      {
        "_path": "site-packages/pyasn1-0.4.4-py2.7.egg-info/PKG-INFO",
        "path_type": "hardlink",
        "sha256": "05a49107ba55b1b7b2c1156e23de75955c1f215902e30f843093ea5a79d4a309",
        "sha256_in_prefix": "05a49107ba55b1b7b2c1156e23de75955c1f215902e30f843093ea5a79d4a309",
        "size_in_bytes": 1531
      },
      {
        "_path": "site-packages/pyasn1-0.4.4-py2.7.egg-info/SOURCES.txt",
        "path_type": "hardlink",
        "sha256": "6df8f435e3c3deae8d22159fe5b4a88732263cdbc86437f29f29446750702e4a",
        "sha256_in_prefix": "6df8f435e3c3deae8d22159fe5b4a88732263cdbc86437f29f29446750702e4a",
        "size_in_bytes": 5052
      },
      {
        "_path": "site-packages/pyasn1-0.4.4-py2.7.egg-info/dependency_links.txt",
        "path_type": "hardlink",
        "sha256": "01ba4719c80b6fe911b091a7c05124b64eeece964e09c058ef8f9805daca546b",
        "sha256_in_prefix": "01ba4719c80b6fe911b091a7c05124b64eeece964e09c058ef8f9805daca546b",
        "size_in_bytes": 1
      },
      {
        "_path": "site-packages/pyasn1-0.4.4-py2.7.egg-info/installed-files.txt",
        "path_type": "hardlink",
        "sha256": "1f1ddd1208ea90e6f3bb83e7a7fa8f8bd1b8e5dad27193a5e167f1fd68164fa7",
        "sha256_in_prefix": "1f1ddd1208ea90e6f3bb83e7a7fa8f8bd1b8e5dad27193a5e167f1fd68164fa7",
        "size_in_bytes": 2103
      },
      {
        "_path": "site-packages/pyasn1-0.4.4-py2.7.egg-info/top_level.txt",
        "path_type": "hardlink",
        "sha256": "76734442dde720320ee6648208e079a1b407ae30ce52c47271d06e8dcdafad61",
        "sha256_in_prefix": "76734442dde720320ee6648208e079a1b407ae30ce52c47271d06e8dcdafad61",
        "size_in_bytes": 7
      },
      {
        "_path": "site-packages/pyasn1-0.4.4-py2.7.egg-info/zip-safe",
        "path_type": "hardlink",
        "sha256": "01ba4719c80b6fe911b091a7c05124b64eeece964e09c058ef8f9805daca546b",
        "sha256_in_prefix": "01ba4719c80b6fe911b091a7c05124b64eeece964e09c058ef8f9805daca546b",
        "size_in_bytes": 1
      },
      {
        "_path": "site-packages/pyasn1/__init__.py",
        "path_type": "hardlink",
        "sha256": "af1b947f2b1bbf07a8705977a00ea37558401e434a890f96e2c33d1b96ef2af0",
        "sha256_in_prefix": "af1b947f2b1bbf07a8705977a00ea37558401e434a890f96e2c33d1b96ef2af0",
        "size_in_bytes": 175
      },
      {
        "_path": "site-packages/pyasn1/codec/__init__.py",
        "path_type": "hardlink",
        "sha256": "1040e52584b5ef6107dfd19489d37ff056e435c598f4e555f1edf4015e7ca67d",
        "sha256_in_prefix": "1040e52584b5ef6107dfd19489d37ff056e435c598f4e555f1edf4015e7ca67d",
        "size_in_bytes": 59
      },
      {
        "_path": "site-packages/pyasn1/codec/ber/__init__.py",
        "path_type": "hardlink",
        "sha256": "1040e52584b5ef6107dfd19489d37ff056e435c598f4e555f1edf4015e7ca67d",
        "sha256_in_prefix": "1040e52584b5ef6107dfd19489d37ff056e435c598f4e555f1edf4015e7ca67d",
        "size_in_bytes": 59
      },
      {
        "_path": "site-packages/pyasn1/codec/ber/decoder.py",
        "path_type": "hardlink",
        "sha256": "542aa25de37e464e7f606213100a96f29a83d23164616bb064e01a5bb178e55a",
        "sha256_in_prefix": "542aa25de37e464e7f606213100a96f29a83d23164616bb064e01a5bb178e55a",
        "size_in_bytes": 52509
      },
      {
        "_path": "site-packages/pyasn1/codec/ber/encoder.py",
        "path_type": "hardlink",
        "sha256": "d6056c92b0d9e7b26f8da1a0019bae7b9b4840c8aea16bff25e796b549852c49",
        "sha256_in_prefix": "d6056c92b0d9e7b26f8da1a0019bae7b9b4840c8aea16bff25e796b549852c49",
        "size_in_bytes": 23801
      },
      {
        "_path": "site-packages/pyasn1/codec/ber/eoo.py",
        "path_type": "hardlink",
        "sha256": "08fd734886a319241b350043ce2ea0502598d26f3c9afce89a6edb13dfbf05d8",
        "sha256_in_prefix": "08fd734886a319241b350043ce2ea0502598d26f3c9afce89a6edb13dfbf05d8",
        "size_in_bytes": 634
      },
      {
        "_path": "site-packages/pyasn1/codec/cer/__init__.py",
        "path_type": "hardlink",
        "sha256": "1040e52584b5ef6107dfd19489d37ff056e435c598f4e555f1edf4015e7ca67d",
        "sha256_in_prefix": "1040e52584b5ef6107dfd19489d37ff056e435c598f4e555f1edf4015e7ca67d",
        "size_in_bytes": 59
      },
      {
        "_path": "site-packages/pyasn1/codec/cer/decoder.py",
        "path_type": "hardlink",
        "sha256": "f8aaf3dc9fbae864bcf32d882c113955a379918fc531d811edf664f55b26c2bd",
        "sha256_in_prefix": "f8aaf3dc9fbae864bcf32d882c113955a379918fc531d811edf664f55b26c2bd",
        "size_in_bytes": 3719
      },
      {
        "_path": "site-packages/pyasn1/codec/cer/encoder.py",
        "path_type": "hardlink",
        "sha256": "8507c1eac50368b8140c72bc78377e12172f59810f915975f34c82dfc86e26de",
        "sha256_in_prefix": "8507c1eac50368b8140c72bc78377e12172f59810f915975f34c82dfc86e26de",
        "size_in_bytes": 8872
      },
      {
        "_path": "site-packages/pyasn1/codec/der/__init__.py",
        "path_type": "hardlink",
        "sha256": "1040e52584b5ef6107dfd19489d37ff056e435c598f4e555f1edf4015e7ca67d",
        "sha256_in_prefix": "1040e52584b5ef6107dfd19489d37ff056e435c598f4e555f1edf4015e7ca67d",
        "size_in_bytes": 59
      },
      {
        "_path": "site-packages/pyasn1/codec/der/decoder.py",
        "path_type": "hardlink",
        "sha256": "2d7a72d6490c9579ebc1323248fb30af1d74fe22e74fe965842b4ffceef3d40a",
        "sha256_in_prefix": "2d7a72d6490c9579ebc1323248fb30af1d74fe22e74fe965842b4ffceef3d40a",
        "size_in_bytes": 2696
      },
      {
        "_path": "site-packages/pyasn1/codec/der/encoder.py",
        "path_type": "hardlink",
        "sha256": "1b972c343cda37381290107bfb39dc34f18e492d89eb2f0dec662b4be6f9ca1c",
        "sha256_in_prefix": "1b972c343cda37381290107bfb39dc34f18e492d89eb2f0dec662b4be6f9ca1c",
        "size_in_bytes": 3085
      },
      {
        "_path": "site-packages/pyasn1/codec/native/__init__.py",
        "path_type": "hardlink",
        "sha256": "1040e52584b5ef6107dfd19489d37ff056e435c598f4e555f1edf4015e7ca67d",
        "sha256_in_prefix": "1040e52584b5ef6107dfd19489d37ff056e435c598f4e555f1edf4015e7ca67d",
        "size_in_bytes": 59
      },
      {
        "_path": "site-packages/pyasn1/codec/native/decoder.py",
        "path_type": "hardlink",
        "sha256": "c7be3178185d1101fe7cf5ea7c243923e20efbed6035a22e790703aaacf5c0bd",
        "sha256_in_prefix": "c7be3178185d1101fe7cf5ea7c243923e20efbed6035a22e790703aaacf5c0bd",
        "size_in_bytes": 7754
      },
      {
        "_path": "site-packages/pyasn1/codec/native/encoder.py",
        "path_type": "hardlink",
        "sha256": "69f7c27dcbff7549b5d6d1ba726a53a31a6865367413a0c8fd756be97f5875f6",
        "sha256_in_prefix": "69f7c27dcbff7549b5d6d1ba726a53a31a6865367413a0c8fd756be97f5875f6",
        "size_in_bytes": 7943
      },
      {
        "_path": "site-packages/pyasn1/compat/__init__.py",
        "path_type": "hardlink",
        "sha256": "1040e52584b5ef6107dfd19489d37ff056e435c598f4e555f1edf4015e7ca67d",
        "sha256_in_prefix": "1040e52584b5ef6107dfd19489d37ff056e435c598f4e555f1edf4015e7ca67d",
        "size_in_bytes": 59
      },
      {
        "_path": "site-packages/pyasn1/compat/binary.py",
        "path_type": "hardlink",
        "sha256": "781d20d817be132c8fef76f79301daf6707d2e408c48a3853a29a724ef32facc",
        "sha256_in_prefix": "781d20d817be132c8fef76f79301daf6707d2e408c48a3853a29a724ef32facc",
        "size_in_bytes": 698
      },
      {
        "_path": "site-packages/pyasn1/compat/calling.py",
        "path_type": "hardlink",
        "sha256": "50788606dd80390324bf21c1b586180bc6b63fbd06162dcee5bc963ff3c16fb7",
        "sha256_in_prefix": "50788606dd80390324bf21c1b586180bc6b63fbd06162dcee5bc963ff3c16fb7",
        "size_in_bytes": 379
      },
      {
        "_path": "site-packages/pyasn1/compat/dateandtime.py",
        "path_type": "hardlink",
        "sha256": "e42c76dcce50194afa36f185731a158dcbac5247c1c9a5dc4246590ef4462cc0",
        "sha256_in_prefix": "e42c76dcce50194afa36f185731a158dcbac5247c1c9a5dc4246590ef4462cc0",
        "size_in_bytes": 482
      },
      {
        "_path": "site-packages/pyasn1/compat/integer.py",
        "path_type": "hardlink",
        "sha256": "3b4bb4e719dee7a8fb82c6ba75c5e52f653147a39bd7f6cda1978e8480bc324d",
        "sha256_in_prefix": "3b4bb4e719dee7a8fb82c6ba75c5e52f653147a39bd7f6cda1978e8480bc324d",
        "size_in_bytes": 2988
      },
      {
        "_path": "site-packages/pyasn1/compat/octets.py",
        "path_type": "hardlink",
        "sha256": "47572ab52aa85405bf20677fc5f75d16925116f77ef18f7987210c0c3ade2fc0",
        "sha256_in_prefix": "47572ab52aa85405bf20677fc5f75d16925116f77ef18f7987210c0c3ade2fc0",
        "size_in_bytes": 1359
      },
      {
        "_path": "site-packages/pyasn1/compat/string.py",
        "path_type": "hardlink",
        "sha256": "f118495150e225bc1555fd389dd21387e6374a4b4c5bbd696bde31df3150006c",
        "sha256_in_prefix": "f118495150e225bc1555fd389dd21387e6374a4b4c5bbd696bde31df3150006c",
        "size_in_bytes": 505
      },
      {
        "_path": "site-packages/pyasn1/debug.py",
        "path_type": "hardlink",
        "sha256": "ad5248fab327ed7cdeaa69795373fa8bd0d2fdf5771cc4bb6c47421fd4c83b67",
        "sha256_in_prefix": "ad5248fab327ed7cdeaa69795373fa8bd0d2fdf5771cc4bb6c47421fd4c83b67",
        "size_in_bytes": 3361
      },
      {
        "_path": "site-packages/pyasn1/error.py",
        "path_type": "hardlink",
        "sha256": "90f40939bca36847f194054ed12c9e9afc2ae3e9a0e2c5a6bc8aee267b7e707c",
        "sha256_in_prefix": "90f40939bca36847f194054ed12c9e9afc2ae3e9a0e2c5a6bc8aee267b7e707c",
        "size_in_bytes": 709
      },
      {
        "_path": "site-packages/pyasn1/type/__init__.py",
        "path_type": "hardlink",
        "sha256": "1040e52584b5ef6107dfd19489d37ff056e435c598f4e555f1edf4015e7ca67d",
        "sha256_in_prefix": "1040e52584b5ef6107dfd19489d37ff056e435c598f4e555f1edf4015e7ca67d",
        "size_in_bytes": 59
      },
      {
        "_path": "site-packages/pyasn1/type/base.py",
        "path_type": "hardlink",
        "sha256": "193feb411f979009c73d080f2fde37290117d0456a0a5686454f9d59fc82bd00",
        "sha256_in_prefix": "193feb411f979009c73d080f2fde37290117d0456a0a5686454f9d59fc82bd00",
        "size_in_bytes": 20561
      },
      {
        "_path": "site-packages/pyasn1/type/char.py",
        "path_type": "hardlink",
        "sha256": "f67d96119d5878092a0c645d73c665defa19b8d3583ff4ae8031fffe730a65b9",
        "sha256_in_prefix": "f67d96119d5878092a0c645d73c665defa19b8d3583ff4ae8031fffe730a65b9",
        "size_in_bytes": 10771
      },
      {
        "_path": "site-packages/pyasn1/type/constraint.py",
        "path_type": "hardlink",
        "sha256": "ce7c712ba4dea250db9248cf7605a97f612899b617ba04229fb1d27d643ac7a8",
        "sha256_in_prefix": "ce7c712ba4dea250db9248cf7605a97f612899b617ba04229fb1d27d643ac7a8",
        "size_in_bytes": 16050
      },
      {
        "_path": "site-packages/pyasn1/type/error.py",
        "path_type": "hardlink",
        "sha256": "549f67c68c9db6375a8d59d9f910134099db12a3fa786ffb95799425f2f1957f",
        "sha256_in_prefix": "549f67c68c9db6375a8d59d9f910134099db12a3fa786ffb95799425f2f1957f",
        "size_in_bytes": 246
      },
      {
        "_path": "site-packages/pyasn1/type/namedtype.py",
        "path_type": "hardlink",
        "sha256": "b9f9ac41f15cb8714f10e9875f9dceda339289ca3b8c8f0adc407733dda571a1",
        "sha256_in_prefix": "b9f9ac41f15cb8714f10e9875f9dceda339289ca3b8c8f0adc407733dda571a1",
        "size_in_bytes": 16441
      },
      {
        "_path": "site-packages/pyasn1/type/namedval.py",
        "path_type": "hardlink",
        "sha256": "8482d5ad2764f867f8edff727ca065d2c18dc04d9ab836a0f07fee01bb88f501",
        "sha256_in_prefix": "8482d5ad2764f867f8edff727ca065d2c18dc04d9ab836a0f07fee01bb88f501",
        "size_in_bytes": 4888
      },
      {
        "_path": "site-packages/pyasn1/type/opentype.py",
        "path_type": "hardlink",
        "sha256": "a36acd110492fc0f1acc9b120ebce5bb6908af5a71cd422534f016f1f4d34b22",
        "sha256_in_prefix": "a36acd110492fc0f1acc9b120ebce5bb6908af5a71cd422534f016f1f4d34b22",
        "size_in_bytes": 1781
      },
      {
        "_path": "site-packages/pyasn1/type/tag.py",
        "path_type": "hardlink",
        "sha256": "36bb067a1e6ecfc18436b92affd6c2fe97f3ade19e5b2d220f874def5e4be729",
        "sha256_in_prefix": "36bb067a1e6ecfc18436b92affd6c2fe97f3ade19e5b2d220f874def5e4be729",
        "size_in_bytes": 9489
      },
      {
        "_path": "site-packages/pyasn1/type/tagmap.py",
        "path_type": "hardlink",
        "sha256": "32684db2b636964bec2f190f91cf7f434e38f24df2e7c175a40576a9afa1291b",
        "sha256_in_prefix": "32684db2b636964bec2f190f91cf7f434e38f24df2e7c175a40576a9afa1291b",
        "size_in_bytes": 3015
      },
      {
        "_path": "site-packages/pyasn1/type/univ.py",
        "path_type": "hardlink",
        "sha256": "7ca1905874049822817e5b572dcc38028c0e5d0f2bf4c3110c2a3fa42afd63d2",
        "sha256_in_prefix": "7ca1905874049822817e5b572dcc38028c0e5d0f2bf4c3110c2a3fa42afd63d2",
        "size_in_bytes": 100158
      },
      {
        "_path": "site-packages/pyasn1/type/useful.py",
        "path_type": "hardlink",
        "sha256": "d64509232e02f8ad959516565deeca39e445b81b03acf567c6b5dfd8ceacf1a7",
        "sha256_in_prefix": "d64509232e02f8ad959516565deeca39e445b81b03acf567c6b5dfd8ceacf1a7",
        "size_in_bytes": 5368
      },
      {
        "_path": "Lib/site-packages/pyasn1/__init__.pyc",
        "path_type": "pyc_file"
      },
      {
        "_path": "Lib/site-packages/pyasn1/codec/__init__.pyc",
        "path_type": "pyc_file"
      },
      {
        "_path": "Lib/site-packages/pyasn1/codec/ber/__init__.pyc",
        "path_type": "pyc_file"
      },
      {
        "_path": "Lib/site-packages/pyasn1/codec/ber/decoder.pyc",
        "path_type": "pyc_file"
      },
      {
        "_path": "Lib/site-packages/pyasn1/codec/ber/encoder.pyc",
        "path_type": "pyc_file"
      },
      {
        "_path": "Lib/site-packages/pyasn1/codec/ber/eoo.pyc",
        "path_type": "pyc_file"
      },
      {
        "_path": "Lib/site-packages/pyasn1/codec/cer/__init__.pyc",
        "path_type": "pyc_file"
      },
      {
        "_path": "Lib/site-packages/pyasn1/codec/cer/decoder.pyc",
        "path_type": "pyc_file"
      },
      {
        "_path": "Lib/site-packages/pyasn1/codec/cer/encoder.pyc",
        "path_type": "pyc_file"
      },
      {
        "_path": "Lib/site-packages/pyasn1/codec/der/__init__.pyc",
        "path_type": "pyc_file"
      },
      {
        "_path": "Lib/site-packages/pyasn1/codec/der/decoder.pyc",
        "path_type": "pyc_file"
      },
      {
        "_path": "Lib/site-packages/pyasn1/codec/der/encoder.pyc",
        "path_type": "pyc_file"
      },
      {
        "_path": "Lib/site-packages/pyasn1/codec/native/__init__.pyc",
        "path_type": "pyc_file"
      },
      {
        "_path": "Lib/site-packages/pyasn1/codec/native/decoder.pyc",
        "path_type": "pyc_file"
      },
      {
        "_path": "Lib/site-packages/pyasn1/codec/native/encoder.pyc",
        "path_type": "pyc_file"
      },
      {
        "_path": "Lib/site-packages/pyasn1/compat/__init__.pyc",
        "path_type": "pyc_file"
      },
      {
        "_path": "Lib/site-packages/pyasn1/compat/binary.pyc",
        "path_type": "pyc_file"
      },
      {
        "_path": "Lib/site-packages/pyasn1/compat/calling.pyc",
        "path_type": "pyc_file"
      },
      {
        "_path": "Lib/site-packages/pyasn1/compat/dateandtime.pyc",
        "path_type": "pyc_file"
      },
      {
        "_path": "Lib/site-packages/pyasn1/compat/integer.pyc",
        "path_type": "pyc_file"
      },
      {
        "_path": "Lib/site-packages/pyasn1/compat/octets.pyc",
        "path_type": "pyc_file"
      },
      {
        "_path": "Lib/site-packages/pyasn1/compat/string.pyc",
        "path_type": "pyc_file"
      },
      {
        "_path": "Lib/site-packages/pyasn1/debug.pyc",
        "path_type": "pyc_file"
      },
      {
        "_path": "Lib/site-packages/pyasn1/error.pyc",
        "path_type": "pyc_file"
      },
      {
        "_path": "Lib/site-packages/pyasn1/type/__init__.pyc",
        "path_type": "pyc_file"
      },
      {
        "_path": "Lib/site-packages/pyasn1/type/base.pyc",
        "path_type": "pyc_file"
      },
      {
        "_path": "Lib/site-packages/pyasn1/type/char.pyc",
        "path_type": "pyc_file"
      },
      {
        "_path": "Lib/site-packages/pyasn1/type/constraint.pyc",
        "path_type": "pyc_file"
      },
      {
        "_path": "Lib/site-packages/pyasn1/type/error.pyc",
        "path_type": "pyc_file"
      },
      {
        "_path": "Lib/site-packages/pyasn1/type/namedtype.pyc",
        "path_type": "pyc_file"
      },
      {
        "_path": "Lib/site-packages/pyasn1/type/namedval.pyc",
        "path_type": "pyc_file"
      },
      {
        "_path": "Lib/site-packages/pyasn1/type/opentype.pyc",
        "path_type": "pyc_file"
      },
      {
        "_path": "Lib/site-packages/pyasn1/type/tag.pyc",
        "path_type": "pyc_file"
      },
      {
        "_path": "Lib/site-packages/pyasn1/type/tagmap.pyc",
        "path_type": "pyc_file"
      },
      {
        "_path": "Lib/site-packages/pyasn1/type/univ.pyc",
        "path_type": "pyc_file"
      },
      {
        "_path": "Lib/site-packages/pyasn1/type/useful.pyc",
        "path_type": "pyc_file"
      }
    ],
    "paths_version": 1
  },
  "requested_spec": "None",
  "size": 47842,
  "subdir": "noarch",
  "timestamp": 1540177934332,
  "track_features": "",
  "url": "https://conda.anaconda.org/conda-forge/noarch/pyasn1-0.4.4-py_1.tar.bz2",
  "version": "0.4.4"
}