{
  "build": "py_0",
  "build_number": 0,
  "channel": "https://conda.anaconda.org/conda-forge/noarch",
  "constrains": [],
  "depends": [
    "python"
  ],
  "extracted_package_dir": "C:\\Users\\Fabiano\\Anaconda2\\pkgs\\pycparser-2.19-py_0",
  "features": "",
  "files": [
    "Lib/site-packages/pycparser-2.19-py2.7.egg-info/PKG-INFO",
    "Lib/site-packages/pycparser-2.19-py2.7.egg-info/SOURCES.txt",
    "Lib/site-packages/pycparser-2.19-py2.7.egg-info/dependency_links.txt",
    "Lib/site-packages/pycparser-2.19-py2.7.egg-info/installed-files.txt",
    "Lib/site-packages/pycparser-2.19-py2.7.egg-info/top_level.txt",
    "Lib/site-packages/pycparser/__init__.py",
    "Lib/site-packages/pycparser/_ast_gen.py",
    "Lib/site-packages/pycparser/_build_tables.py",
    "Lib/site-packages/pycparser/_c_ast.cfg",
    "Lib/site-packages/pycparser/ast_transforms.py",
    "Lib/site-packages/pycparser/c_ast.py",
    "Lib/site-packages/pycparser/c_generator.py",
    "Lib/site-packages/pycparser/c_lexer.py",
    "Lib/site-packages/pycparser/c_parser.py",
    "Lib/site-packages/pycparser/lextab.py",
    "Lib/site-packages/pycparser/ply/__init__.py",
    "Lib/site-packages/pycparser/ply/cpp.py",
    "Lib/site-packages/pycparser/ply/ctokens.py",
    "Lib/site-packages/pycparser/ply/lex.py",
    "Lib/site-packages/pycparser/ply/yacc.py",
    "Lib/site-packages/pycparser/ply/ygen.py",
    "Lib/site-packages/pycparser/plyparser.py",
    "Lib/site-packages/pycparser/yacctab.py",
    "Lib/site-packages/pycparser/__init__.pyc",
    "Lib/site-packages/pycparser/_ast_gen.pyc",
    "Lib/site-packages/pycparser/_build_tables.pyc",
    "Lib/site-packages/pycparser/ast_transforms.pyc",
    "Lib/site-packages/pycparser/c_ast.pyc",
    "Lib/site-packages/pycparser/c_generator.pyc",
    "Lib/site-packages/pycparser/c_lexer.pyc",
    "Lib/site-packages/pycparser/c_parser.pyc",
    "Lib/site-packages/pycparser/lextab.pyc",
    "Lib/site-packages/pycparser/ply/__init__.pyc",
    "Lib/site-packages/pycparser/ply/cpp.pyc",
    "Lib/site-packages/pycparser/ply/ctokens.pyc",
    "Lib/site-packages/pycparser/ply/lex.pyc",
    "Lib/site-packages/pycparser/ply/yacc.pyc",
    "Lib/site-packages/pycparser/ply/ygen.pyc",
    "Lib/site-packages/pycparser/plyparser.pyc",
    "Lib/site-packages/pycparser/yacctab.pyc"
  ],
  "fn": "pycparser-2.19-py_0.tar.bz2",
  "license": "BSD 3-clause",
  "link": {
    "source": "C:\\Users\\Fabiano\\Anaconda2\\pkgs\\pycparser-2.19-py_0",
    "type": 1
  },
  "md5": "56bec4351f7b8e7793ccab5f40354855",
  "name": "pycparser",
  "noarch": "python",
  "package_tarball_full_path": "C:\\Users\\Fabiano\\Anaconda2\\pkgs\\pycparser-2.19-py_0.tar.bz2",
  "paths_data": {
    "paths": [
      {
        "_path": "site-packages/pycparser-2.19-py2.7.egg-info/PKG-INFO",
        "path_type": "hardlink",
        "sha256": "6dffa6ff766760796b7e6cd763112a7237561c3f0db37b8744657072daa04b74",
        "sha256_in_prefix": "6dffa6ff766760796b7e6cd763112a7237561c3f0db37b8744657072daa04b74",
        "size_in_bytes": 994
      },
      {
        "_path": "site-packages/pycparser-2.19-py2.7.egg-info/SOURCES.txt",
        "path_type": "hardlink",
        "sha256": "e44b31deb86b52e67f5645feb4934b7892227d517ede6210c3a8470f98cfc7d6",
        "sha256_in_prefix": "e44b31deb86b52e67f5645feb4934b7892227d517ede6210c3a8470f98cfc7d6",
        "size_in_bytes": 5532
      },
      {
        "_path": "site-packages/pycparser-2.19-py2.7.egg-info/dependency_links.txt",
        "path_type": "hardlink",
        "sha256": "01ba4719c80b6fe911b091a7c05124b64eeece964e09c058ef8f9805daca546b",
        "sha256_in_prefix": "01ba4719c80b6fe911b091a7c05124b64eeece964e09c058ef8f9805daca546b",
        "size_in_bytes": 1
      },
      {
        "_path": "site-packages/pycparser-2.19-py2.7.egg-info/installed-files.txt",
        "path_type": "hardlink",
        "sha256": "b712f5d6467a85fe1c495f0fec0e08c878e2f0f346f3a67491103e5c3de41e95",
        "sha256_in_prefix": "b712f5d6467a85fe1c495f0fec0e08c878e2f0f346f3a67491103e5c3de41e95",
        "size_in_bytes": 973
      },
      {
        "_path": "site-packages/pycparser-2.19-py2.7.egg-info/top_level.txt",
        "path_type": "hardlink",
        "sha256": "73e94f712ef82fff0aa07ec813a3d0179a1fca2ad140d57856191b48520f7963",
        "sha256_in_prefix": "73e94f712ef82fff0aa07ec813a3d0179a1fca2ad140d57856191b48520f7963",
        "size_in_bytes": 10
      },
      {
        "_path": "site-packages/pycparser/__init__.py",
        "path_type": "hardlink",
        "sha256": "975f624632acc84fde5bd4af12569c0ae49b564433ab23521422b7c2ff229de0",
        "sha256_in_prefix": "975f624632acc84fde5bd4af12569c0ae49b564433ab23521422b7c2ff229de0",
        "size_in_bytes": 2815
      },
      {
        "_path": "site-packages/pycparser/_ast_gen.py",
        "path_type": "hardlink",
        "sha256": "fcb6d1aff90a6b610779bef2d20579db9255dbd9f30946d31f8a19fbd238a88b",
        "sha256_in_prefix": "fcb6d1aff90a6b610779bef2d20579db9255dbd9f30946d31f8a19fbd238a88b",
        "size_in_bytes": 10607
      },
      {
        "_path": "site-packages/pycparser/_build_tables.py",
        "path_type": "hardlink",
        "sha256": "7b995c4b6fd8e17a507c002b0e0e0f7879281b0593ead6c0ffccce88e9781f3c",
        "sha256_in_prefix": "7b995c4b6fd8e17a507c002b0e0e0f7879281b0593ead6c0ffccce88e9781f3c",
        "size_in_bytes": 859
      },
      {
        "_path": "site-packages/pycparser/_c_ast.cfg",
        "path_type": "hardlink",
        "sha256": "d56f3e0c76b946a66fca185aff46f856f28bd02118bfd5b4c45b3f6308b21076",
        "sha256_in_prefix": "d56f3e0c76b946a66fca185aff46f856f28bd02118bfd5b4c45b3f6308b21076",
        "size_in_bytes": 4206
      },
      {
        "_path": "site-packages/pycparser/ast_transforms.py",
        "path_type": "hardlink",
        "sha256": "2bc71f94564c4e034b1a0e97da3b9f9c8b9a9f7f064d2a38ec6ead78f31cfbbd",
        "sha256_in_prefix": "2bc71f94564c4e034b1a0e97da3b9f9c8b9a9f7f064d2a38ec6ead78f31cfbbd",
        "size_in_bytes": 3576
      },
      {
        "_path": "site-packages/pycparser/c_ast.py",
        "path_type": "hardlink",
        "sha256": "25d0f20b74146417d7f7056ed8434ead040f6dcef7ec999ff15b68ce1ba46b2a",
        "sha256_in_prefix": "25d0f20b74146417d7f7056ed8434ead040f6dcef7ec999ff15b68ce1ba46b2a",
        "size_in_bytes": 30233
      },
      {
        "_path": "site-packages/pycparser/c_generator.py",
        "path_type": "hardlink",
        "sha256": "e190551676b10d7a468bbc3837cec3bc08fdcb6ac48836330768206b6601b9a9",
        "sha256_in_prefix": "e190551676b10d7a468bbc3837cec3bc08fdcb6ac48836330768206b6601b9a9",
        "size_in_bytes": 14668
      },
      {
        "_path": "site-packages/pycparser/c_lexer.py",
        "path_type": "hardlink",
        "sha256": "f56f42a0fc72d424106b39fd93013563a40f9b5ec0ffe37250a8f08aadd84b94",
        "sha256_in_prefix": "f56f42a0fc72d424106b39fd93013563a40f9b5ec0ffe37250a8f08aadd84b94",
        "size_in_bytes": 14464
      },
      {
        "_path": "site-packages/pycparser/c_parser.py",
        "path_type": "hardlink",
        "sha256": "881ca77cd817fc4a880276150722b97eed582b51053af211d2989ee361e9feb6",
        "sha256_in_prefix": "881ca77cd817fc4a880276150722b97eed582b51053af211d2989ee361e9feb6",
        "size_in_bytes": 69222
      },
      {
        "_path": "site-packages/pycparser/lextab.py",
        "path_type": "hardlink",
        "sha256": "1728d122c6aadb05620ea24d61271446e73b1835b9175d95b98c4e24b8758f88",
        "sha256_in_prefix": "1728d122c6aadb05620ea24d61271446e73b1835b9175d95b98c4e24b8758f88",
        "size_in_bytes": 7011
      },
      {
        "_path": "site-packages/pycparser/ply/__init__.py",
        "path_type": "hardlink",
        "sha256": "ab8b3ce90c11b1845adb42fdb9e4b17e1fa13e28697ed0630cebd86b6fd24b66",
        "sha256_in_prefix": "ab8b3ce90c11b1845adb42fdb9e4b17e1fa13e28697ed0630cebd86b6fd24b66",
        "size_in_bytes": 102
      },
      {
        "_path": "site-packages/pycparser/ply/cpp.py",
        "path_type": "hardlink",
        "sha256": "52d0b7ca54d6a79ff530a03e3cb0aec0a411f3348e9e51ae18621dce3f314bdf",
        "sha256_in_prefix": "52d0b7ca54d6a79ff530a03e3cb0aec0a411f3348e9e51ae18621dce3f314bdf",
        "size_in_bytes": 33282
      },
      {
        "_path": "site-packages/pycparser/ply/ctokens.py",
        "path_type": "hardlink",
        "sha256": "30a92c9cde344de84f86055fc422618e3fc18cbf78ddaa6b78004a633f9b9746",
        "sha256_in_prefix": "30a92c9cde344de84f86055fc422618e3fc18cbf78ddaa6b78004a633f9b9746",
        "size_in_bytes": 3177
      },
      {
        "_path": "site-packages/pycparser/ply/lex.py",
        "path_type": "hardlink",
        "sha256": "ed0a25e7bc7bd361d9c2303764ba7ef38094116ab511e856f8debb5b38218be3",
        "sha256_in_prefix": "ed0a25e7bc7bd361d9c2303764ba7ef38094116ab511e856f8debb5b38218be3",
        "size_in_bytes": 42918
      },
      {
        "_path": "site-packages/pycparser/ply/yacc.py",
        "path_type": "hardlink",
        "sha256": "79ab520e444b811afa5f7fa1a0393f49042fd3ae51d0174bd8aedf439e028153",
        "sha256_in_prefix": "79ab520e444b811afa5f7fa1a0393f49042fd3ae51d0174bd8aedf439e028153",
        "size_in_bytes": 137323
      },
      {
        "_path": "site-packages/pycparser/ply/ygen.py",
        "path_type": "hardlink",
        "sha256": "d8960d798b6b3f3d49ccb48b3b77781ac4bccc953c8d8fc8fc2475548f605ab0",
        "sha256_in_prefix": "d8960d798b6b3f3d49ccb48b3b77781ac4bccc953c8d8fc8fc2475548f605ab0",
        "size_in_bytes": 2251
      },
      {
        "_path": "site-packages/pycparser/plyparser.py",
        "path_type": "hardlink",
        "sha256": "b1a18d8e9b209dc433fa11c4878e5fdbc04baa8a53c477df68983ff41099862f",
        "sha256_in_prefix": "b1a18d8e9b209dc433fa11c4878e5fdbc04baa8a53c477df68983ff41099862f",
        "size_in_bytes": 4873
      },
      {
        "_path": "site-packages/pycparser/yacctab.py",
        "path_type": "hardlink",
        "sha256": "28e7b0b073606d261a62b2ef0c9afb2b78d78feeeaa2ed278323449e10e6c81e",
        "sha256_in_prefix": "28e7b0b073606d261a62b2ef0c9afb2b78d78feeeaa2ed278323449e10e6c81e",
        "size_in_bytes": 169715
      },
      {
        "_path": "Lib/site-packages/pycparser/__init__.pyc",
        "path_type": "pyc_file"
      },
      {
        "_path": "Lib/site-packages/pycparser/_ast_gen.pyc",
        "path_type": "pyc_file"
      },
      {
        "_path": "Lib/site-packages/pycparser/_build_tables.pyc",
        "path_type": "pyc_file"
      },
      {
        "_path": "Lib/site-packages/pycparser/ast_transforms.pyc",
        "path_type": "pyc_file"
      },
      {
        "_path": "Lib/site-packages/pycparser/c_ast.pyc",
        "path_type": "pyc_file"
      },
      {
        "_path": "Lib/site-packages/pycparser/c_generator.pyc",
        "path_type": "pyc_file"
      },
      {
        "_path": "Lib/site-packages/pycparser/c_lexer.pyc",
        "path_type": "pyc_file"
      },
      {
        "_path": "Lib/site-packages/pycparser/c_parser.pyc",
        "path_type": "pyc_file"
      },
      {
        "_path": "Lib/site-packages/pycparser/lextab.pyc",
        "path_type": "pyc_file"
      },
      {
        "_path": "Lib/site-packages/pycparser/ply/__init__.pyc",
        "path_type": "pyc_file"
      },
      {
        "_path": "Lib/site-packages/pycparser/ply/cpp.pyc",
        "path_type": "pyc_file"
      },
      {
        "_path": "Lib/site-packages/pycparser/ply/ctokens.pyc",
        "path_type": "pyc_file"
      },
      {
        "_path": "Lib/site-packages/pycparser/ply/lex.pyc",
        "path_type": "pyc_file"
      },
      {
        "_path": "Lib/site-packages/pycparser/ply/yacc.pyc",
        "path_type": "pyc_file"
      },
      {
        "_path": "Lib/site-packages/pycparser/ply/ygen.pyc",
        "path_type": "pyc_file"
      },
      {
        "_path": "Lib/site-packages/pycparser/plyparser.pyc",
        "path_type": "pyc_file"
      },
      {
        "_path": "Lib/site-packages/pycparser/yacctab.pyc",
        "path_type": "pyc_file"
      }
    ],
    "paths_version": 1
  },
  "requested_spec": "None",
  "size": 89104,
  "subdir": "noarch",
  "timestamp": 1537385993961,
  "track_features": "",
  "url": "https://conda.anaconda.org/conda-forge/noarch/pycparser-2.19-py_0.tar.bz2",
  "version": "2.19"
}