{
  "build": "py_1",
  "build_number": 1,
  "channel": "https://conda.anaconda.org/conda-forge/noarch",
  "constrains": [],
  "depends": [
    "python"
  ],
  "extracted_package_dir": "C:\\Users\\Fabiano\\Anaconda2\\pkgs\\pydispatcher-2.0.5-py_1",
  "features": "",
  "files": [
    "Lib/site-packages/PyDispatcher-2.0.5-py2.7.egg-info/PKG-INFO",
    "Lib/site-packages/PyDispatcher-2.0.5-py2.7.egg-info/SOURCES.txt",
    "Lib/site-packages/PyDispatcher-2.0.5-py2.7.egg-info/dependency_links.txt",
    "Lib/site-packages/PyDispatcher-2.0.5-py2.7.egg-info/installed-files.txt",
    "Lib/site-packages/PyDispatcher-2.0.5-py2.7.egg-info/top_level.txt",
    "Lib/site-packages/pydispatch/__init__.py",
    "Lib/site-packages/pydispatch/dispatcher.py",
    "Lib/site-packages/pydispatch/errors.py",
    "Lib/site-packages/pydispatch/robust.py",
    "Lib/site-packages/pydispatch/robustapply.py",
    "Lib/site-packages/pydispatch/saferef.py",
    "Lib/site-packages/pydispatch/__init__.pyc",
    "Lib/site-packages/pydispatch/dispatcher.pyc",
    "Lib/site-packages/pydispatch/errors.pyc",
    "Lib/site-packages/pydispatch/robust.pyc",
    "Lib/site-packages/pydispatch/robustapply.pyc",
    "Lib/site-packages/pydispatch/saferef.pyc"
  ],
  "fn": "pydispatcher-2.0.5-py_1.tar.bz2",
  "license": "BSD 3-Clause",
  "license_family": "BSD",
  "link": {
    "source": "C:\\Users\\Fabiano\\Anaconda2\\pkgs\\pydispatcher-2.0.5-py_1",
    "type": 1
  },
  "md5": "2929e4719e77db31b13f85592d277222",
  "name": "pydispatcher",
  "noarch": "python",
  "package_tarball_full_path": "C:\\Users\\Fabiano\\Anaconda2\\pkgs\\pydispatcher-2.0.5-py_1.tar.bz2",
  "paths_data": {
    "paths": [
      {
        "_path": "site-packages/PyDispatcher-2.0.5-py2.7.egg-info/PKG-INFO",
        "path_type": "hardlink",
        "sha256": "60360b80f4185201645a046c2928f61588e6f298aa4b9f11f070d6002bed79d3",
        "sha256_in_prefix": "60360b80f4185201645a046c2928f61588e6f298aa4b9f11f070d6002bed79d3",
        "size_in_bytes": 1318
      },
      {
        "_path": "site-packages/PyDispatcher-2.0.5-py2.7.egg-info/SOURCES.txt",
        "path_type": "hardlink",
        "sha256": "625986eba7fe21f68bf5045d979e77141bdab43cf67063545895fd8e7f4fae2c",
        "sha256_in_prefix": "625986eba7fe21f68bf5045d979e77141bdab43cf67063545895fd8e7f4fae2c",
        "size_in_bytes": 918
      },
      {
        "_path": "site-packages/PyDispatcher-2.0.5-py2.7.egg-info/dependency_links.txt",
        "path_type": "hardlink",
        "sha256": "01ba4719c80b6fe911b091a7c05124b64eeece964e09c058ef8f9805daca546b",
        "sha256_in_prefix": "01ba4719c80b6fe911b091a7c05124b64eeece964e09c058ef8f9805daca546b",
        "size_in_bytes": 1
      },
      {
        "_path": "site-packages/PyDispatcher-2.0.5-py2.7.egg-info/installed-files.txt",
        "path_type": "hardlink",
        "sha256": "17e2a283e977ef47792720b5ae51c08a7a734ca53c01d4502c2a327887b126cf",
        "sha256_in_prefix": "17e2a283e977ef47792720b5ae51c08a7a734ca53c01d4502c2a327887b126cf",
        "size_in_bytes": 374
      },
      {
        "_path": "site-packages/PyDispatcher-2.0.5-py2.7.egg-info/top_level.txt",
        "path_type": "hardlink",
        "sha256": "056ebd80cd88c883df164f09d77791c31cd5962734e3aae8137587e5bc9ae412",
        "sha256_in_prefix": "056ebd80cd88c883df164f09d77791c31cd5962734e3aae8137587e5bc9ae412",
        "size_in_bytes": 11
      },
      {
        "_path": "site-packages/pydispatch/__init__.py",
        "path_type": "hardlink",
        "sha256": "7ab8879874217a6f6447d29597a4c351abd84529b939197f89dbeea9c6ad9c9c",
        "sha256_in_prefix": "7ab8879874217a6f6447d29597a4c351abd84529b939197f89dbeea9c6ad9c9c",
        "size_in_bytes": 170
      },
      {
        "_path": "site-packages/pydispatch/dispatcher.py",
        "path_type": "hardlink",
        "sha256": "bc8e84b239fa9aa7f704b22d946db676d5458462e7cd6ed5b93254dff039f584",
        "sha256_in_prefix": "bc8e84b239fa9aa7f704b22d946db676d5458462e7cd6ed5b93254dff039f584",
        "size_in_bytes": 16746
      },
      {
        "_path": "site-packages/pydispatch/errors.py",
        "path_type": "hardlink",
        "sha256": "98369fb16102b42d0e14ba6024fe4237672ce3ef72f11b64e313b8e115421b3f",
        "sha256_in_prefix": "98369fb16102b42d0e14ba6024fe4237672ce3ef72f11b64e313b8e115421b3f",
        "size_in_bytes": 371
      },
      {
        "_path": "site-packages/pydispatch/robust.py",
        "path_type": "hardlink",
        "sha256": "f3fb07f3bdc00e6632a7a5074cbff81209c674c9096f7a6e1e957c36f7e18e3e",
        "sha256_in_prefix": "f3fb07f3bdc00e6632a7a5074cbff81209c674c9096f7a6e1e957c36f7e18e3e",
        "size_in_bytes": 2083
      },
      {
        "_path": "site-packages/pydispatch/robustapply.py",
        "path_type": "hardlink",
        "sha256": "813b7811c89c21fd275df396cb2092484dc02afaea82cdca70c29e1c986ea170",
        "sha256_in_prefix": "813b7811c89c21fd275df396cb2092484dc02afaea82cdca70c29e1c986ea170",
        "size_in_bytes": 2085
      },
      {
        "_path": "site-packages/pydispatch/saferef.py",
        "path_type": "hardlink",
        "sha256": "b673008adc866c07c1f73ed5bc2e136ca41650a2c0db38d79e613300645902bf",
        "sha256_in_prefix": "b673008adc866c07c1f73ed5bc2e136ca41650a2c0db38d79e613300645902bf",
        "size_in_bytes": 7374
      },
      {
        "_path": "Lib/site-packages/pydispatch/__init__.pyc",
        "path_type": "pyc_file"
      },
      {
        "_path": "Lib/site-packages/pydispatch/dispatcher.pyc",
        "path_type": "pyc_file"
      },
      {
        "_path": "Lib/site-packages/pydispatch/errors.pyc",
        "path_type": "pyc_file"
      },
      {
        "_path": "Lib/site-packages/pydispatch/robust.pyc",
        "path_type": "pyc_file"
      },
      {
        "_path": "Lib/site-packages/pydispatch/robustapply.pyc",
        "path_type": "pyc_file"
      },
      {
        "_path": "Lib/site-packages/pydispatch/saferef.pyc",
        "path_type": "pyc_file"
      }
    ],
    "paths_version": 1
  },
  "requested_spec": "None",
  "size": 12016,
  "subdir": "noarch",
  "timestamp": 1531795677086,
  "track_features": "",
  "url": "https://conda.anaconda.org/conda-forge/noarch/pydispatcher-2.0.5-py_1.tar.bz2",
  "version": "2.0.5"
}