{
  "arch": "x86_64",
  "build": "py27_1000",
  "build_number": 1000,
  "channel": "https://conda.anaconda.org/conda-forge/win-64",
  "constrains": [],
  "depends": [
    "cryptography >=2.2.1",
    "python >=2.7,<2.8.0a0",
    "six >=1.5.2"
  ],
  "extracted_package_dir": "C:\\Users\\Fabiano\\Anaconda2\\pkgs\\pyopenssl-18.0.0-py27_1000",
  "features": "",
  "files": [
    "Lib/site-packages/OpenSSL/SSL.py",
    "Lib/site-packages/OpenSSL/SSL.pyc",
    "Lib/site-packages/OpenSSL/__init__.py",
    "Lib/site-packages/OpenSSL/__init__.pyc",
    "Lib/site-packages/OpenSSL/_util.py",
    "Lib/site-packages/OpenSSL/_util.pyc",
    "Lib/site-packages/OpenSSL/crypto.py",
    "Lib/site-packages/OpenSSL/crypto.pyc",
    "Lib/site-packages/OpenSSL/debug.py",
    "Lib/site-packages/OpenSSL/debug.pyc",
    "Lib/site-packages/OpenSSL/rand.py",
    "Lib/site-packages/OpenSSL/rand.pyc",
    "Lib/site-packages/OpenSSL/tsafe.py",
    "Lib/site-packages/OpenSSL/tsafe.pyc",
    "Lib/site-packages/OpenSSL/version.py",
    "Lib/site-packages/OpenSSL/version.pyc",
    "Lib/site-packages/pyOpenSSL-18.0.0-py2.7.egg-info/PKG-INFO",
    "Lib/site-packages/pyOpenSSL-18.0.0-py2.7.egg-info/SOURCES.txt",
    "Lib/site-packages/pyOpenSSL-18.0.0-py2.7.egg-info/dependency_links.txt",
    "Lib/site-packages/pyOpenSSL-18.0.0-py2.7.egg-info/installed-files.txt",
    "Lib/site-packages/pyOpenSSL-18.0.0-py2.7.egg-info/requires.txt",
    "Lib/site-packages/pyOpenSSL-18.0.0-py2.7.egg-info/top_level.txt"
  ],
  "fn": "pyopenssl-18.0.0-py27_1000.tar.bz2",
  "license": "Apache 2.0",
  "license_family": "Apache",
  "link": {
    "source": "C:\\Users\\Fabiano\\Anaconda2\\pkgs\\pyopenssl-18.0.0-py27_1000",
    "type": 1
  },
  "md5": "3eccd6b593bcf522f724aba691633c18",
  "name": "pyopenssl",
  "package_tarball_full_path": "C:\\Users\\Fabiano\\Anaconda2\\pkgs\\pyopenssl-18.0.0-py27_1000.tar.bz2",
  "paths_data": {
    "paths": [
      {
        "_path": "Lib/site-packages/OpenSSL/SSL.py",
        "path_type": "hardlink",
        "sha256": "aa6dc86172ea398733f2a0aaab53077297f8f1596fd1799f9a35678f69f91b94",
        "sha256_in_prefix": "aa6dc86172ea398733f2a0aaab53077297f8f1596fd1799f9a35678f69f91b94",
        "size_in_bytes": 88715
      },
      {
        "_path": "Lib/site-packages/OpenSSL/SSL.pyc",
        "path_type": "hardlink",
        "sha256": "0b22bdac8f52be9545b63d2ae157e464a8ee5c1dfe9b268ea553dc00b949bd5b",
        "sha256_in_prefix": "0b22bdac8f52be9545b63d2ae157e464a8ee5c1dfe9b268ea553dc00b949bd5b",
        "size_in_bytes": 85286
      },
      {
        "_path": "Lib/site-packages/OpenSSL/__init__.py",
        "path_type": "hardlink",
        "sha256": "d51e693b5c8d89381186ddae579ac485bb2fef34d2592ed00fd8d5f129871908",
        "sha256_in_prefix": "d51e693b5c8d89381186ddae579ac485bb2fef34d2592ed00fd8d5f129871908",
        "size_in_bytes": 447
      },
      {
        "_path": "Lib/site-packages/OpenSSL/__init__.pyc",
        "path_type": "hardlink",
        "sha256": "8eb7316de011c287ccb0cf4ec20fed1f87395d2d657227c481e7e36759524997",
        "sha256_in_prefix": "8eb7316de011c287ccb0cf4ec20fed1f87395d2d657227c481e7e36759524997",
        "size_in_bytes": 629
      },
      {
        "_path": "Lib/site-packages/OpenSSL/_util.py",
        "path_type": "hardlink",
        "sha256": "a064ab2c9e1f7fa34673a0f255512742c983d93b0bcf5af1aac0d7d84cf7fce9",
        "sha256_in_prefix": "a064ab2c9e1f7fa34673a0f255512742c983d93b0bcf5af1aac0d7d84cf7fce9",
        "size_in_bytes": 4174
      },
      {
        "_path": "Lib/site-packages/OpenSSL/_util.pyc",
        "path_type": "hardlink",
        "sha256": "b05ab01d8f7113095ebfaa9cdb61a78f02752c8f494edcbc66025d7f2a4f9e4a",
        "sha256_in_prefix": "b05ab01d8f7113095ebfaa9cdb61a78f02752c8f494edcbc66025d7f2a4f9e4a",
        "size_in_bytes": 4839
      },
      {
        "_path": "Lib/site-packages/OpenSSL/crypto.py",
        "path_type": "hardlink",
        "sha256": "47727acc492ed9eb7c33a5187be60d529d3ab52da1814f0f75420d6287aa5d62",
        "sha256_in_prefix": "47727acc492ed9eb7c33a5187be60d529d3ab52da1814f0f75420d6287aa5d62",
        "size_in_bytes": 99788
      },
      {
        "_path": "Lib/site-packages/OpenSSL/crypto.pyc",
        "path_type": "hardlink",
        "sha256": "7e9680e7c22f01c1e95410b4a042e7585745b89b4d7b29e5da832ad83729be4e",
        "sha256_in_prefix": "7e9680e7c22f01c1e95410b4a042e7585745b89b4d7b29e5da832ad83729be4e",
        "size_in_bytes": 101114
      },
      {
        "_path": "Lib/site-packages/OpenSSL/debug.py",
        "path_type": "hardlink",
        "sha256": "671e861815ea938a2ab79817ad98ce5d1aa20a7031ef210931649f0f13e0301f",
        "sha256_in_prefix": "671e861815ea938a2ab79817ad98ce5d1aa20a7031ef210931649f0f13e0301f",
        "size_in_bytes": 1049
      },
      {
        "_path": "Lib/site-packages/OpenSSL/debug.pyc",
        "path_type": "hardlink",
        "sha256": "026d494c14b212566205e5f2f88d717ea9cbfbd5d0e88f2b3ebd30de3452d21c",
        "sha256_in_prefix": "026d494c14b212566205e5f2f88d717ea9cbfbd5d0e88f2b3ebd30de3452d21c",
        "size_in_bytes": 1352
      },
      {
        "_path": "Lib/site-packages/OpenSSL/rand.py",
        "path_type": "hardlink",
        "sha256": "f421a8c744496ebadd1f52fb4a2b0441885c3a9d3282986e23cd353b36304a81",
        "sha256_in_prefix": "f421a8c744496ebadd1f52fb4a2b0441885c3a9d3282986e23cd353b36304a81",
        "size_in_bytes": 1042
      },
      {
        "_path": "Lib/site-packages/OpenSSL/rand.pyc",
        "path_type": "hardlink",
        "sha256": "7ba96a83dcc81c22c97f8080106ba3ea49ed5b76a7e89fbf4700c8ca2e741ee9",
        "sha256_in_prefix": "7ba96a83dcc81c22c97f8080106ba3ea49ed5b76a7e89fbf4700c8ca2e741ee9",
        "size_in_bytes": 1418
      },
      {
        "_path": "Lib/site-packages/OpenSSL/tsafe.py",
        "path_type": "hardlink",
        "sha256": "5a43caf3e6ae05091798d2acf00029ea904ce8db03bb1950d0229599a31a9c82",
        "sha256_in_prefix": "5a43caf3e6ae05091798d2acf00029ea904ce8db03bb1950d0229599a31a9c82",
        "size_in_bytes": 1102
      },
      {
        "_path": "Lib/site-packages/OpenSSL/tsafe.pyc",
        "path_type": "hardlink",
        "sha256": "93fe17f87e1116d3c99f7907cdc25494072a4406e118ed837231c038ffbe47c1",
        "sha256_in_prefix": "93fe17f87e1116d3c99f7907cdc25494072a4406e118ed837231c038ffbe47c1",
        "size_in_bytes": 1703
      },
      {
        "_path": "Lib/site-packages/OpenSSL/version.py",
        "path_type": "hardlink",
        "sha256": "90b27b6fe17f76483cadaa0d32456c2972c17057963749dcf8991b8faaa51dac",
        "sha256_in_prefix": "90b27b6fe17f76483cadaa0d32456c2972c17057963749dcf8991b8faaa51dac",
        "size_in_bytes": 626
      },
      {
        "_path": "Lib/site-packages/OpenSSL/version.pyc",
        "path_type": "hardlink",
        "sha256": "f2a23dfacb47b6c2439b579abaa1b506480f0f946bfefb7da85b00395d268404",
        "sha256_in_prefix": "f2a23dfacb47b6c2439b579abaa1b506480f0f946bfefb7da85b00395d268404",
        "size_in_bytes": 720
      },
      {
        "_path": "Lib/site-packages/pyOpenSSL-18.0.0-py2.7.egg-info/PKG-INFO",
        "path_type": "hardlink",
        "sha256": "c03e3cfede756b07db5c3d7d2083e90b5be1168e80a05bb942e0d5fb06b3c413",
        "sha256_in_prefix": "c03e3cfede756b07db5c3d7d2083e90b5be1168e80a05bb942e0d5fb06b3c413",
        "size_in_bytes": 4605
      },
      {
        "_path": "Lib/site-packages/pyOpenSSL-18.0.0-py2.7.egg-info/SOURCES.txt",
        "path_type": "hardlink",
        "sha256": "c874173f88bc13653ea06569872ecb313af50a19c5405d41fdfcdfe05a8abb40",
        "sha256_in_prefix": "c874173f88bc13653ea06569872ecb313af50a19c5405d41fdfcdfe05a8abb40",
        "size_in_bytes": 1440
      },
      {
        "_path": "Lib/site-packages/pyOpenSSL-18.0.0-py2.7.egg-info/dependency_links.txt",
        "path_type": "hardlink",
        "sha256": "01ba4719c80b6fe911b091a7c05124b64eeece964e09c058ef8f9805daca546b",
        "sha256_in_prefix": "01ba4719c80b6fe911b091a7c05124b64eeece964e09c058ef8f9805daca546b",
        "size_in_bytes": 1
      },
      {
        "_path": "Lib/site-packages/pyOpenSSL-18.0.0-py2.7.egg-info/installed-files.txt",
        "path_type": "hardlink",
        "sha256": "c5af0cc3ee1748857460f3183223384ccd88d79c44074711a686fbfcb71f7b48",
        "sha256_in_prefix": "c5af0cc3ee1748857460f3183223384ccd88d79c44074711a686fbfcb71f7b48",
        "size_in_bytes": 424
      },
      {
        "_path": "Lib/site-packages/pyOpenSSL-18.0.0-py2.7.egg-info/requires.txt",
        "path_type": "hardlink",
        "sha256": "6d213b09119089cce8d432723d27355e488ae43a12d3b8d345133ce57cdf096a",
        "sha256_in_prefix": "6d213b09119089cce8d432723d27355e488ae43a12d3b8d345133ce57cdf096a",
        "size_in_bytes": 99
      },
      {
        "_path": "Lib/site-packages/pyOpenSSL-18.0.0-py2.7.egg-info/top_level.txt",
        "path_type": "hardlink",
        "sha256": "34dc56a92f2128d261d9c5176b545938c5fad9525fc9df14468d53b189d1fcc5",
        "sha256_in_prefix": "34dc56a92f2128d261d9c5176b545938c5fad9525fc9df14468d53b189d1fcc5",
        "size_in_bytes": 8
      }
    ],
    "paths_version": 1
  },
  "platform": "win32",
  "requested_spec": "None",
  "size": 79944,
  "subdir": "win-64",
  "timestamp": 1539102115776,
  "track_features": "",
  "url": "https://conda.anaconda.org/conda-forge/win-64/pyopenssl-18.0.0-py27_1000.tar.bz2",
  "version": "18.0.0"
}