{
  "build": "py_1",
  "build_number": 1,
  "channel": "https://conda.anaconda.org/conda-forge/noarch",
  "constrains": [],
  "depends": [
    "pytest",
    "python",
    "setuptools"
  ],
  "extracted_package_dir": "C:\\Users\\Fabiano\\Anaconda2\\pkgs\\pytest-runner-4.2-py_1",
  "features": "",
  "files": [
    "Lib/site-packages/ptr.py",
    "Lib/site-packages/pytest_runner-4.2-py2.7.egg-info/PKG-INFO",
    "Lib/site-packages/pytest_runner-4.2-py2.7.egg-info/SOURCES.txt",
    "Lib/site-packages/pytest_runner-4.2-py2.7.egg-info/dependency_links.txt",
    "Lib/site-packages/pytest_runner-4.2-py2.7.egg-info/entry_points.txt",
    "Lib/site-packages/pytest_runner-4.2-py2.7.egg-info/installed-files.txt",
    "Lib/site-packages/pytest_runner-4.2-py2.7.egg-info/namespace_packages.txt",
    "Lib/site-packages/pytest_runner-4.2-py2.7.egg-info/requires.txt",
    "Lib/site-packages/pytest_runner-4.2-py2.7.egg-info/top_level.txt",
    "Lib/site-packages/ptr.pyc"
  ],
  "fn": "pytest-runner-4.2-py_1.tar.bz2",
  "license": "MIT",
  "license_family": "MIT",
  "link": {
    "source": "C:\\Users\\Fabiano\\Anaconda2\\pkgs\\pytest-runner-4.2-py_1",
    "type": 1
  },
  "md5": "26935048108a67b6a5c95b05fe863c0d",
  "name": "pytest-runner",
  "noarch": "python",
  "package_tarball_full_path": "C:\\Users\\Fabiano\\Anaconda2\\pkgs\\pytest-runner-4.2-py_1.tar.bz2",
  "paths_data": {
    "paths": [
      {
        "_path": "site-packages/ptr.py",
        "path_type": "hardlink",
        "sha256": "20ce211ec010ba938eb44ca34d27a5f8b701c1afae923c91d37344b1c6088081",
        "sha256_in_prefix": "20ce211ec010ba938eb44ca34d27a5f8b701c1afae923c91d37344b1c6088081",
        "size_in_bytes": 5177
      },
      {
        "_path": "site-packages/pytest_runner-4.2-py2.7.egg-info/PKG-INFO",
        "path_type": "hardlink",
        "sha256": "60fd4ea95a81d2cfe66ffee4326841c43879cff63087a0a5c287d91a66b989cc",
        "sha256_in_prefix": "60fd4ea95a81d2cfe66ffee4326841c43879cff63087a0a5c287d91a66b989cc",
        "size_in_bytes": 5880
      },
      {
        "_path": "site-packages/pytest_runner-4.2-py2.7.egg-info/SOURCES.txt",
        "path_type": "hardlink",
        "sha256": "698ac86250d2bbad98d0b38096f0e41f25eefb4b64c5b1ef1d2ae537b393544b",
        "sha256_in_prefix": "698ac86250d2bbad98d0b38096f0e41f25eefb4b64c5b1ef1d2ae537b393544b",
        "size_in_bytes": 458
      },
      {
        "_path": "site-packages/pytest_runner-4.2-py2.7.egg-info/dependency_links.txt",
        "path_type": "hardlink",
        "sha256": "01ba4719c80b6fe911b091a7c05124b64eeece964e09c058ef8f9805daca546b",
        "sha256_in_prefix": "01ba4719c80b6fe911b091a7c05124b64eeece964e09c058ef8f9805daca546b",
        "size_in_bytes": 1
      },
      {
        "_path": "site-packages/pytest_runner-4.2-py2.7.egg-info/entry_points.txt",
        "path_type": "hardlink",
        "sha256": "24b941c3c4b22c2527620b98d21b397559c0f5d31b86e1153e70e3a2325b5c7c",
        "sha256_in_prefix": "24b941c3c4b22c2527620b98d21b397559c0f5d31b86e1153e70e3a2325b5c7c",
        "size_in_bytes": 59
      },
      {
        "_path": "site-packages/pytest_runner-4.2-py2.7.egg-info/installed-files.txt",
        "path_type": "hardlink",
        "sha256": "ac1b886908698fcc5489a2421889ee753e1a39a4f5f829b67732751d4b95d325",
        "sha256_in_prefix": "ac1b886908698fcc5489a2421889ee753e1a39a4f5f829b67732751d4b95d325",
        "size_in_bytes": 130
      },
      {
        "_path": "site-packages/pytest_runner-4.2-py2.7.egg-info/namespace_packages.txt",
        "path_type": "hardlink",
        "sha256": "01ba4719c80b6fe911b091a7c05124b64eeece964e09c058ef8f9805daca546b",
        "sha256_in_prefix": "01ba4719c80b6fe911b091a7c05124b64eeece964e09c058ef8f9805daca546b",
        "size_in_bytes": 1
      },
      {
        "_path": "site-packages/pytest_runner-4.2-py2.7.egg-info/requires.txt",
        "path_type": "hardlink",
        "sha256": "3565774b607c60641920a50a28361b69f7fcd93f70850764a1c12fdd34e1f48e",
        "sha256_in_prefix": "3565774b607c60641920a50a28361b69f7fcd93f70850764a1c12fdd34e1f48e",
        "size_in_bytes": 149
      },
      {
        "_path": "site-packages/pytest_runner-4.2-py2.7.egg-info/top_level.txt",
        "path_type": "hardlink",
        "sha256": "0cfcc76d694a1bccaaf04383e54804bd534359e2513f28a6af07d287057a22ec",
        "sha256_in_prefix": "0cfcc76d694a1bccaaf04383e54804bd534359e2513f28a6af07d287057a22ec",
        "size_in_bytes": 4
      },
      {
        "_path": "Lib/site-packages/ptr.pyc",
        "path_type": "pyc_file"
      }
    ],
    "paths_version": 1
  },
  "requested_spec": "None",
  "size": 8065,
  "subdir": "noarch",
  "timestamp": 1533406596005,
  "track_features": "",
  "url": "https://conda.anaconda.org/conda-forge/noarch/pytest-runner-4.2-py_1.tar.bz2",
  "version": "4.2"
}