{
  "arch": "x86_64",
  "build": "py27_1000",
  "build_number": 1000,
  "channel": "https://conda.anaconda.org/conda-forge/win-64",
  "constrains": [],
  "depends": [
    "atomicwrites >=1.0",
    "attrs >=17.4.0",
    "colorama",
    "funcsigs",
    "more-itertools >=4.0",
    "pathlib2 >=2.2.0",
    "pluggy >=0.7",
    "py >=1.5.0",
    "python >=2.7,<2.8.0a0",
    "setuptools >=40.0",
    "six >=1.10.0"
  ],
  "extracted_package_dir": "C:\\Users\\Fabiano\\Anaconda2\\pkgs\\pytest-4.0.0-py27_1000",
  "features": "",
  "files": [
    "Lib/site-packages/_pytest/__init__.py",
    "Lib/site-packages/_pytest/__init__.pyc",
    "Lib/site-packages/_pytest/_argcomplete.py",
    "Lib/site-packages/_pytest/_argcomplete.pyc",
    "Lib/site-packages/_pytest/_code/__init__.py",
    "Lib/site-packages/_pytest/_code/__init__.pyc",
    "Lib/site-packages/_pytest/_code/_py2traceback.py",
    "Lib/site-packages/_pytest/_code/_py2traceback.pyc",
    "Lib/site-packages/_pytest/_code/code.py",
    "Lib/site-packages/_pytest/_code/code.pyc",
    "Lib/site-packages/_pytest/_code/source.py",
    "Lib/site-packages/_pytest/_code/source.pyc",
    "Lib/site-packages/_pytest/_version.py",
    "Lib/site-packages/_pytest/_version.pyc",
    "Lib/site-packages/_pytest/assertion/__init__.py",
    "Lib/site-packages/_pytest/assertion/__init__.pyc",
    "Lib/site-packages/_pytest/assertion/rewrite.py",
    "Lib/site-packages/_pytest/assertion/rewrite.pyc",
    "Lib/site-packages/_pytest/assertion/truncate.py",
    "Lib/site-packages/_pytest/assertion/truncate.pyc",
    "Lib/site-packages/_pytest/assertion/util.py",
    "Lib/site-packages/_pytest/assertion/util.pyc",
    "Lib/site-packages/_pytest/cacheprovider.py",
    "Lib/site-packages/_pytest/cacheprovider.pyc",
    "Lib/site-packages/_pytest/capture.py",
    "Lib/site-packages/_pytest/capture.pyc",
    "Lib/site-packages/_pytest/compat.py",
    "Lib/site-packages/_pytest/compat.pyc",
    "Lib/site-packages/_pytest/config/__init__.py",
    "Lib/site-packages/_pytest/config/__init__.pyc",
    "Lib/site-packages/_pytest/config/argparsing.py",
    "Lib/site-packages/_pytest/config/argparsing.pyc",
    "Lib/site-packages/_pytest/config/exceptions.py",
    "Lib/site-packages/_pytest/config/exceptions.pyc",
    "Lib/site-packages/_pytest/config/findpaths.py",
    "Lib/site-packages/_pytest/config/findpaths.pyc",
    "Lib/site-packages/_pytest/debugging.py",
    "Lib/site-packages/_pytest/debugging.pyc",
    "Lib/site-packages/_pytest/deprecated.py",
    "Lib/site-packages/_pytest/deprecated.pyc",
    "Lib/site-packages/_pytest/doctest.py",
    "Lib/site-packages/_pytest/doctest.pyc",
    "Lib/site-packages/_pytest/fixtures.py",
    "Lib/site-packages/_pytest/fixtures.pyc",
    "Lib/site-packages/_pytest/freeze_support.py",
    "Lib/site-packages/_pytest/freeze_support.pyc",
    "Lib/site-packages/_pytest/helpconfig.py",
    "Lib/site-packages/_pytest/helpconfig.pyc",
    "Lib/site-packages/_pytest/hookspec.py",
    "Lib/site-packages/_pytest/hookspec.pyc",
    "Lib/site-packages/_pytest/junitxml.py",
    "Lib/site-packages/_pytest/junitxml.pyc",
    "Lib/site-packages/_pytest/logging.py",
    "Lib/site-packages/_pytest/logging.pyc",
    "Lib/site-packages/_pytest/main.py",
    "Lib/site-packages/_pytest/main.pyc",
    "Lib/site-packages/_pytest/mark/__init__.py",
    "Lib/site-packages/_pytest/mark/__init__.pyc",
    "Lib/site-packages/_pytest/mark/evaluate.py",
    "Lib/site-packages/_pytest/mark/evaluate.pyc",
    "Lib/site-packages/_pytest/mark/legacy.py",
    "Lib/site-packages/_pytest/mark/legacy.pyc",
    "Lib/site-packages/_pytest/mark/structures.py",
    "Lib/site-packages/_pytest/mark/structures.pyc",
    "Lib/site-packages/_pytest/monkeypatch.py",
    "Lib/site-packages/_pytest/monkeypatch.pyc",
    "Lib/site-packages/_pytest/nodes.py",
    "Lib/site-packages/_pytest/nodes.pyc",
    "Lib/site-packages/_pytest/nose.py",
    "Lib/site-packages/_pytest/nose.pyc",
    "Lib/site-packages/_pytest/outcomes.py",
    "Lib/site-packages/_pytest/outcomes.pyc",
    "Lib/site-packages/_pytest/pastebin.py",
    "Lib/site-packages/_pytest/pastebin.pyc",
    "Lib/site-packages/_pytest/pathlib.py",
    "Lib/site-packages/_pytest/pathlib.pyc",
    "Lib/site-packages/_pytest/pytester.py",
    "Lib/site-packages/_pytest/pytester.pyc",
    "Lib/site-packages/_pytest/python.py",
    "Lib/site-packages/_pytest/python.pyc",
    "Lib/site-packages/_pytest/python_api.py",
    "Lib/site-packages/_pytest/python_api.pyc",
    "Lib/site-packages/_pytest/recwarn.py",
    "Lib/site-packages/_pytest/recwarn.pyc",
    "Lib/site-packages/_pytest/reports.py",
    "Lib/site-packages/_pytest/reports.pyc",
    "Lib/site-packages/_pytest/resultlog.py",
    "Lib/site-packages/_pytest/resultlog.pyc",
    "Lib/site-packages/_pytest/runner.py",
    "Lib/site-packages/_pytest/runner.pyc",
    "Lib/site-packages/_pytest/setuponly.py",
    "Lib/site-packages/_pytest/setuponly.pyc",
    "Lib/site-packages/_pytest/setupplan.py",
    "Lib/site-packages/_pytest/setupplan.pyc",
    "Lib/site-packages/_pytest/skipping.py",
    "Lib/site-packages/_pytest/skipping.pyc",
    "Lib/site-packages/_pytest/stepwise.py",
    "Lib/site-packages/_pytest/stepwise.pyc",
    "Lib/site-packages/_pytest/terminal.py",
    "Lib/site-packages/_pytest/terminal.pyc",
    "Lib/site-packages/_pytest/tmpdir.py",
    "Lib/site-packages/_pytest/tmpdir.pyc",
    "Lib/site-packages/_pytest/unittest.py",
    "Lib/site-packages/_pytest/unittest.pyc",
    "Lib/site-packages/_pytest/warning_types.py",
    "Lib/site-packages/_pytest/warning_types.pyc",
    "Lib/site-packages/_pytest/warnings.py",
    "Lib/site-packages/_pytest/warnings.pyc",
    "Lib/site-packages/pytest-4.0.0-py2.7.egg-info/PKG-INFO",
    "Lib/site-packages/pytest-4.0.0-py2.7.egg-info/SOURCES.txt",
    "Lib/site-packages/pytest-4.0.0-py2.7.egg-info/dependency_links.txt",
    "Lib/site-packages/pytest-4.0.0-py2.7.egg-info/entry_points.txt",
    "Lib/site-packages/pytest-4.0.0-py2.7.egg-info/installed-files.txt",
    "Lib/site-packages/pytest-4.0.0-py2.7.egg-info/not-zip-safe",
    "Lib/site-packages/pytest-4.0.0-py2.7.egg-info/requires.txt",
    "Lib/site-packages/pytest-4.0.0-py2.7.egg-info/top_level.txt",
    "Lib/site-packages/pytest.py",
    "Lib/site-packages/pytest.pyc",
    "Scripts/py.test-script.py",
    "Scripts/py.test.exe",
    "Scripts/pytest-script.py",
    "Scripts/pytest.exe"
  ],
  "fn": "pytest-4.0.0-py27_1000.tar.bz2",
  "license": "MIT",
  "link": {
    "source": "C:\\Users\\Fabiano\\Anaconda2\\pkgs\\pytest-4.0.0-py27_1000",
    "type": 1
  },
  "md5": "c7da9d9a6787bcab51e65b8aa9298a52",
  "name": "pytest",
  "package_tarball_full_path": "C:\\Users\\Fabiano\\Anaconda2\\pkgs\\pytest-4.0.0-py27_1000.tar.bz2",
  "paths_data": {
    "paths": [
      {
        "_path": "Lib/site-packages/_pytest/__init__.py",
        "path_type": "hardlink",
        "sha256": "e857f9bfff4264aa72d65f3b013e5c20739f300f64753b73865d86dd08d80bd4",
        "sha256_in_prefix": "e857f9bfff4264aa72d65f3b013e5c20739f300f64753b73865d86dd08d80bd4",
        "size_in_bytes": 239
      },
      {
        "_path": "Lib/site-packages/_pytest/__init__.pyc",
        "path_type": "hardlink",
        "sha256": "780a8f86b48dfec728ef0a7a3c475c9a7f42f6dcc30cd627d5dfc6894a4a6903",
        "sha256_in_prefix": "780a8f86b48dfec728ef0a7a3c475c9a7f42f6dcc30cd627d5dfc6894a4a6903",
        "size_in_bytes": 288
      },
      {
        "_path": "Lib/site-packages/_pytest/_argcomplete.py",
        "path_type": "hardlink",
        "sha256": "ec805a65e7e1807f3b108bb895ae825d16fbe056ce644fbff697df0833027093",
        "sha256_in_prefix": "ec805a65e7e1807f3b108bb895ae825d16fbe056ce644fbff697df0833027093",
        "size_in_bytes": 3724
      },
      {
        "_path": "Lib/site-packages/_pytest/_argcomplete.pyc",
        "path_type": "hardlink",
        "sha256": "6c6e87555fccfd529a8618a740b30c1e8653e4bd6d210772d355d42d2fcb70eb",
        "sha256_in_prefix": "6c6e87555fccfd529a8618a740b30c1e8653e4bd6d210772d355d42d2fcb70eb",
        "size_in_bytes": 4359
      },
      {
        "_path": "Lib/site-packages/_pytest/_code/__init__.py",
        "path_type": "hardlink",
        "sha256": "dc075047b73fe4864fb1cffc97e0c1e136d236d3d43f5e3dccc2ee7f32b2ad59",
        "sha256_in_prefix": "dc075047b73fe4864fb1cffc97e0c1e136d236d3d43f5e3dccc2ee7f32b2ad59",
        "size_in_bytes": 498
      },
      {
        "_path": "Lib/site-packages/_pytest/_code/__init__.pyc",
        "path_type": "hardlink",
        "sha256": "d185d056ad34d7ef3c890b359359edd24343a324f5f7f7933c2f690423c2150a",
        "sha256_in_prefix": "d185d056ad34d7ef3c890b359359edd24343a324f5f7f7933c2f690423c2150a",
        "size_in_bytes": 764
      },
      {
        "_path": "Lib/site-packages/_pytest/_code/_py2traceback.py",
        "path_type": "hardlink",
        "sha256": "d8917597d5f871d75f4447bbe1c910e9d7627cb87e0d798c2a38f031480af1fa",
        "sha256_in_prefix": "d8917597d5f871d75f4447bbe1c910e9d7627cb87e0d798c2a38f031480af1fa",
        "size_in_bytes": 3151
      },
      {
        "_path": "Lib/site-packages/_pytest/_code/_py2traceback.pyc",
        "path_type": "hardlink",
        "sha256": "8f6dc5005f2a201ce9dff8962ba9dd0ebf5ee8df188f01c8da1655ad740f0d5d",
        "sha256_in_prefix": "8f6dc5005f2a201ce9dff8962ba9dd0ebf5ee8df188f01c8da1655ad740f0d5d",
        "size_in_bytes": 2928
      },
      {
        "_path": "Lib/site-packages/_pytest/_code/code.py",
        "path_type": "hardlink",
        "sha256": "1e156cc3d87c8e79dfe040b5957b0ea7a010b2b670c53b9a9ddbf3bef6fdae8c",
        "sha256_in_prefix": "1e156cc3d87c8e79dfe040b5957b0ea7a010b2b670c53b9a9ddbf3bef6fdae8c",
        "size_in_bytes": 35145
      },
      {
        "_path": "Lib/site-packages/_pytest/_code/code.pyc",
        "path_type": "hardlink",
        "sha256": "b3100b398bf1e2c356a0b002e0bcad7d56ff83af8ed6744cc6df61454846cc15",
        "sha256_in_prefix": "b3100b398bf1e2c356a0b002e0bcad7d56ff83af8ed6744cc6df61454846cc15",
        "size_in_bytes": 37024
      },
      {
        "_path": "Lib/site-packages/_pytest/_code/source.py",
        "path_type": "hardlink",
        "sha256": "254b26fcbd7a9b1b34c1f12771967bda009092c05a811549ca0c581532046025",
        "sha256_in_prefix": "254b26fcbd7a9b1b34c1f12771967bda009092c05a811549ca0c581532046025",
        "size_in_bytes": 10430
      },
      {
        "_path": "Lib/site-packages/_pytest/_code/source.pyc",
        "path_type": "hardlink",
        "sha256": "9083e0bd3d775f7afc65d57f80884f4b521b5d69d243210a21b36b54a636a7ba",
        "sha256_in_prefix": "9083e0bd3d775f7afc65d57f80884f4b521b5d69d243210a21b36b54a636a7ba",
        "size_in_bytes": 10974
      },
      {
        "_path": "Lib/site-packages/_pytest/_version.py",
        "path_type": "hardlink",
        "sha256": "ca0182896f70c51359835f57de4048fafd93f65bdbc3594ddb711345a2475850",
        "sha256_in_prefix": "ca0182896f70c51359835f57de4048fafd93f65bdbc3594ddb711345a2475850",
        "size_in_bytes": 121
      },
      {
        "_path": "Lib/site-packages/_pytest/_version.pyc",
        "path_type": "hardlink",
        "sha256": "3291834b8c43b3f8553b4ed0f141ce7a906ad115ec6f12bdfb1b26232b1a7ca0",
        "sha256_in_prefix": "3291834b8c43b3f8553b4ed0f141ce7a906ad115ec6f12bdfb1b26232b1a7ca0",
        "size_in_bytes": 152
      },
      {
        "_path": "Lib/site-packages/_pytest/assertion/__init__.py",
        "path_type": "hardlink",
        "sha256": "3dff09f85b17ad05f368a9ef708a2f8202f8dfbcdeceb43c47132ca0c2311cf5",
        "sha256_in_prefix": "3dff09f85b17ad05f368a9ef708a2f8202f8dfbcdeceb43c47132ca0c2311cf5",
        "size_in_bytes": 5171
      },
      {
        "_path": "Lib/site-packages/_pytest/assertion/__init__.pyc",
        "path_type": "hardlink",
        "sha256": "692c739d24fa893826d9459a83ec97a551fe546fece7bb210d2b50e8cd779e52",
        "sha256_in_prefix": "692c739d24fa893826d9459a83ec97a551fe546fece7bb210d2b50e8cd779e52",
        "size_in_bytes": 6525
      },
      {
        "_path": "Lib/site-packages/_pytest/assertion/rewrite.py",
        "path_type": "hardlink",
        "sha256": "6c1238cc60eaf666d5784f5ec65d27ced2195a4525ab312eeba0c27c270c0512",
        "sha256_in_prefix": "6c1238cc60eaf666d5784f5ec65d27ced2195a4525ab312eeba0c27c270c0512",
        "size_in_bytes": 39457
      },
      {
        "_path": "Lib/site-packages/_pytest/assertion/rewrite.pyc",
        "path_type": "hardlink",
        "sha256": "a2465f79cc44afe7b4b32062ecae6533c8963a52158fac56131567187bce9414",
        "sha256_in_prefix": "a2465f79cc44afe7b4b32062ecae6533c8963a52158fac56131567187bce9414",
        "size_in_bytes": 34421
      },
      {
        "_path": "Lib/site-packages/_pytest/assertion/truncate.py",
        "path_type": "hardlink",
        "sha256": "12956be4c1a57a01b181881dd5182b8be43638ffe56482babf94241c474dba28",
        "sha256_in_prefix": "12956be4c1a57a01b181881dd5182b8be43638ffe56482babf94241c474dba28",
        "size_in_bytes": 3376
      },
      {
        "_path": "Lib/site-packages/_pytest/assertion/truncate.pyc",
        "path_type": "hardlink",
        "sha256": "0789d014f57ce46d0ff30fb7b4e1f19db903a634a79aecd71e5a85968689e11d",
        "sha256_in_prefix": "0789d014f57ce46d0ff30fb7b4e1f19db903a634a79aecd71e5a85968689e11d",
        "size_in_bytes": 3330
      },
      {
        "_path": "Lib/site-packages/_pytest/assertion/util.py",
        "path_type": "hardlink",
        "sha256": "a0952fe20fa3daac09678062df5f6a13e79bbce953fd67d6952fe4e318fa6de7",
        "sha256_in_prefix": "a0952fe20fa3daac09678062df5f6a13e79bbce953fd67d6952fe4e318fa6de7",
        "size_in_bytes": 11351
      },
      {
        "_path": "Lib/site-packages/_pytest/assertion/util.pyc",
        "path_type": "hardlink",
        "sha256": "054c76584c5ff4c3315aadbe3e8c012cd38dae7b777b25899a373a7741f49f06",
        "sha256_in_prefix": "054c76584c5ff4c3315aadbe3e8c012cd38dae7b777b25899a373a7741f49f06",
        "size_in_bytes": 11871
      },
      {
        "_path": "Lib/site-packages/_pytest/cacheprovider.py",
        "path_type": "hardlink",
        "sha256": "e1d9c44615613d160f52013cd929d3f1da4449405f1e122298023c1ad6f1447e",
        "sha256_in_prefix": "e1d9c44615613d160f52013cd929d3f1da4449405f1e122298023c1ad6f1447e",
        "size_in_bytes": 13168
      },
      {
        "_path": "Lib/site-packages/_pytest/cacheprovider.pyc",
        "path_type": "hardlink",
        "sha256": "f9da9f3bef5b7611a893ce539866b058f9b46a668e5be1344dd4b7a9377ebfac",
        "sha256_in_prefix": "f9da9f3bef5b7611a893ce539866b058f9b46a668e5be1344dd4b7a9377ebfac",
        "size_in_bytes": 15195
      },
      {
        "_path": "Lib/site-packages/_pytest/capture.py",
        "path_type": "hardlink",
        "sha256": "f8e098343177400a31666106d003f708c6cc228f36d8d69fbe02b8e4963abbcb",
        "sha256_in_prefix": "f8e098343177400a31666106d003f708c6cc228f36d8d69fbe02b8e4963abbcb",
        "size_in_bytes": 25360
      },
      {
        "_path": "Lib/site-packages/_pytest/capture.pyc",
        "path_type": "hardlink",
        "sha256": "45d7e4784b6041414dc857bcd1aa24be7fcba5614ec10cc187191c6b5d852a13",
        "sha256_in_prefix": "45d7e4784b6041414dc857bcd1aa24be7fcba5614ec10cc187191c6b5d852a13",
        "size_in_bytes": 30807
      },
      {
        "_path": "Lib/site-packages/_pytest/compat.py",
        "path_type": "hardlink",
        "sha256": "e80d374c6c73f5a4792ba519832fd0db0361677fe29ca16e689efd95b05d58b9",
        "sha256_in_prefix": "e80d374c6c73f5a4792ba519832fd0db0361677fe29ca16e689efd95b05d58b9",
        "size_in_bytes": 13160
      },
      {
        "_path": "Lib/site-packages/_pytest/compat.pyc",
        "path_type": "hardlink",
        "sha256": "a53b48330b1cd53977dfac663dfb6b6f51c130042efb230657931def053327d0",
        "sha256_in_prefix": "a53b48330b1cd53977dfac663dfb6b6f51c130042efb230657931def053327d0",
        "size_in_bytes": 15333
      },
      {
        "_path": "Lib/site-packages/_pytest/config/__init__.py",
        "path_type": "hardlink",
        "sha256": "8ebca1688c7eec1e2412a513f7ebc5d064c8ca9de8175d0c4b0c1f8db0d4f9ee",
        "sha256_in_prefix": "8ebca1688c7eec1e2412a513f7ebc5d064c8ca9de8175d0c4b0c1f8db0d4f9ee",
        "size_in_bytes": 36597
      },
      {
        "_path": "Lib/site-packages/_pytest/config/__init__.pyc",
        "path_type": "hardlink",
        "sha256": "f06ba5b9a6e71d2cd936d618a80a3403009269dc41f0820b6896ce70513d9fb6",
        "sha256_in_prefix": "f06ba5b9a6e71d2cd936d618a80a3403009269dc41f0820b6896ce70513d9fb6",
        "size_in_bytes": 35866
      },
      {
        "_path": "Lib/site-packages/_pytest/config/argparsing.py",
        "path_type": "hardlink",
        "sha256": "7d0885f99cf72afa34a741fdf76c0d5368b75a2ff2f955c269fc162caa2e42e0",
        "sha256_in_prefix": "7d0885f99cf72afa34a741fdf76c0d5368b75a2ff2f955c269fc162caa2e42e0",
        "size_in_bytes": 15795
      },
      {
        "_path": "Lib/site-packages/_pytest/config/argparsing.pyc",
        "path_type": "hardlink",
        "sha256": "756a07402e0fa1767f4f1f2ed4e139b27405e3ff4be3d6474d901690b51320b6",
        "sha256_in_prefix": "756a07402e0fa1767f4f1f2ed4e139b27405e3ff4be3d6474d901690b51320b6",
        "size_in_bytes": 16122
      },
      {
        "_path": "Lib/site-packages/_pytest/config/exceptions.py",
        "path_type": "hardlink",
        "sha256": "155f5cf60a2438f1fdae03c965541b4ebb4c9eeba844c2d1cdcc7da7bce9bbb7",
        "sha256_in_prefix": "155f5cf60a2438f1fdae03c965541b4ebb4c9eeba844c2d1cdcc7da7bce9bbb7",
        "size_in_bytes": 229
      },
      {
        "_path": "Lib/site-packages/_pytest/config/exceptions.pyc",
        "path_type": "hardlink",
        "sha256": "d45b317df121a8babb22852de497df28b793f88940aa8ac81ecd33d56e8ca135",
        "sha256_in_prefix": "d45b317df121a8babb22852de497df28b793f88940aa8ac81ecd33d56e8ca135",
        "size_in_bytes": 693
      },
      {
        "_path": "Lib/site-packages/_pytest/config/findpaths.py",
        "path_type": "hardlink",
        "sha256": "9cdf105d33b47ad22ab871a8ffe499d2a53ced5620cd76a48c6c2b6dbedcc19e",
        "sha256_in_prefix": "9cdf105d33b47ad22ab871a8ffe499d2a53ced5620cd76a48c6c2b6dbedcc19e",
        "size_in_bytes": 5394
      },
      {
        "_path": "Lib/site-packages/_pytest/config/findpaths.pyc",
        "path_type": "hardlink",
        "sha256": "3045c0c38aa8d971300e1969274e25004f9602f53e9e4ee1ac3a3b9d26bb41f6",
        "sha256_in_prefix": "3045c0c38aa8d971300e1969274e25004f9602f53e9e4ee1ac3a3b9d26bb41f6",
        "size_in_bytes": 4764
      },
      {
        "_path": "Lib/site-packages/_pytest/debugging.py",
        "path_type": "hardlink",
        "sha256": "a1c61eac11791ce099aa73f6ed311ffbb86ba8199fb0b843f3252ca965c49cf5",
        "sha256_in_prefix": "a1c61eac11791ce099aa73f6ed311ffbb86ba8199fb0b843f3252ca965c49cf5",
        "size_in_bytes": 7823
      },
      {
        "_path": "Lib/site-packages/_pytest/debugging.pyc",
        "path_type": "hardlink",
        "sha256": "d318b52ac6e8f0b8466836bcf7bf09c08f429da09a57256179905ada0003a5c4",
        "sha256_in_prefix": "d318b52ac6e8f0b8466836bcf7bf09c08f429da09a57256179905ada0003a5c4",
        "size_in_bytes": 8749
      },
      {
        "_path": "Lib/site-packages/_pytest/deprecated.py",
        "path_type": "hardlink",
        "sha256": "0ad6388b302da680d2b00fc4fc9f8762f41997ce5c76b0ddc2185e9d0b9fda12",
        "sha256_in_prefix": "0ad6388b302da680d2b00fc4fc9f8762f41997ce5c76b0ddc2185e9d0b9fda12",
        "size_in_bytes": 4616
      },
      {
        "_path": "Lib/site-packages/_pytest/deprecated.pyc",
        "path_type": "hardlink",
        "sha256": "c4a3aa710d865411ac1dc03a34d108fae1bc4d2c0f432f193012f6cbc48b47c5",
        "sha256_in_prefix": "c4a3aa710d865411ac1dc03a34d108fae1bc4d2c0f432f193012f6cbc48b47c5",
        "size_in_bytes": 4334
      },
      {
        "_path": "Lib/site-packages/_pytest/doctest.py",
        "path_type": "hardlink",
        "sha256": "085aaae297a723e524389a9bbb004ee82008378ec66ac241e255d98530e8ba31",
        "sha256_in_prefix": "085aaae297a723e524389a9bbb004ee82008378ec66ac241e255d98530e8ba31",
        "size_in_bytes": 17092
      },
      {
        "_path": "Lib/site-packages/_pytest/doctest.pyc",
        "path_type": "hardlink",
        "sha256": "593c8790d03fed8740965a5c171db0d54eaf89969da411a24a3d9a994fcb2b73",
        "sha256_in_prefix": "593c8790d03fed8740965a5c171db0d54eaf89969da411a24a3d9a994fcb2b73",
        "size_in_bytes": 17994
      },
      {
        "_path": "Lib/site-packages/_pytest/fixtures.py",
        "path_type": "hardlink",
        "sha256": "37b028c35d605d82ed7b4c3c5e51740b23526cf65f68c389b82a0ea4a6041a7d",
        "sha256_in_prefix": "37b028c35d605d82ed7b4c3c5e51740b23526cf65f68c389b82a0ea4a6041a7d",
        "size_in_bytes": 53770
      },
      {
        "_path": "Lib/site-packages/_pytest/fixtures.pyc",
        "path_type": "hardlink",
        "sha256": "811bb7372f3b071e7161478efe2b86eecd826593e95c530c775275643b331b49",
        "sha256_in_prefix": "811bb7372f3b071e7161478efe2b86eecd826593e95c530c775275643b331b49",
        "size_in_bytes": 45459
      },
      {
        "_path": "Lib/site-packages/_pytest/freeze_support.py",
        "path_type": "hardlink",
        "sha256": "68e81d30a862c67b23970a3f4a26f9ba739b87b3f4bb175e8228f9359dedd185",
        "sha256_in_prefix": "68e81d30a862c67b23970a3f4a26f9ba739b87b3f4bb175e8228f9359dedd185",
        "size_in_bytes": 1239
      },
      {
        "_path": "Lib/site-packages/_pytest/freeze_support.pyc",
        "path_type": "hardlink",
        "sha256": "4a5acf098c7941eb66134112d1a5540406815e55019f05123bce72c14b2858fa",
        "sha256_in_prefix": "4a5acf098c7941eb66134112d1a5540406815e55019f05123bce72c14b2858fa",
        "size_in_bytes": 1631
      },
      {
        "_path": "Lib/site-packages/_pytest/helpconfig.py",
        "path_type": "hardlink",
        "sha256": "b7607d290517dac0222bb3d92c7c3a6e51555b1cbaf1859075826f4c9af798ee",
        "sha256_in_prefix": "b7607d290517dac0222bb3d92c7c3a6e51555b1cbaf1859075826f4c9af798ee",
        "size_in_bytes": 6820
      },
      {
        "_path": "Lib/site-packages/_pytest/helpconfig.pyc",
        "path_type": "hardlink",
        "sha256": "71f5dde08b2dbd67889d61a4895febfd2ff2529d75921c2cf4737c3e3e7b1359",
        "sha256_in_prefix": "71f5dde08b2dbd67889d61a4895febfd2ff2529d75921c2cf4737c3e3e7b1359",
        "size_in_bytes": 7851
      },
      {
        "_path": "Lib/site-packages/_pytest/hookspec.py",
        "path_type": "hardlink",
        "sha256": "6ee4867969cf71e3ce952343fc9f79750f22f7715584e074969a2ea43458e415",
        "sha256_in_prefix": "6ee4867969cf71e3ce952343fc9f79750f22f7715584e074969a2ea43458e415",
        "size_in_bytes": 20626
      },
      {
        "_path": "Lib/site-packages/_pytest/hookspec.pyc",
        "path_type": "hardlink",
        "sha256": "6c66808410ac13b1a2ec61d198d34b6d81a54c64df51e2559bbcd760037c7c50",
        "sha256_in_prefix": "6c66808410ac13b1a2ec61d198d34b6d81a54c64df51e2559bbcd760037c7c50",
        "size_in_bytes": 24189
      },
      {
        "_path": "Lib/site-packages/_pytest/junitxml.py",
        "path_type": "hardlink",
        "sha256": "fc381c037a41008451575d310b8ead5fe735865f63c867ff57f2c13721ef53b7",
        "sha256_in_prefix": "fc381c037a41008451575d310b8ead5fe735865f63c867ff57f2c13721ef53b7",
        "size_in_bytes": 19109
      },
      {
        "_path": "Lib/site-packages/_pytest/junitxml.pyc",
        "path_type": "hardlink",
        "sha256": "47bbe5da75814257badd5afda0925b74cfbfe32d6142105564fdf4dfbc64972c",
        "sha256_in_prefix": "47bbe5da75814257badd5afda0925b74cfbfe32d6142105564fdf4dfbc64972c",
        "size_in_bytes": 19044
      },
      {
        "_path": "Lib/site-packages/_pytest/logging.py",
        "path_type": "hardlink",
        "sha256": "409ad71dfb31a7c862548bacb4dcfabd0f996330b5c3d6da5c61e9e24109d102",
        "sha256_in_prefix": "409ad71dfb31a7c862548bacb4dcfabd0f996330b5c3d6da5c61e9e24109d102",
        "size_in_bytes": 21798
      },
      {
        "_path": "Lib/site-packages/_pytest/logging.pyc",
        "path_type": "hardlink",
        "sha256": "c062313170dd684c81d778cbe1862681a42919e3bc49fa4b80837f71bcd99417",
        "sha256_in_prefix": "c062313170dd684c81d778cbe1862681a42919e3bc49fa4b80837f71bcd99417",
        "size_in_bytes": 21077
      },
      {
        "_path": "Lib/site-packages/_pytest/main.py",
        "path_type": "hardlink",
        "sha256": "ae8902a2b54a734a7c145e180a9dae64efa7ae965d9973e184881f4099485d6b",
        "sha256_in_prefix": "ae8902a2b54a734a7c145e180a9dae64efa7ae965d9973e184881f4099485d6b",
        "size_in_bytes": 24867
      },
      {
        "_path": "Lib/site-packages/_pytest/main.pyc",
        "path_type": "hardlink",
        "sha256": "e42d1338a7e15d1368f89702cf6e520f4954b6c9384669dbd41c54c1544f9ad6",
        "sha256_in_prefix": "e42d1338a7e15d1368f89702cf6e520f4954b6c9384669dbd41c54c1544f9ad6",
        "size_in_bytes": 21883
      },
      {
        "_path": "Lib/site-packages/_pytest/mark/__init__.py",
        "path_type": "hardlink",
        "sha256": "a5c5dd5781dc05db6450704105dc09e0366e23ee630e00c632a8dc8f4b2d74eb",
        "sha256_in_prefix": "a5c5dd5781dc05db6450704105dc09e0366e23ee630e00c632a8dc8f4b2d74eb",
        "size_in_bytes": 5320
      },
      {
        "_path": "Lib/site-packages/_pytest/mark/__init__.pyc",
        "path_type": "hardlink",
        "sha256": "380088f2a890e147b5224780e9d0aebb048207e362d24a70b32513d486f1fe16",
        "sha256_in_prefix": "380088f2a890e147b5224780e9d0aebb048207e362d24a70b32513d486f1fe16",
        "size_in_bytes": 5924
      },
      {
        "_path": "Lib/site-packages/_pytest/mark/evaluate.py",
        "path_type": "hardlink",
        "sha256": "98f859918ccf6226c77914021c61d0a45f7db5273e0befdd2c750202032744dc",
        "sha256_in_prefix": "98f859918ccf6226c77914021c61d0a45f7db5273e0befdd2c750202032744dc",
        "size_in_bytes": 3889
      },
      {
        "_path": "Lib/site-packages/_pytest/mark/evaluate.pyc",
        "path_type": "hardlink",
        "sha256": "d26515bd943f1db3d2e7d92df352394e9b2ef5fdd8c3832118e03bc7f35cd5cc",
        "sha256_in_prefix": "d26515bd943f1db3d2e7d92df352394e9b2ef5fdd8c3832118e03bc7f35cd5cc",
        "size_in_bytes": 4406
      },
      {
        "_path": "Lib/site-packages/_pytest/mark/legacy.py",
        "path_type": "hardlink",
        "sha256": "b38e3f267e6b8456d5c04cd865543c96250bd124d4a96aeb00bc8df1fde52971",
        "sha256_in_prefix": "b38e3f267e6b8456d5c04cd865543c96250bd124d4a96aeb00bc8df1fde52971",
        "size_in_bytes": 3169
      },
      {
        "_path": "Lib/site-packages/_pytest/mark/legacy.pyc",
        "path_type": "hardlink",
        "sha256": "0ee912aa4e92292ca9619a3ff002bdaa7d6c1767cea6e20dd379e15850cb416e",
        "sha256_in_prefix": "0ee912aa4e92292ca9619a3ff002bdaa7d6c1767cea6e20dd379e15850cb416e",
        "size_in_bytes": 4018
      },
      {
        "_path": "Lib/site-packages/_pytest/mark/structures.py",
        "path_type": "hardlink",
        "sha256": "b6b3bcb574e4b5b66ebadcf5cad18c71b36502a3944d5be22dae27f9a6653425",
        "sha256_in_prefix": "b6b3bcb574e4b5b66ebadcf5cad18c71b36502a3944d5be22dae27f9a6653425",
        "size_in_bytes": 14832
      },
      {
        "_path": "Lib/site-packages/_pytest/mark/structures.pyc",
        "path_type": "hardlink",
        "sha256": "485aaea6896a869a9559a2cd1659acb9534a5c5db0715b21639305980e4c9c86",
        "sha256_in_prefix": "485aaea6896a869a9559a2cd1659acb9534a5c5db0715b21639305980e4c9c86",
        "size_in_bytes": 18312
      },
      {
        "_path": "Lib/site-packages/_pytest/monkeypatch.py",
        "path_type": "hardlink",
        "sha256": "83a93f518eb2a7872fd3bf24b950bde2112e10c61849e29c8eac25d42c128e48",
        "sha256_in_prefix": "83a93f518eb2a7872fd3bf24b950bde2112e10c61849e29c8eac25d42c128e48",
        "size_in_bytes": 10796
      },
      {
        "_path": "Lib/site-packages/_pytest/monkeypatch.pyc",
        "path_type": "hardlink",
        "sha256": "928665d6fc8068c4525ed750da568b61261ba6f3d169f412c79cbe9521c1f08d",
        "sha256_in_prefix": "928665d6fc8068c4525ed750da568b61261ba6f3d169f412c79cbe9521c1f08d",
        "size_in_bytes": 11360
      },
      {
        "_path": "Lib/site-packages/_pytest/nodes.py",
        "path_type": "hardlink",
        "sha256": "dc176c25e86887a0fb724e3871236b6edd5be32c2084743a9583c9bb43da8ffa",
        "sha256_in_prefix": "dc176c25e86887a0fb724e3871236b6edd5be32c2084743a9583c9bb43da8ffa",
        "size_in_bytes": 17616
      },
      {
        "_path": "Lib/site-packages/_pytest/nodes.pyc",
        "path_type": "hardlink",
        "sha256": "df2889467da4272b266dba65791421dbe4a4a16044fcd0cd1eeeb26c3b5d8abc",
        "sha256_in_prefix": "df2889467da4272b266dba65791421dbe4a4a16044fcd0cd1eeeb26c3b5d8abc",
        "size_in_bytes": 19411
      },
      {
        "_path": "Lib/site-packages/_pytest/nose.py",
        "path_type": "hardlink",
        "sha256": "3a2e8ff3e2b8afda5bb36d1bd6594cf2247b1f6f3db5eda6a4d003f87e98567a",
        "sha256_in_prefix": "3a2e8ff3e2b8afda5bb36d1bd6594cf2247b1f6f3db5eda6a4d003f87e98567a",
        "size_in_bytes": 2671
      },
      {
        "_path": "Lib/site-packages/_pytest/nose.pyc",
        "path_type": "hardlink",
        "sha256": "121b73482a67e9296e61818b3b5286a170cbeb2f3bc1ca63242198bc3bfa5933",
        "sha256_in_prefix": "121b73482a67e9296e61818b3b5286a170cbeb2f3bc1ca63242198bc3bfa5933",
        "size_in_bytes": 3170
      },
      {
        "_path": "Lib/site-packages/_pytest/outcomes.py",
        "path_type": "hardlink",
        "sha256": "50b94128e8f1585541220b1b230ed3c12150ac0956d0affb9829d5a247606c37",
        "sha256_in_prefix": "50b94128e8f1585541220b1b230ed3c12150ac0956d0affb9829d5a247606c37",
        "size_in_bytes": 5570
      },
      {
        "_path": "Lib/site-packages/_pytest/outcomes.pyc",
        "path_type": "hardlink",
        "sha256": "207bf13ad9bfaef603bab0315aec6b308b1a2310a6a9b76af101a54226c69367",
        "sha256_in_prefix": "207bf13ad9bfaef603bab0315aec6b308b1a2310a6a9b76af101a54226c69367",
        "size_in_bytes": 6501
      },
      {
        "_path": "Lib/site-packages/_pytest/pastebin.py",
        "path_type": "hardlink",
        "sha256": "d2f400557595b05b39dc6153567b2493c75b132114571b2bdd5d375c88ea772c",
        "sha256_in_prefix": "d2f400557595b05b39dc6153567b2493c75b132114571b2bdd5d375c88ea772c",
        "size_in_bytes": 3677
      },
      {
        "_path": "Lib/site-packages/_pytest/pastebin.pyc",
        "path_type": "hardlink",
        "sha256": "0762dfedc36e38a2ceff32b585873e44eb030f76e76bcbae04fad784d1e4d7d9",
        "sha256_in_prefix": "0762dfedc36e38a2ceff32b585873e44eb030f76e76bcbae04fad784d1e4d7d9",
        "size_in_bytes": 4180
      },
      {
        "_path": "Lib/site-packages/_pytest/pathlib.py",
        "path_type": "hardlink",
        "sha256": "26041eddaef96c7c354dec6d85f5e8c1203d73c714434ca292728ac0bc94aa9c",
        "sha256_in_prefix": "26041eddaef96c7c354dec6d85f5e8c1203d73c714434ca292728ac0bc94aa9c",
        "size_in_bytes": 9520
      },
      {
        "_path": "Lib/site-packages/_pytest/pathlib.pyc",
        "path_type": "hardlink",
        "sha256": "4de42d2f17e9194cca23f92554276c4867b72b5c1cd9b55430f55da222257143",
        "sha256_in_prefix": "4de42d2f17e9194cca23f92554276c4867b72b5c1cd9b55430f55da222257143",
        "size_in_bytes": 10456
      },
      {
        "_path": "Lib/site-packages/_pytest/pytester.py",
        "path_type": "hardlink",
        "sha256": "3950f20130bec38b19a7139324e546b634a93367237ed05be1746a3c7a2c3fc4",
        "sha256_in_prefix": "3950f20130bec38b19a7139324e546b634a93367237ed05be1746a3c7a2c3fc4",
        "size_in_bytes": 46941
      },
      {
        "_path": "Lib/site-packages/_pytest/pytester.pyc",
        "path_type": "hardlink",
        "sha256": "22f3cd6d27aaacefb386ed9e2e4e214026d4d6e0c1b3e7b3e3d0ec6d14338361",
        "sha256_in_prefix": "22f3cd6d27aaacefb386ed9e2e4e214026d4d6e0c1b3e7b3e3d0ec6d14338361",
        "size_in_bytes": 53090
      },
      {
        "_path": "Lib/site-packages/_pytest/python.py",
        "path_type": "hardlink",
        "sha256": "cd5cd2e048548eaf1101d8ea2af3a739218ccf357ea36fdb517a37eb60a43a73",
        "sha256_in_prefix": "cd5cd2e048548eaf1101d8ea2af3a739218ccf357ea36fdb517a37eb60a43a73",
        "size_in_bytes": 52853
      },
      {
        "_path": "Lib/site-packages/_pytest/python.pyc",
        "path_type": "hardlink",
        "sha256": "116bd824361ab1c710a05c4a0d794e8252de98a9bb03560fcc557d1402bf4c77",
        "sha256_in_prefix": "116bd824361ab1c710a05c4a0d794e8252de98a9bb03560fcc557d1402bf4c77",
        "size_in_bytes": 50017
      },
      {
        "_path": "Lib/site-packages/_pytest/python_api.py",
        "path_type": "hardlink",
        "sha256": "43f18deda3143a136e0f77d62486a251c11cf0b7e4175758a50b9a850824abe6",
        "sha256_in_prefix": "43f18deda3143a136e0f77d62486a251c11cf0b7e4175758a50b9a850824abe6",
        "size_in_bytes": 26735
      },
      {
        "_path": "Lib/site-packages/_pytest/python_api.pyc",
        "path_type": "hardlink",
        "sha256": "6045323316eab28cee946464f1a26f747abae934f406f5ba51506ac633a9da0b",
        "sha256_in_prefix": "6045323316eab28cee946464f1a26f747abae934f406f5ba51506ac633a9da0b",
        "size_in_bytes": 26389
      },
      {
        "_path": "Lib/site-packages/_pytest/recwarn.py",
        "path_type": "hardlink",
        "sha256": "bdebc1df1d33c83348ee138e3ab3a680c787bf23f613dd041ffab58b85b752fd",
        "sha256_in_prefix": "bdebc1df1d33c83348ee138e3ab3a680c787bf23f613dd041ffab58b85b752fd",
        "size_in_bytes": 8952
      },
      {
        "_path": "Lib/site-packages/_pytest/recwarn.pyc",
        "path_type": "hardlink",
        "sha256": "fc4cfae0ec83766d76be30eb0a8d88abd698038305bc465cd14f811b01a2f082",
        "sha256_in_prefix": "fc4cfae0ec83766d76be30eb0a8d88abd698038305bc465cd14f811b01a2f082",
        "size_in_bytes": 9069
      },
      {
        "_path": "Lib/site-packages/_pytest/reports.py",
        "path_type": "hardlink",
        "sha256": "81829dfc693d4d1fd0a0a0261ada1363099ce28048ac7350d077ec071fe33ab4",
        "sha256_in_prefix": "81829dfc693d4d1fd0a0a0261ada1363099ce28048ac7350d077ec071fe33ab4",
        "size_in_bytes": 5388
      },
      {
        "_path": "Lib/site-packages/_pytest/reports.pyc",
        "path_type": "hardlink",
        "sha256": "cdfaba93ded0da3be3f0c0f04641055bf1ac7f3d7c227097828e48ceaed52f54",
        "sha256_in_prefix": "cdfaba93ded0da3be3f0c0f04641055bf1ac7f3d7c227097828e48ceaed52f54",
        "size_in_bytes": 7054
      },
      {
        "_path": "Lib/site-packages/_pytest/resultlog.py",
        "path_type": "hardlink",
        "sha256": "12f404aa05cabb9a57317abc562594c6c81ca80086bbebcbb22e36717db9b4fb",
        "sha256_in_prefix": "12f404aa05cabb9a57317abc562594c6c81ca80086bbebcbb22e36717db9b4fb",
        "size_in_bytes": 3840
      },
      {
        "_path": "Lib/site-packages/_pytest/resultlog.pyc",
        "path_type": "hardlink",
        "sha256": "ab3f63ba67d504c41d8a13a881c2a5af85d8195a1603e19b3c0e0e5fd082b1bb",
        "sha256_in_prefix": "ab3f63ba67d504c41d8a13a881c2a5af85d8195a1603e19b3c0e0e5fd082b1bb",
        "size_in_bytes": 4716
      },
      {
        "_path": "Lib/site-packages/_pytest/runner.py",
        "path_type": "hardlink",
        "sha256": "af6d0f1a2e885c35d6780740f3015e9d3dd65af458ec3940f66790be319360d8",
        "sha256_in_prefix": "af6d0f1a2e885c35d6780740f3015e9d3dd65af458ec3940f66790be319360d8",
        "size_in_bytes": 12622
      },
      {
        "_path": "Lib/site-packages/_pytest/runner.pyc",
        "path_type": "hardlink",
        "sha256": "d7f30bf680adb35cc99f4025debca6a5b5d571732a6a37e5faf49140eb71803d",
        "sha256_in_prefix": "d7f30bf680adb35cc99f4025debca6a5b5d571732a6a37e5faf49140eb71803d",
        "size_in_bytes": 13981
      },
      {
        "_path": "Lib/site-packages/_pytest/setuponly.py",
        "path_type": "hardlink",
        "sha256": "24776a42c736f7138afc164cab03aadf141bfa1751046f896eb047013999e6a9",
        "sha256_in_prefix": "24776a42c736f7138afc164cab03aadf141bfa1751046f896eb047013999e6a9",
        "size_in_bytes": 2705
      },
      {
        "_path": "Lib/site-packages/_pytest/setuponly.pyc",
        "path_type": "hardlink",
        "sha256": "cdee03deecbd6811486849c2ea739eaeeb607b996045651260ae5377275a182e",
        "sha256_in_prefix": "cdee03deecbd6811486849c2ea739eaeeb607b996045651260ae5377275a182e",
        "size_in_bytes": 3150
      },
      {
        "_path": "Lib/site-packages/_pytest/setupplan.py",
        "path_type": "hardlink",
        "sha256": "8fe6ec8d54675981f58509919f3413fd4a445b85d9acb82b953b4816a45e785e",
        "sha256_in_prefix": "8fe6ec8d54675981f58509919f3413fd4a445b85d9acb82b953b4816a45e785e",
        "size_in_bytes": 867
      },
      {
        "_path": "Lib/site-packages/_pytest/setupplan.pyc",
        "path_type": "hardlink",
        "sha256": "08fe904e0f5df35ebd120d1dfb21d36fc063b188963cb1f7d7a6bb22cf2316fa",
        "sha256_in_prefix": "08fe904e0f5df35ebd120d1dfb21d36fc063b188963cb1f7d7a6bb22cf2316fa",
        "size_in_bytes": 1299
      },
      {
        "_path": "Lib/site-packages/_pytest/skipping.py",
        "path_type": "hardlink",
        "sha256": "5f967cf36361f6a47199177223dc5f5ea50e6dedbf4e0911a52e9e099ecb2144",
        "sha256_in_prefix": "5f967cf36361f6a47199177223dc5f5ea50e6dedbf4e0911a52e9e099ecb2144",
        "size_in_bytes": 10198
      },
      {
        "_path": "Lib/site-packages/_pytest/skipping.pyc",
        "path_type": "hardlink",
        "sha256": "701e799850531a36f0831a143c542bb810947dbd27586511dae3659759cd2a9c",
        "sha256_in_prefix": "701e799850531a36f0831a143c542bb810947dbd27586511dae3659759cd2a9c",
        "size_in_bytes": 9720
      },
      {
        "_path": "Lib/site-packages/_pytest/stepwise.py",
        "path_type": "hardlink",
        "sha256": "e7205552ef0f002b2d7244ce57236d5c83c44f0f92cdb8e11594368b5632d8e5",
        "sha256_in_prefix": "e7205552ef0f002b2d7244ce57236d5c83c44f0f92cdb8e11594368b5632d8e5",
        "size_in_bytes": 3340
      },
      {
        "_path": "Lib/site-packages/_pytest/stepwise.pyc",
        "path_type": "hardlink",
        "sha256": "4b5689b9c14e38c719eb76e69090ee975f5afe18592c8453ec47b0e2f7bebb34",
        "sha256_in_prefix": "4b5689b9c14e38c719eb76e69090ee975f5afe18592c8453ec47b0e2f7bebb34",
        "size_in_bytes": 3234
      },
      {
        "_path": "Lib/site-packages/_pytest/terminal.py",
        "path_type": "hardlink",
        "sha256": "c144d11e0ecaba2bf57d969e3b72140456ec1b49d54531bc4c896a87d3f12eec",
        "sha256_in_prefix": "c144d11e0ecaba2bf57d969e3b72140456ec1b49d54531bc4c896a87d3f12eec",
        "size_in_bytes": 31658
      },
      {
        "_path": "Lib/site-packages/_pytest/terminal.pyc",
        "path_type": "hardlink",
        "sha256": "7ac83d35062ef6282b4a1b3355543cfd8646485aaabe81926b6cd51c37c51ab3",
        "sha256_in_prefix": "7ac83d35062ef6282b4a1b3355543cfd8646485aaabe81926b6cd51c37c51ab3",
        "size_in_bytes": 30467
      },
      {
        "_path": "Lib/site-packages/_pytest/tmpdir.py",
        "path_type": "hardlink",
        "sha256": "a18382d722a2284f0e6219c5d1496db6bc2699e190853bd3729183d12a735576",
        "sha256_in_prefix": "a18382d722a2284f0e6219c5d1496db6bc2699e190853bd3729183d12a735576",
        "size_in_bytes": 6076
      },
      {
        "_path": "Lib/site-packages/_pytest/tmpdir.pyc",
        "path_type": "hardlink",
        "sha256": "7d8369b92b4909dab74254e775d5f2b404377da13a9f3cc956fceba8ddcddf87",
        "sha256_in_prefix": "7d8369b92b4909dab74254e775d5f2b404377da13a9f3cc956fceba8ddcddf87",
        "size_in_bytes": 7465
      },
      {
        "_path": "Lib/site-packages/_pytest/unittest.py",
        "path_type": "hardlink",
        "sha256": "8d73396a5af7a6535638748132d2dfb5d26442bbabd2067b85406e3dc9737722",
        "sha256_in_prefix": "8d73396a5af7a6535638748132d2dfb5d26442bbabd2067b85406e3dc9737722",
        "size_in_bytes": 8770
      },
      {
        "_path": "Lib/site-packages/_pytest/unittest.pyc",
        "path_type": "hardlink",
        "sha256": "02cb46e2a390207c2d233514803c2727baf934681a6f385647630760094c2a0f",
        "sha256_in_prefix": "02cb46e2a390207c2d233514803c2727baf934681a6f385647630760094c2a0f",
        "size_in_bytes": 9499
      },
      {
        "_path": "Lib/site-packages/_pytest/warning_types.py",
        "path_type": "hardlink",
        "sha256": "ea4d760430095c708c77df79586ca4f5a4e29134c4d2fe23fb0d5b0dbd76ab34",
        "sha256_in_prefix": "ea4d760430095c708c77df79586ca4f5a4e29134c4d2fe23fb0d5b0dbd76ab34",
        "size_in_bytes": 1665
      },
      {
        "_path": "Lib/site-packages/_pytest/warning_types.pyc",
        "path_type": "hardlink",
        "sha256": "cc6f1bb4b0705e3867c656bde0958a6d720c50c60dd9a37a2b0be560a2d9aed5",
        "sha256_in_prefix": "cc6f1bb4b0705e3867c656bde0958a6d720c50c60dd9a37a2b0be560a2d9aed5",
        "size_in_bytes": 2748
      },
      {
        "_path": "Lib/site-packages/_pytest/warnings.py",
        "path_type": "hardlink",
        "sha256": "9198cad5f8297649083e77b4e9c2fa37eacf49f7c93105a5728f1cbb52191ad0",
        "sha256_in_prefix": "9198cad5f8297649083e77b4e9c2fa37eacf49f7c93105a5728f1cbb52191ad0",
        "size_in_bytes": 5901
      },
      {
        "_path": "Lib/site-packages/_pytest/warnings.pyc",
        "path_type": "hardlink",
        "sha256": "453091cb3f9263c40465c0b2b230b32150fd8722d4e90df7d779824e2dcb8fb3",
        "sha256_in_prefix": "453091cb3f9263c40465c0b2b230b32150fd8722d4e90df7d779824e2dcb8fb3",
        "size_in_bytes": 6487
      },
      {
        "_path": "Lib/site-packages/pytest-4.0.0-py2.7.egg-info/PKG-INFO",
        "path_type": "hardlink",
        "sha256": "878b3f8f92748f92c41f746f528357225c25d165e7444738807d581776d143a9",
        "sha256_in_prefix": "878b3f8f92748f92c41f746f528357225c25d165e7444738807d581776d143a9",
        "size_in_bytes": 6186
      },
      {
        "_path": "Lib/site-packages/pytest-4.0.0-py2.7.egg-info/SOURCES.txt",
        "path_type": "hardlink",
        "sha256": "09dd55bec6a8c37c6b39af61cff4934815d91c6415aa38ca58a03430364d0f42",
        "sha256_in_prefix": "09dd55bec6a8c37c6b39af61cff4934815d91c6415aa38ca58a03430364d0f42",
        "size_in_bytes": 13147
      },
      {
        "_path": "Lib/site-packages/pytest-4.0.0-py2.7.egg-info/dependency_links.txt",
        "path_type": "hardlink",
        "sha256": "01ba4719c80b6fe911b091a7c05124b64eeece964e09c058ef8f9805daca546b",
        "sha256_in_prefix": "01ba4719c80b6fe911b091a7c05124b64eeece964e09c058ef8f9805daca546b",
        "size_in_bytes": 1
      },
      {
        "_path": "Lib/site-packages/pytest-4.0.0-py2.7.egg-info/entry_points.txt",
        "path_type": "hardlink",
        "sha256": "6b174afd54f93f6a03f1026fe6bee8f25a3d0c2e39689daebc1defa533fea921",
        "sha256_in_prefix": "6b174afd54f93f6a03f1026fe6bee8f25a3d0c2e39689daebc1defa533fea921",
        "size_in_bytes": 62
      },
      {
        "_path": "Lib/site-packages/pytest-4.0.0-py2.7.egg-info/installed-files.txt",
        "path_type": "hardlink",
        "sha256": "6220508e5946dace57a1b7d590d02dfd02615a1a201dee6ee61a04d87263d238",
        "sha256_in_prefix": "6220508e5946dace57a1b7d590d02dfd02615a1a201dee6ee61a04d87263d238",
        "size_in_bytes": 3149
      },
      {
        "_path": "Lib/site-packages/pytest-4.0.0-py2.7.egg-info/not-zip-safe",
        "path_type": "hardlink",
        "sha256": "01ba4719c80b6fe911b091a7c05124b64eeece964e09c058ef8f9805daca546b",
        "sha256_in_prefix": "01ba4719c80b6fe911b091a7c05124b64eeece964e09c058ef8f9805daca546b",
        "size_in_bytes": 1
      },
      {
        "_path": "Lib/site-packages/pytest-4.0.0-py2.7.egg-info/requires.txt",
        "path_type": "hardlink",
        "sha256": "c6f86fc7d6370c1e579c68c0c5db2d88a826fd00a4cd347ee0ba3e3829b9a922",
        "sha256_in_prefix": "c6f86fc7d6370c1e579c68c0c5db2d88a826fd00a4cd347ee0ba3e3829b9a922",
        "size_in_bytes": 215
      },
      {
        "_path": "Lib/site-packages/pytest-4.0.0-py2.7.egg-info/top_level.txt",
        "path_type": "hardlink",
        "sha256": "10d13421e655d48d51eb50ceb7c82ce4a9925f08ad6aadb3b2d1746b3e5ff4f0",
        "sha256_in_prefix": "10d13421e655d48d51eb50ceb7c82ce4a9925f08ad6aadb3b2d1746b3e5ff4f0",
        "size_in_bytes": 15
      },
      {
        "_path": "Lib/site-packages/pytest.py",
        "path_type": "hardlink",
        "sha256": "dc0d4a677578bf0b16b2c4677230d03f8fddd7ec7d34887a0152723823a577f0",
        "sha256_in_prefix": "dc0d4a677578bf0b16b2c4677230d03f8fddd7ec7d34887a0152723823a577f0",
        "size_in_bytes": 2585
      },
      {
        "_path": "Lib/site-packages/pytest.pyc",
        "path_type": "hardlink",
        "sha256": "6360b17d941f829fa49bc83f0ad17f01fc815e00ca57291e597c8c87b7d3fd4a",
        "sha256_in_prefix": "6360b17d941f829fa49bc83f0ad17f01fc815e00ca57291e597c8c87b7d3fd4a",
        "size_in_bytes": 2698
      },
      {
        "_path": "Scripts/py.test-script.py",
        "path_type": "hardlink",
        "sha256": "eb87966f64df7ee6ce8ea48669c3fa41911a86867639e5f3ad6cb0125fa01199",
        "sha256_in_prefix": "eb87966f64df7ee6ce8ea48669c3fa41911a86867639e5f3ad6cb0125fa01199",
        "size_in_bytes": 201
      },
      {
        "_path": "Scripts/py.test.exe",
        "path_type": "hardlink",
        "sha256": "993203a406e04936a07829b1f482fd27d739b640482e213f4c49ea1ee78a5fcf",
        "sha256_in_prefix": "993203a406e04936a07829b1f482fd27d739b640482e213f4c49ea1ee78a5fcf",
        "size_in_bytes": 40960
      },
      {
        "_path": "Scripts/pytest-script.py",
        "path_type": "hardlink",
        "sha256": "eb87966f64df7ee6ce8ea48669c3fa41911a86867639e5f3ad6cb0125fa01199",
        "sha256_in_prefix": "eb87966f64df7ee6ce8ea48669c3fa41911a86867639e5f3ad6cb0125fa01199",
        "size_in_bytes": 201
      },
      {
        "_path": "Scripts/pytest.exe",
        "path_type": "hardlink",
        "sha256": "993203a406e04936a07829b1f482fd27d739b640482e213f4c49ea1ee78a5fcf",
        "sha256_in_prefix": "993203a406e04936a07829b1f482fd27d739b640482e213f4c49ea1ee78a5fcf",
        "size_in_bytes": 40960
      }
    ],
    "paths_version": 1
  },
  "platform": "win32",
  "requested_spec": "None",
  "size": 351705,
  "subdir": "win-64",
  "timestamp": 1542306232587,
  "track_features": "",
  "url": "https://conda.anaconda.org/conda-forge/win-64/pytest-4.0.0-py27_1000.tar.bz2",
  "version": "4.0.0"
}