{
  "arch": "x86_64",
  "build": "py27_0",
  "build_number": 0,
  "channel": "https://repo.anaconda.com/pkgs/main/win-64",
  "constrains": [],
  "depends": [
    "python >=2.7,<2.8.0a0"
  ],
  "extracted_package_dir": "C:\\Users\\Fabiano\\Anaconda2\\pkgs\\queuelib-1.5.0-py27_0",
  "features": "",
  "files": [
    "Lib/site-packages/queuelib-1.5.0-py2.7.egg-info/PKG-INFO",
    "Lib/site-packages/queuelib-1.5.0-py2.7.egg-info/SOURCES.txt",
    "Lib/site-packages/queuelib-1.5.0-py2.7.egg-info/dependency_links.txt",
    "Lib/site-packages/queuelib-1.5.0-py2.7.egg-info/top_level.txt",
    "Lib/site-packages/queuelib/__init__.py",
    "Lib/site-packages/queuelib/__init__.pyc",
    "Lib/site-packages/queuelib/pqueue.py",
    "Lib/site-packages/queuelib/pqueue.pyc",
    "Lib/site-packages/queuelib/queue.py",
    "Lib/site-packages/queuelib/queue.pyc",
    "Lib/site-packages/queuelib/rrqueue.py",
    "Lib/site-packages/queuelib/rrqueue.pyc",
    "Lib/site-packages/queuelib/tests/__init__.py",
    "Lib/site-packages/queuelib/tests/__init__.pyc",
    "Lib/site-packages/queuelib/tests/test_pqueue.py",
    "Lib/site-packages/queuelib/tests/test_pqueue.pyc",
    "Lib/site-packages/queuelib/tests/test_queue.py",
    "Lib/site-packages/queuelib/tests/test_queue.pyc",
    "Lib/site-packages/queuelib/tests/test_rrqueue.py",
    "Lib/site-packages/queuelib/tests/test_rrqueue.pyc"
  ],
  "fn": "queuelib-1.5.0-py27_0.tar.bz2",
  "license": "BSD",
  "license_family": "BSD",
  "link": {
    "source": "C:\\Users\\Fabiano\\Anaconda2\\pkgs\\queuelib-1.5.0-py27_0",
    "type": 1
  },
  "md5": "ba4ae08126c9e45b910f70b014048524",
  "name": "queuelib",
  "package_tarball_full_path": "C:\\Users\\Fabiano\\Anaconda2\\pkgs\\queuelib-1.5.0-py27_0.tar.bz2",
  "paths_data": {
    "paths": [
      {
        "_path": "Lib/site-packages/queuelib-1.5.0-py2.7.egg-info/PKG-INFO",
        "path_type": "hardlink",
        "sha256": "e4281f0795dcf959f8a17d5fdd2af92fb748c9ded3a8a3e08115b768fef86595",
        "sha256_in_prefix": "e4281f0795dcf959f8a17d5fdd2af92fb748c9ded3a8a3e08115b768fef86595",
        "size_in_bytes": 6681
      },
      {
        "_path": "Lib/site-packages/queuelib-1.5.0-py2.7.egg-info/SOURCES.txt",
        "path_type": "hardlink",
        "sha256": "07d13f838de738021331f3f20e3ec3dd7e75b1572e6a6a5086f91aa41f024dfa",
        "sha256_in_prefix": "07d13f838de738021331f3f20e3ec3dd7e75b1572e6a6a5086f91aa41f024dfa",
        "size_in_bytes": 377
      },
      {
        "_path": "Lib/site-packages/queuelib-1.5.0-py2.7.egg-info/dependency_links.txt",
        "path_type": "hardlink",
        "sha256": "01ba4719c80b6fe911b091a7c05124b64eeece964e09c058ef8f9805daca546b",
        "sha256_in_prefix": "01ba4719c80b6fe911b091a7c05124b64eeece964e09c058ef8f9805daca546b",
        "size_in_bytes": 1
      },
      {
        "_path": "Lib/site-packages/queuelib-1.5.0-py2.7.egg-info/top_level.txt",
        "path_type": "hardlink",
        "sha256": "2b968664679e6003f63a2434dceaa2ac2aa019053cac9c0f5686fd9e3bbbc166",
        "sha256_in_prefix": "2b968664679e6003f63a2434dceaa2ac2aa019053cac9c0f5686fd9e3bbbc166",
        "size_in_bytes": 9
      },
      {
        "_path": "Lib/site-packages/queuelib/__init__.py",
        "path_type": "hardlink",
        "sha256": "d5cf585e48c6eadb219a0dea52791e3fdd12038294785881a25e7f4bc33fd40c",
        "sha256_in_prefix": "d5cf585e48c6eadb219a0dea52791e3fdd12038294785881a25e7f4bc33fd40c",
        "size_in_bytes": 142
      },
      {
        "_path": "Lib/site-packages/queuelib/__init__.pyc",
        "path_type": "hardlink",
        "sha256": "221e8d43593df963904a6226b8f1d4a28294acaacbe18ef19ea779363f0de382",
        "sha256_in_prefix": "221e8d43593df963904a6226b8f1d4a28294acaacbe18ef19ea779363f0de382",
        "size_in_bytes": 357
      },
      {
        "_path": "Lib/site-packages/queuelib/pqueue.py",
        "path_type": "hardlink",
        "sha256": "ce022603d20370908fd24fe62001eba266d725f117751d6736f8172e29d712c3",
        "sha256_in_prefix": "ce022603d20370908fd24fe62001eba266d725f117751d6736f8172e29d712c3",
        "size_in_bytes": 2014
      },
      {
        "_path": "Lib/site-packages/queuelib/pqueue.pyc",
        "path_type": "hardlink",
        "sha256": "aecefaba59d42ae94c9442e9811d31f47cf1e7763a80548ee651956c30a24d63",
        "sha256_in_prefix": "aecefaba59d42ae94c9442e9811d31f47cf1e7763a80548ee651956c30a24d63",
        "size_in_bytes": 2767
      },
      {
        "_path": "Lib/site-packages/queuelib/queue.py",
        "path_type": "hardlink",
        "sha256": "827bf69eacc936ff2f1016983fe1cbfa6439afd8950e684aee24de549e10015c",
        "sha256_in_prefix": "827bf69eacc936ff2f1016983fe1cbfa6439afd8950e684aee24de549e10015c",
        "size_in_bytes": 6610
      },
      {
        "_path": "Lib/site-packages/queuelib/queue.pyc",
        "path_type": "hardlink",
        "sha256": "36abdb9cca4003edc396c39c70b3a38f48d7ec178c26f4e06ac0a889349ca92d",
        "sha256_in_prefix": "36abdb9cca4003edc396c39c70b3a38f48d7ec178c26f4e06ac0a889349ca92d",
        "size_in_bytes": 9549
      },
      {
        "_path": "Lib/site-packages/queuelib/rrqueue.py",
        "path_type": "hardlink",
        "sha256": "4c11f926311b6841efcca86e0c9d8545ec6dc838a806ba2d9567607b3a5a776a",
        "sha256_in_prefix": "4c11f926311b6841efcca86e0c9d8545ec6dc838a806ba2d9567607b3a5a776a",
        "size_in_bytes": 2213
      },
      {
        "_path": "Lib/site-packages/queuelib/rrqueue.pyc",
        "path_type": "hardlink",
        "sha256": "a889e955cf2a8377034bff42a1a8c4583180df68154b4705e1eab69d5d951407",
        "sha256_in_prefix": "a889e955cf2a8377034bff42a1a8c4583180df68154b4705e1eab69d5d951407",
        "size_in_bytes": 2846
      },
      {
        "_path": "Lib/site-packages/queuelib/tests/__init__.py",
        "path_type": "hardlink",
        "sha256": "b9fb9e3ba4d43a0e1751c540d3722cd826321cc00b3c72e6312c9da62a735ee0",
        "sha256_in_prefix": "b9fb9e3ba4d43a0e1751c540d3722cd826321cc00b3c72e6312c9da62a735ee0",
        "size_in_bytes": 831
      },
      {
        "_path": "Lib/site-packages/queuelib/tests/__init__.pyc",
        "path_type": "hardlink",
        "sha256": "61ddb9caf013fdbac978adcc714e7d8af17e4b51fbdf4dfa9402f1890f425009",
        "sha256_in_prefix": "61ddb9caf013fdbac978adcc714e7d8af17e4b51fbdf4dfa9402f1890f425009",
        "size_in_bytes": 2100
      },
      {
        "_path": "Lib/site-packages/queuelib/tests/test_pqueue.py",
        "path_type": "hardlink",
        "sha256": "83d835f60b8bd66b6ae480d416472f960b37ec675b5634499cd923ab1d4343ea",
        "sha256_in_prefix": "83d835f60b8bd66b6ae480d416472f960b37ec675b5634499cd923ab1d4343ea",
        "size_in_bytes": 5818
      },
      {
        "_path": "Lib/site-packages/queuelib/tests/test_pqueue.pyc",
        "path_type": "hardlink",
        "sha256": "54e9121fb9ceb31b6da03c965d1104adf75cf5cbe5d732245e5e990b2d3c7199",
        "sha256_in_prefix": "54e9121fb9ceb31b6da03c965d1104adf75cf5cbe5d732245e5e990b2d3c7199",
        "size_in_bytes": 9799
      },
      {
        "_path": "Lib/site-packages/queuelib/tests/test_queue.py",
        "path_type": "hardlink",
        "sha256": "77b1916f19318ef39a13366a861c1449ee66ae7f3dd813d277b2933ddee6c265",
        "sha256_in_prefix": "77b1916f19318ef39a13366a861c1449ee66ae7f3dd813d277b2933ddee6c265",
        "size_in_bytes": 6338
      },
      {
        "_path": "Lib/site-packages/queuelib/tests/test_queue.pyc",
        "path_type": "hardlink",
        "sha256": "502930bae21c8ff4efb026eaba085c2774319cd773fb3d3949d2e919cab2fb81",
        "sha256_in_prefix": "502930bae21c8ff4efb026eaba085c2774319cd773fb3d3949d2e919cab2fb81",
        "size_in_bytes": 10256
      },
      {
        "_path": "Lib/site-packages/queuelib/tests/test_rrqueue.py",
        "path_type": "hardlink",
        "sha256": "af18825c8a6320033d3a5cd4477a51198ac673d5f0b34e81722df3796895b32a",
        "sha256_in_prefix": "af18825c8a6320033d3a5cd4477a51198ac673d5f0b34e81722df3796895b32a",
        "size_in_bytes": 4549
      },
      {
        "_path": "Lib/site-packages/queuelib/tests/test_rrqueue.pyc",
        "path_type": "hardlink",
        "sha256": "0a63ab5ce6de25718398d2362176a3bd9b7a5c863e957eeb3dc2c5126198fbd5",
        "sha256_in_prefix": "0a63ab5ce6de25718398d2362176a3bd9b7a5c863e957eeb3dc2c5126198fbd5",
        "size_in_bytes": 8230
      }
    ],
    "paths_version": 1
  },
  "platform": "win32",
  "requested_spec": "None",
  "size": 21349,
  "subdir": "win-64",
  "timestamp": 1524146658362,
  "track_features": "",
  "url": "https://repo.anaconda.com/pkgs/main/win-64/queuelib-1.5.0-py27_0.tar.bz2",
  "version": "1.5.0"
}