{
  "arch": "x86_64",
  "build": "py27h0c8e037_1000",
  "build_number": 1000,
  "channel": "https://conda.anaconda.org/conda-forge/win-64",
  "constrains": [],
  "depends": [
    "python >=2.7,<2.8.0a0",
    "vc 9.*"
  ],
  "extracted_package_dir": "C:\\Users\\Fabiano\\Anaconda2\\pkgs\\scandir-1.9.0-py27h0c8e037_1000",
  "features": "",
  "files": [
    "Lib/site-packages/_scandir.pyd",
    "Lib/site-packages/scandir-1.9.0.dist-info/INSTALLER",
    "Lib/site-packages/scandir-1.9.0.dist-info/LICENSE.txt",
    "Lib/site-packages/scandir-1.9.0.dist-info/METADATA",
    "Lib/site-packages/scandir-1.9.0.dist-info/RECORD",
    "Lib/site-packages/scandir-1.9.0.dist-info/WHEEL",
    "Lib/site-packages/scandir-1.9.0.dist-info/top_level.txt",
    "Lib/site-packages/scandir.py",
    "Lib/site-packages/scandir.pyc"
  ],
  "fn": "scandir-1.9.0-py27h0c8e037_1000.tar.bz2",
  "license": "BSD 3-Clause",
  "link": {
    "source": "C:\\Users\\Fabiano\\Anaconda2\\pkgs\\scandir-1.9.0-py27h0c8e037_1000",
    "type": 1
  },
  "md5": "edbab415cc0f61ba289440a9670cd012",
  "name": "scandir",
  "package_tarball_full_path": "C:\\Users\\Fabiano\\Anaconda2\\pkgs\\scandir-1.9.0-py27h0c8e037_1000.tar.bz2",
  "paths_data": {
    "paths": [
      {
        "_path": "Lib/site-packages/_scandir.pyd",
        "path_type": "hardlink",
        "sha256": "b805554e175380e4402b121b98e01888a86ab2db4fd744d5a55f126fd7f3f640",
        "sha256_in_prefix": "b805554e175380e4402b121b98e01888a86ab2db4fd744d5a55f126fd7f3f640",
        "size_in_bytes": 21504
      },
      {
        "_path": "Lib/site-packages/scandir-1.9.0.dist-info/INSTALLER",
        "path_type": "hardlink",
        "sha256": "ceebae7b8927a3227e5303cf5e0f1f7b34bb542ad7250ac03fbcde36ec2f1508",
        "sha256_in_prefix": "ceebae7b8927a3227e5303cf5e0f1f7b34bb542ad7250ac03fbcde36ec2f1508",
        "size_in_bytes": 4
      },
      {
        "_path": "Lib/site-packages/scandir-1.9.0.dist-info/LICENSE.txt",
        "path_type": "hardlink",
        "sha256": "a5e2fbdc239744419d29407cdbc92793c4d9c1d956c174f7cb7f96fa6d058c86",
        "sha256_in_prefix": "a5e2fbdc239744419d29407cdbc92793c4d9c1d956c174f7cb7f96fa6d058c86",
        "size_in_bytes": 1464
      },
      {
        "_path": "Lib/site-packages/scandir-1.9.0.dist-info/METADATA",
        "path_type": "hardlink",
        "sha256": "9218b6be4936945705dc1a4866af9f24b573cf035feb68d438805e756b48aaba",
        "sha256_in_prefix": "9218b6be4936945705dc1a4866af9f24b573cf035feb68d438805e756b48aaba",
        "size_in_bytes": 9839
      },
      {
        "_path": "Lib/site-packages/scandir-1.9.0.dist-info/RECORD",
        "path_type": "hardlink",
        "sha256": "bea62249e46a7414f4919caee8ef71784cb5141b306f145bd0435ab39d7f1ad0",
        "sha256_in_prefix": "bea62249e46a7414f4919caee8ef71784cb5141b306f145bd0435ab39d7f1ad0",
        "size_in_bytes": 639
      },
      {
        "_path": "Lib/site-packages/scandir-1.9.0.dist-info/WHEEL",
        "path_type": "hardlink",
        "sha256": "e52babfd70ac26d1783860407f238a5fa99cac243f822e2efa1b3dee8f53fbae",
        "sha256_in_prefix": "e52babfd70ac26d1783860407f238a5fa99cac243f822e2efa1b3dee8f53fbae",
        "size_in_bytes": 106
      },
      {
        "_path": "Lib/site-packages/scandir-1.9.0.dist-info/top_level.txt",
        "path_type": "hardlink",
        "sha256": "231cdee663639a2b3df6a97b244b4061cf7e76324c6df471f85170dd1ff365ff",
        "sha256_in_prefix": "231cdee663639a2b3df6a97b244b4061cf7e76324c6df471f85170dd1ff365ff",
        "size_in_bytes": 17
      },
      {
        "_path": "Lib/site-packages/scandir.py",
        "path_type": "hardlink",
        "sha256": "9f054ffea77e8cc69c8916a39cf608f04329c2ad4202bdf8a1e21e044b000636",
        "sha256_in_prefix": "9f054ffea77e8cc69c8916a39cf608f04329c2ad4202bdf8a1e21e044b000636",
        "size_in_bytes": 24803
      },
      {
        "_path": "Lib/site-packages/scandir.pyc",
        "path_type": "hardlink",
        "sha256": "75576aaf414c12718218494476dd60da8416e5ff27b54376efc5212533d910c2",
        "sha256_in_prefix": "75576aaf414c12718218494476dd60da8416e5ff27b54376efc5212533d910c2",
        "size_in_bytes": 18007
      }
    ],
    "paths_version": 1
  },
  "platform": "win32",
  "requested_spec": "None",
  "size": 29441,
  "subdir": "win-64",
  "timestamp": 1538591727196,
  "track_features": "",
  "url": "https://conda.anaconda.org/conda-forge/win-64/scandir-1.9.0-py27h0c8e037_1000.tar.bz2",
  "version": "1.9.0"
}