{
  "arch": "x86_64",
  "build": "py27_0",
  "build_number": 0,
  "channel": "https://conda.anaconda.org/conda-forge/win-64",
  "constrains": [],
  "depends": [
    "certifi >=2016.09",
    "python >=2.7,<2.8.0a0",
    "wincertstore >=0.2"
  ],
  "extracted_package_dir": "C:\\Users\\Fabiano\\Anaconda2\\pkgs\\setuptools-40.6.2-py27_0",
  "features": "",
  "files": [
    "Lib/site-packages/easy_install.py",
    "Lib/site-packages/easy_install.pyc",
    "Lib/site-packages/pkg_resources/__init__.py",
    "Lib/site-packages/pkg_resources/__init__.pyc",
    "Lib/site-packages/pkg_resources/_vendor/__init__.py",
    "Lib/site-packages/pkg_resources/_vendor/__init__.pyc",
    "Lib/site-packages/pkg_resources/_vendor/appdirs.py",
    "Lib/site-packages/pkg_resources/_vendor/appdirs.pyc",
    "Lib/site-packages/pkg_resources/_vendor/packaging/__about__.py",
    "Lib/site-packages/pkg_resources/_vendor/packaging/__about__.pyc",
    "Lib/site-packages/pkg_resources/_vendor/packaging/__init__.py",
    "Lib/site-packages/pkg_resources/_vendor/packaging/__init__.pyc",
    "Lib/site-packages/pkg_resources/_vendor/packaging/_compat.py",
    "Lib/site-packages/pkg_resources/_vendor/packaging/_compat.pyc",
    "Lib/site-packages/pkg_resources/_vendor/packaging/_structures.py",
    "Lib/site-packages/pkg_resources/_vendor/packaging/_structures.pyc",
    "Lib/site-packages/pkg_resources/_vendor/packaging/markers.py",
    "Lib/site-packages/pkg_resources/_vendor/packaging/markers.pyc",
    "Lib/site-packages/pkg_resources/_vendor/packaging/requirements.py",
    "Lib/site-packages/pkg_resources/_vendor/packaging/requirements.pyc",
    "Lib/site-packages/pkg_resources/_vendor/packaging/specifiers.py",
    "Lib/site-packages/pkg_resources/_vendor/packaging/specifiers.pyc",
    "Lib/site-packages/pkg_resources/_vendor/packaging/utils.py",
    "Lib/site-packages/pkg_resources/_vendor/packaging/utils.pyc",
    "Lib/site-packages/pkg_resources/_vendor/packaging/version.py",
    "Lib/site-packages/pkg_resources/_vendor/packaging/version.pyc",
    "Lib/site-packages/pkg_resources/_vendor/pyparsing.py",
    "Lib/site-packages/pkg_resources/_vendor/pyparsing.pyc",
    "Lib/site-packages/pkg_resources/_vendor/six.py",
    "Lib/site-packages/pkg_resources/_vendor/six.pyc",
    "Lib/site-packages/pkg_resources/extern/__init__.py",
    "Lib/site-packages/pkg_resources/extern/__init__.pyc",
    "Lib/site-packages/pkg_resources/py31compat.py",
    "Lib/site-packages/pkg_resources/py31compat.pyc",
    "Lib/site-packages/setuptools-40.6.2-py2.7.egg-info/PKG-INFO",
    "Lib/site-packages/setuptools-40.6.2-py2.7.egg-info/SOURCES.txt",
    "Lib/site-packages/setuptools-40.6.2-py2.7.egg-info/dependency_links.txt",
    "Lib/site-packages/setuptools-40.6.2-py2.7.egg-info/entry_points.txt",
    "Lib/site-packages/setuptools-40.6.2-py2.7.egg-info/top_level.txt",
    "Lib/site-packages/setuptools-40.6.2-py2.7.egg-info/zip-safe",
    "Lib/site-packages/setuptools/__init__.py",
    "Lib/site-packages/setuptools/__init__.pyc",
    "Lib/site-packages/setuptools/_deprecation_warning.py",
    "Lib/site-packages/setuptools/_deprecation_warning.pyc",
    "Lib/site-packages/setuptools/_vendor/__init__.py",
    "Lib/site-packages/setuptools/_vendor/__init__.pyc",
    "Lib/site-packages/setuptools/_vendor/packaging/__about__.py",
    "Lib/site-packages/setuptools/_vendor/packaging/__about__.pyc",
    "Lib/site-packages/setuptools/_vendor/packaging/__init__.py",
    "Lib/site-packages/setuptools/_vendor/packaging/__init__.pyc",
    "Lib/site-packages/setuptools/_vendor/packaging/_compat.py",
    "Lib/site-packages/setuptools/_vendor/packaging/_compat.pyc",
    "Lib/site-packages/setuptools/_vendor/packaging/_structures.py",
    "Lib/site-packages/setuptools/_vendor/packaging/_structures.pyc",
    "Lib/site-packages/setuptools/_vendor/packaging/markers.py",
    "Lib/site-packages/setuptools/_vendor/packaging/markers.pyc",
    "Lib/site-packages/setuptools/_vendor/packaging/requirements.py",
    "Lib/site-packages/setuptools/_vendor/packaging/requirements.pyc",
    "Lib/site-packages/setuptools/_vendor/packaging/specifiers.py",
    "Lib/site-packages/setuptools/_vendor/packaging/specifiers.pyc",
    "Lib/site-packages/setuptools/_vendor/packaging/utils.py",
    "Lib/site-packages/setuptools/_vendor/packaging/utils.pyc",
    "Lib/site-packages/setuptools/_vendor/packaging/version.py",
    "Lib/site-packages/setuptools/_vendor/packaging/version.pyc",
    "Lib/site-packages/setuptools/_vendor/pyparsing.py",
    "Lib/site-packages/setuptools/_vendor/pyparsing.pyc",
    "Lib/site-packages/setuptools/_vendor/six.py",
    "Lib/site-packages/setuptools/_vendor/six.pyc",
    "Lib/site-packages/setuptools/archive_util.py",
    "Lib/site-packages/setuptools/archive_util.pyc",
    "Lib/site-packages/setuptools/build_meta.py",
    "Lib/site-packages/setuptools/build_meta.pyc",
    "Lib/site-packages/setuptools/cli-32.exe",
    "Lib/site-packages/setuptools/cli-64.exe",
    "Lib/site-packages/setuptools/cli.exe",
    "Lib/site-packages/setuptools/command/__init__.py",
    "Lib/site-packages/setuptools/command/__init__.pyc",
    "Lib/site-packages/setuptools/command/alias.py",
    "Lib/site-packages/setuptools/command/alias.pyc",
    "Lib/site-packages/setuptools/command/bdist_egg.py",
    "Lib/site-packages/setuptools/command/bdist_egg.pyc",
    "Lib/site-packages/setuptools/command/bdist_rpm.py",
    "Lib/site-packages/setuptools/command/bdist_rpm.pyc",
    "Lib/site-packages/setuptools/command/bdist_wininst.py",
    "Lib/site-packages/setuptools/command/bdist_wininst.pyc",
    "Lib/site-packages/setuptools/command/build_clib.py",
    "Lib/site-packages/setuptools/command/build_clib.pyc",
    "Lib/site-packages/setuptools/command/build_ext.py",
    "Lib/site-packages/setuptools/command/build_ext.pyc",
    "Lib/site-packages/setuptools/command/build_py.py",
    "Lib/site-packages/setuptools/command/build_py.pyc",
    "Lib/site-packages/setuptools/command/develop.py",
    "Lib/site-packages/setuptools/command/develop.pyc",
    "Lib/site-packages/setuptools/command/dist_info.py",
    "Lib/site-packages/setuptools/command/dist_info.pyc",
    "Lib/site-packages/setuptools/command/easy_install.py",
    "Lib/site-packages/setuptools/command/easy_install.pyc",
    "Lib/site-packages/setuptools/command/egg_info.py",
    "Lib/site-packages/setuptools/command/egg_info.pyc",
    "Lib/site-packages/setuptools/command/install.py",
    "Lib/site-packages/setuptools/command/install.pyc",
    "Lib/site-packages/setuptools/command/install_egg_info.py",
    "Lib/site-packages/setuptools/command/install_egg_info.pyc",
    "Lib/site-packages/setuptools/command/install_lib.py",
    "Lib/site-packages/setuptools/command/install_lib.pyc",
    "Lib/site-packages/setuptools/command/install_scripts.py",
    "Lib/site-packages/setuptools/command/install_scripts.pyc",
    "Lib/site-packages/setuptools/command/launcher manifest.xml",
    "Lib/site-packages/setuptools/command/py36compat.py",
    "Lib/site-packages/setuptools/command/py36compat.pyc",
    "Lib/site-packages/setuptools/command/register.py",
    "Lib/site-packages/setuptools/command/register.pyc",
    "Lib/site-packages/setuptools/command/rotate.py",
    "Lib/site-packages/setuptools/command/rotate.pyc",
    "Lib/site-packages/setuptools/command/saveopts.py",
    "Lib/site-packages/setuptools/command/saveopts.pyc",
    "Lib/site-packages/setuptools/command/sdist.py",
    "Lib/site-packages/setuptools/command/sdist.pyc",
    "Lib/site-packages/setuptools/command/setopt.py",
    "Lib/site-packages/setuptools/command/setopt.pyc",
    "Lib/site-packages/setuptools/command/test.py",
    "Lib/site-packages/setuptools/command/test.pyc",
    "Lib/site-packages/setuptools/command/upload.py",
    "Lib/site-packages/setuptools/command/upload.pyc",
    "Lib/site-packages/setuptools/command/upload_docs.py",
    "Lib/site-packages/setuptools/command/upload_docs.pyc",
    "Lib/site-packages/setuptools/config.py",
    "Lib/site-packages/setuptools/config.pyc",
    "Lib/site-packages/setuptools/dep_util.py",
    "Lib/site-packages/setuptools/dep_util.pyc",
    "Lib/site-packages/setuptools/depends.py",
    "Lib/site-packages/setuptools/depends.pyc",
    "Lib/site-packages/setuptools/dist.py",
    "Lib/site-packages/setuptools/dist.pyc",
    "Lib/site-packages/setuptools/extension.py",
    "Lib/site-packages/setuptools/extension.pyc",
    "Lib/site-packages/setuptools/extern/__init__.py",
    "Lib/site-packages/setuptools/extern/__init__.pyc",
    "Lib/site-packages/setuptools/glibc.py",
    "Lib/site-packages/setuptools/glibc.pyc",
    "Lib/site-packages/setuptools/glob.py",
    "Lib/site-packages/setuptools/glob.pyc",
    "Lib/site-packages/setuptools/gui-32.exe",
    "Lib/site-packages/setuptools/gui-64.exe",
    "Lib/site-packages/setuptools/gui.exe",
    "Lib/site-packages/setuptools/launch.py",
    "Lib/site-packages/setuptools/launch.pyc",
    "Lib/site-packages/setuptools/lib2to3_ex.py",
    "Lib/site-packages/setuptools/lib2to3_ex.pyc",
    "Lib/site-packages/setuptools/monkey.py",
    "Lib/site-packages/setuptools/monkey.pyc",
    "Lib/site-packages/setuptools/msvc.py",
    "Lib/site-packages/setuptools/msvc.pyc",
    "Lib/site-packages/setuptools/namespaces.py",
    "Lib/site-packages/setuptools/namespaces.pyc",
    "Lib/site-packages/setuptools/package_index.py",
    "Lib/site-packages/setuptools/package_index.pyc",
    "Lib/site-packages/setuptools/pep425tags.py",
    "Lib/site-packages/setuptools/pep425tags.pyc",
    "Lib/site-packages/setuptools/py27compat.py",
    "Lib/site-packages/setuptools/py27compat.pyc",
    "Lib/site-packages/setuptools/py31compat.py",
    "Lib/site-packages/setuptools/py31compat.pyc",
    "Lib/site-packages/setuptools/py33compat.py",
    "Lib/site-packages/setuptools/py33compat.pyc",
    "Lib/site-packages/setuptools/py36compat.py",
    "Lib/site-packages/setuptools/py36compat.pyc",
    "Lib/site-packages/setuptools/sandbox.py",
    "Lib/site-packages/setuptools/sandbox.pyc",
    "Lib/site-packages/setuptools/script (dev).tmpl",
    "Lib/site-packages/setuptools/script.tmpl",
    "Lib/site-packages/setuptools/site-patch.py",
    "Lib/site-packages/setuptools/site-patch.pyc",
    "Lib/site-packages/setuptools/ssl_support.py",
    "Lib/site-packages/setuptools/ssl_support.pyc",
    "Lib/site-packages/setuptools/unicode_utils.py",
    "Lib/site-packages/setuptools/unicode_utils.pyc",
    "Lib/site-packages/setuptools/version.py",
    "Lib/site-packages/setuptools/version.pyc",
    "Lib/site-packages/setuptools/wheel.py",
    "Lib/site-packages/setuptools/wheel.pyc",
    "Lib/site-packages/setuptools/windows_support.py",
    "Lib/site-packages/setuptools/windows_support.pyc",
    "Scripts/easy_install-script.py",
    "Scripts/easy_install.exe"
  ],
  "fn": "setuptools-40.6.2-py27_0.tar.bz2",
  "license": "MIT",
  "license_family": "MIT",
  "link": {
    "source": "C:\\Users\\Fabiano\\Anaconda2\\pkgs\\setuptools-40.6.2-py27_0",
    "type": 1
  },
  "md5": "3740abcbda82f7095a6e726b81ae9f28",
  "name": "setuptools",
  "package_tarball_full_path": "C:\\Users\\Fabiano\\Anaconda2\\pkgs\\setuptools-40.6.2-py27_0.tar.bz2",
  "paths_data": {
    "paths": [
      {
        "_path": "Lib/site-packages/easy_install.py",
        "path_type": "hardlink",
        "sha256": "3030bdbede40c43b175f9a9c2a5073d939d6e93a6ebff0286e77e1089f57dcf3",
        "sha256_in_prefix": "3030bdbede40c43b175f9a9c2a5073d939d6e93a6ebff0286e77e1089f57dcf3",
        "size_in_bytes": 126
      },
      {
        "_path": "Lib/site-packages/easy_install.pyc",
        "path_type": "hardlink",
        "sha256": "00e8dce31acdccabe6765227edcf13583e9ae8d723c8f18ce6707449478692ae",
        "sha256_in_prefix": "00e8dce31acdccabe6765227edcf13583e9ae8d723c8f18ce6707449478692ae",
        "size_in_bytes": 300
      },
      {
        "_path": "Lib/site-packages/pkg_resources/__init__.py",
        "path_type": "hardlink",
        "sha256": "77bc3fcaa083dfd959134faac615973d8a1cfa965cdc6da60fb114db18512e93",
        "sha256_in_prefix": "77bc3fcaa083dfd959134faac615973d8a1cfa965cdc6da60fb114db18512e93",
        "size_in_bytes": 104720
      },
      {
        "_path": "Lib/site-packages/pkg_resources/__init__.pyc",
        "path_type": "hardlink",
        "sha256": "18a4937cb6fda99d33f55e56ef97991ed631999b22fd482c97faa3d4b9accb0c",
        "sha256_in_prefix": "18a4937cb6fda99d33f55e56ef97991ed631999b22fd482c97faa3d4b9accb0c",
        "size_in_bytes": 112893
      },
      {
        "_path": "Lib/site-packages/pkg_resources/_vendor/__init__.py",
        "path_type": "hardlink",
        "sha256": "e3b0c44298fc1c149afbf4c8996fb92427ae41e4649b934ca495991b7852b855",
        "sha256_in_prefix": "e3b0c44298fc1c149afbf4c8996fb92427ae41e4649b934ca495991b7852b855",
        "size_in_bytes": 0
      },
      {
        "_path": "Lib/site-packages/pkg_resources/_vendor/__init__.pyc",
        "path_type": "hardlink",
        "sha256": "c1ebbeb3392f59ce7c58e6e5f55dccc5528f24aa0ffc4504efc981e7241b981c",
        "sha256_in_prefix": "c1ebbeb3392f59ce7c58e6e5f55dccc5528f24aa0ffc4504efc981e7241b981c",
        "size_in_bytes": 138
      },
      {
        "_path": "Lib/site-packages/pkg_resources/_vendor/appdirs.py",
        "path_type": "hardlink",
        "sha256": "3227af504bafde5fe6408487e52174b210e4fc13611c7cd88803eb4f72133782",
        "sha256_in_prefix": "3227af504bafde5fe6408487e52174b210e4fc13611c7cd88803eb4f72133782",
        "size_in_bytes": 24701
      },
      {
        "_path": "Lib/site-packages/pkg_resources/_vendor/appdirs.pyc",
        "path_type": "hardlink",
        "sha256": "6ab8539bfa234b26651957268357a26103c1e1df2fd4e575b39298c39d019c7f",
        "sha256_in_prefix": "6ab8539bfa234b26651957268357a26103c1e1df2fd4e575b39298c39d019c7f",
        "size_in_bytes": 22837
      },
      {
        "_path": "Lib/site-packages/pkg_resources/_vendor/packaging/__about__.py",
        "path_type": "hardlink",
        "sha256": "ce47023d337fe9370b5b436b960d35efaf91d5043f5953d39bcb33d51e3e1e33",
        "sha256_in_prefix": "ce47023d337fe9370b5b436b960d35efaf91d5043f5953d39bcb33d51e3e1e33",
        "size_in_bytes": 720
      },
      {
        "_path": "Lib/site-packages/pkg_resources/_vendor/packaging/__about__.pyc",
        "path_type": "hardlink",
        "sha256": "9df3708f8a38f54c943d18e9c50b93b64ebb34a37d81b9e599f2d8f706202cb1",
        "sha256_in_prefix": "9df3708f8a38f54c943d18e9c50b93b64ebb34a37d81b9e599f2d8f706202cb1",
        "size_in_bytes": 777
      },
      {
        "_path": "Lib/site-packages/pkg_resources/_vendor/packaging/__init__.py",
        "path_type": "hardlink",
        "sha256": "fef35a7394ebcf0b2bcdb38521b17ee5c1ea73f63668f4f60fbceb211d3a04ea",
        "sha256_in_prefix": "fef35a7394ebcf0b2bcdb38521b17ee5c1ea73f63668f4f60fbceb211d3a04ea",
        "size_in_bytes": 513
      },
      {
        "_path": "Lib/site-packages/pkg_resources/_vendor/packaging/__init__.pyc",
        "path_type": "hardlink",
        "sha256": "b3fae4412810a241829170e5f1ae4f2929b7734c041b455e1a8af58eae834cd6",
        "sha256_in_prefix": "b3fae4412810a241829170e5f1ae4f2929b7734c041b455e1a8af58eae834cd6",
        "size_in_bytes": 599
      },
      {
        "_path": "Lib/site-packages/pkg_resources/_vendor/packaging/_compat.py",
        "path_type": "hardlink",
        "sha256": "562fc0d2b0107876d4f9af57d2db75c909bd46a92041b0d2c73470f16954f640",
        "sha256_in_prefix": "562fc0d2b0107876d4f9af57d2db75c909bd46a92041b0d2c73470f16954f640",
        "size_in_bytes": 860
      },
      {
        "_path": "Lib/site-packages/pkg_resources/_vendor/packaging/_compat.pyc",
        "path_type": "hardlink",
        "sha256": "daf75c19c39348d0f8cb7557141b71684c92ee0f240256cea99736877a1c241b",
        "sha256_in_prefix": "daf75c19c39348d0f8cb7557141b71684c92ee0f240256cea99736877a1c241b",
        "size_in_bytes": 1196
      },
      {
        "_path": "Lib/site-packages/pkg_resources/_vendor/packaging/_structures.py",
        "path_type": "hardlink",
        "sha256": "448984089e1cff04e5693618c1960b1c489e6c331a00998ad683c0461c354f9a",
        "sha256_in_prefix": "448984089e1cff04e5693618c1960b1c489e6c331a00998ad683c0461c354f9a",
        "size_in_bytes": 1416
      },
      {
        "_path": "Lib/site-packages/pkg_resources/_vendor/packaging/_structures.pyc",
        "path_type": "hardlink",
        "sha256": "58b021661a93db9176b5899d584591cf8a260b3ac8560bac618f79e254cffad7",
        "sha256_in_prefix": "58b021661a93db9176b5899d584591cf8a260b3ac8560bac618f79e254cffad7",
        "size_in_bytes": 3921
      },
      {
        "_path": "Lib/site-packages/pkg_resources/_vendor/packaging/markers.py",
        "path_type": "hardlink",
        "sha256": "b8470106d1afcea96d82702ba9bf5ce11adc2275decc32e8b35e336c11e1589a",
        "sha256_in_prefix": "b8470106d1afcea96d82702ba9bf5ce11adc2275decc32e8b35e336c11e1589a",
        "size_in_bytes": 8248
      },
      {
        "_path": "Lib/site-packages/pkg_resources/_vendor/packaging/markers.pyc",
        "path_type": "hardlink",
        "sha256": "660a0152bf85d0eca6ebcf3207b677a1433ae2e8c69afc57512ece204547a7fe",
        "sha256_in_prefix": "660a0152bf85d0eca6ebcf3207b677a1433ae2e8c69afc57512ece204547a7fe",
        "size_in_bytes": 11542
      },
      {
        "_path": "Lib/site-packages/pkg_resources/_vendor/packaging/requirements.py",
        "path_type": "hardlink",
        "sha256": "4a290bd94ca76ec4f4aad63d96daa78277616bfb1fa34c3a5c6161021a12a1a4",
        "sha256_in_prefix": "4a290bd94ca76ec4f4aad63d96daa78277616bfb1fa34c3a5c6161021a12a1a4",
        "size_in_bytes": 4355
      },
      {
        "_path": "Lib/site-packages/pkg_resources/_vendor/packaging/requirements.pyc",
        "path_type": "hardlink",
        "sha256": "dcc7fe92e5d1f3af2c5b67cabceb4d8f148b64a149c45f55579e55b849183f8b",
        "sha256_in_prefix": "dcc7fe92e5d1f3af2c5b67cabceb4d8f148b64a149c45f55579e55b849183f8b",
        "size_in_bytes": 5062
      },
      {
        "_path": "Lib/site-packages/pkg_resources/_vendor/packaging/specifiers.py",
        "path_type": "hardlink",
        "sha256": "4803117abcceddf2b622415909a664bb065a2ff106a8734ecf8a678b8be19cdd",
        "sha256_in_prefix": "4803117abcceddf2b622415909a664bb065a2ff106a8734ecf8a678b8be19cdd",
        "size_in_bytes": 28025
      },
      {
        "_path": "Lib/site-packages/pkg_resources/_vendor/packaging/specifiers.pyc",
        "path_type": "hardlink",
        "sha256": "e3ba0a8da3ecf90d4cc67e4181497fb23d0dcef7eaa3a190b9bd4fa9e4a91bbc",
        "sha256_in_prefix": "e3ba0a8da3ecf90d4cc67e4181497fb23d0dcef7eaa3a190b9bd4fa9e4a91bbc",
        "size_in_bytes": 24475
      },
      {
        "_path": "Lib/site-packages/pkg_resources/_vendor/packaging/utils.py",
        "path_type": "hardlink",
        "sha256": "de6e96bcf9ba34dc44f2b9131a69f4afbe41fc66521a0ee291a7f11ec04dd560",
        "sha256_in_prefix": "de6e96bcf9ba34dc44f2b9131a69f4afbe41fc66521a0ee291a7f11ec04dd560",
        "size_in_bytes": 421
      },
      {
        "_path": "Lib/site-packages/pkg_resources/_vendor/packaging/utils.pyc",
        "path_type": "hardlink",
        "sha256": "dd5e56114d6d19e095056cfb584533f298c948dbcebdbf58e33ffe64484716d3",
        "sha256_in_prefix": "dd5e56114d6d19e095056cfb584533f298c948dbcebdbf58e33ffe64484716d3",
        "size_in_bytes": 570
      },
      {
        "_path": "Lib/site-packages/pkg_resources/_vendor/packaging/version.py",
        "path_type": "hardlink",
        "sha256": "3b01a7c587ebda084dcd8c79f6a588064acadd29c1ea7f997ddd5768ba679ccd",
        "sha256_in_prefix": "3b01a7c587ebda084dcd8c79f6a588064acadd29c1ea7f997ddd5768ba679ccd",
        "size_in_bytes": 11556
      },
      {
        "_path": "Lib/site-packages/pkg_resources/_vendor/packaging/version.pyc",
        "path_type": "hardlink",
        "sha256": "4dd7fc7714db89ffc61f21513159a27ed1506a8ec8d139618701441485134dbc",
        "sha256_in_prefix": "4dd7fc7714db89ffc61f21513159a27ed1506a8ec8d139618701441485134dbc",
        "size_in_bytes": 13854
      },
      {
        "_path": "Lib/site-packages/pkg_resources/_vendor/pyparsing.py",
        "path_type": "hardlink",
        "sha256": "b66ae9fa5bbea8ed62ef967320de40d769ca4510f50a6e15a64fb92d1f6b8a6b",
        "sha256_in_prefix": "b66ae9fa5bbea8ed62ef967320de40d769ca4510f50a6e15a64fb92d1f6b8a6b",
        "size_in_bytes": 232055
      },
      {
        "_path": "Lib/site-packages/pkg_resources/_vendor/pyparsing.pyc",
        "path_type": "hardlink",
        "sha256": "31a59487551019bf70f0415e5b59bdc4c78b4bd15e741054294d6eeb4e69bbf2",
        "sha256_in_prefix": "31a59487551019bf70f0415e5b59bdc4c78b4bd15e741054294d6eeb4e69bbf2",
        "size_in_bytes": 230071
      },
      {
        "_path": "Lib/site-packages/pkg_resources/_vendor/six.py",
        "path_type": "hardlink",
        "sha256": "03a85d259563237b7f81e79b67d07352fc11ac85e8d257f0cd094cd8b70ac9ab",
        "sha256_in_prefix": "03a85d259563237b7f81e79b67d07352fc11ac85e8d257f0cd094cd8b70ac9ab",
        "size_in_bytes": 30098
      },
      {
        "_path": "Lib/site-packages/pkg_resources/_vendor/six.pyc",
        "path_type": "hardlink",
        "sha256": "8603ff11f7fc5ace49afb9191f071c0c8ab045ed032b72a17fc4586e6e41e984",
        "sha256_in_prefix": "8603ff11f7fc5ace49afb9191f071c0c8ab045ed032b72a17fc4586e6e41e984",
        "size_in_bytes": 30669
      },
      {
        "_path": "Lib/site-packages/pkg_resources/extern/__init__.py",
        "path_type": "hardlink",
        "sha256": "7078847c7b8b9a6eabb3955eff3b417cc23b2ebdf5becb3e0f8c24a85e71ce52",
        "sha256_in_prefix": "7078847c7b8b9a6eabb3955eff3b417cc23b2ebdf5becb3e0f8c24a85e71ce52",
        "size_in_bytes": 2498
      },
      {
        "_path": "Lib/site-packages/pkg_resources/extern/__init__.pyc",
        "path_type": "hardlink",
        "sha256": "a767b2e9b3537f738fa1fb2288a490cee2938a6fcb600af6bacc9d22836d9983",
        "sha256_in_prefix": "a767b2e9b3537f738fa1fb2288a490cee2938a6fcb600af6bacc9d22836d9983",
        "size_in_bytes": 2842
      },
      {
        "_path": "Lib/site-packages/pkg_resources/py31compat.py",
        "path_type": "hardlink",
        "sha256": "f964347b8737446fda71d8700b780b89784ffe58381b9abb5d89199108348315",
        "sha256_in_prefix": "f964347b8737446fda71d8700b780b89784ffe58381b9abb5d89199108348315",
        "size_in_bytes": 558
      },
      {
        "_path": "Lib/site-packages/pkg_resources/py31compat.pyc",
        "path_type": "hardlink",
        "sha256": "0a510bb5da00be582b51bfd44105b559f8672eaa42874829ab0018fae3f7e2f3",
        "sha256_in_prefix": "0a510bb5da00be582b51bfd44105b559f8672eaa42874829ab0018fae3f7e2f3",
        "size_in_bytes": 728
      },
      {
        "_path": "Lib/site-packages/setuptools-40.6.2-py2.7.egg-info/PKG-INFO",
        "path_type": "hardlink",
        "sha256": "3e75a7977b5b7f94814eceb735f94745cead1fe74e87e0d3070d9a70312cdb3f",
        "sha256_in_prefix": "3e75a7977b5b7f94814eceb735f94745cead1fe74e87e0d3070d9a70312cdb3f",
        "size_in_bytes": 3297
      },
      {
        "_path": "Lib/site-packages/setuptools-40.6.2-py2.7.egg-info/SOURCES.txt",
        "path_type": "hardlink",
        "sha256": "5540562a7d70659d4dfe9f5e6e84c1934dd436ed03edf1c52f41cf429adb5698",
        "sha256_in_prefix": "5540562a7d70659d4dfe9f5e6e84c1934dd436ed03edf1c52f41cf429adb5698",
        "size_in_bytes": 5660
      },
      {
        "_path": "Lib/site-packages/setuptools-40.6.2-py2.7.egg-info/dependency_links.txt",
        "path_type": "hardlink",
        "sha256": "01ba4719c80b6fe911b091a7c05124b64eeece964e09c058ef8f9805daca546b",
        "sha256_in_prefix": "01ba4719c80b6fe911b091a7c05124b64eeece964e09c058ef8f9805daca546b",
        "size_in_bytes": 1
      },
      {
        "_path": "Lib/site-packages/setuptools-40.6.2-py2.7.egg-info/entry_points.txt",
        "path_type": "hardlink",
        "sha256": "b3889b4ebe7fbfffae5ae79e9a0addccb5082ff6a078e32ab200802990e46361",
        "sha256_in_prefix": "b3889b4ebe7fbfffae5ae79e9a0addccb5082ff6a078e32ab200802990e46361",
        "size_in_bytes": 2934
      },
      {
        "_path": "Lib/site-packages/setuptools-40.6.2-py2.7.egg-info/top_level.txt",
        "path_type": "hardlink",
        "sha256": "d87517555c00e0f7dfd7181316bdc6b135d729a3da3babe51baa0d27fe2ee138",
        "sha256_in_prefix": "d87517555c00e0f7dfd7181316bdc6b135d729a3da3babe51baa0d27fe2ee138",
        "size_in_bytes": 38
      },
      {
        "_path": "Lib/site-packages/setuptools-40.6.2-py2.7.egg-info/zip-safe",
        "path_type": "hardlink",
        "sha256": "01ba4719c80b6fe911b091a7c05124b64eeece964e09c058ef8f9805daca546b",
        "sha256_in_prefix": "01ba4719c80b6fe911b091a7c05124b64eeece964e09c058ef8f9805daca546b",
        "size_in_bytes": 1
      },
      {
        "_path": "Lib/site-packages/setuptools/__init__.py",
        "path_type": "hardlink",
        "sha256": "8a9b05db21647c79abc8f3fc012244b4e8fd37d3ae62493c1f1c48272387b63d",
        "sha256_in_prefix": "8a9b05db21647c79abc8f3fc012244b4e8fd37d3ae62493c1f1c48272387b63d",
        "size_in_bytes": 6001
      },
      {
        "_path": "Lib/site-packages/setuptools/__init__.pyc",
        "path_type": "hardlink",
        "sha256": "af2d6cffa76cf28b76e1fc18d7576fabf3385e8c2774aec4752571d482c887d3",
        "sha256_in_prefix": "af2d6cffa76cf28b76e1fc18d7576fabf3385e8c2774aec4752571d482c887d3",
        "size_in_bytes": 7632
      },
      {
        "_path": "Lib/site-packages/setuptools/_deprecation_warning.py",
        "path_type": "hardlink",
        "sha256": "8d4f7e76d7efe9c2a6b5024e5cdf273f59a6ee038dc3990a12d88fb5bc276722",
        "sha256_in_prefix": "8d4f7e76d7efe9c2a6b5024e5cdf273f59a6ee038dc3990a12d88fb5bc276722",
        "size_in_bytes": 218
      },
      {
        "_path": "Lib/site-packages/setuptools/_deprecation_warning.pyc",
        "path_type": "hardlink",
        "sha256": "570bf76e3635317d0edf2defbf199b1f134e99bfda83f67c7e7f7dd392894d60",
        "sha256_in_prefix": "570bf76e3635317d0edf2defbf199b1f134e99bfda83f67c7e7f7dd392894d60",
        "size_in_bytes": 552
      },
      {
        "_path": "Lib/site-packages/setuptools/_vendor/__init__.py",
        "path_type": "hardlink",
        "sha256": "e3b0c44298fc1c149afbf4c8996fb92427ae41e4649b934ca495991b7852b855",
        "sha256_in_prefix": "e3b0c44298fc1c149afbf4c8996fb92427ae41e4649b934ca495991b7852b855",
        "size_in_bytes": 0
      },
      {
        "_path": "Lib/site-packages/setuptools/_vendor/__init__.pyc",
        "path_type": "hardlink",
        "sha256": "99a5d13c30ec1d6ae18ffda7fb02256928a8ba7bb1dededdd6fccc707c83b062",
        "sha256_in_prefix": "99a5d13c30ec1d6ae18ffda7fb02256928a8ba7bb1dededdd6fccc707c83b062",
        "size_in_bytes": 135
      },
      {
        "_path": "Lib/site-packages/setuptools/_vendor/packaging/__about__.py",
        "path_type": "hardlink",
        "sha256": "ce47023d337fe9370b5b436b960d35efaf91d5043f5953d39bcb33d51e3e1e33",
        "sha256_in_prefix": "ce47023d337fe9370b5b436b960d35efaf91d5043f5953d39bcb33d51e3e1e33",
        "size_in_bytes": 720
      },
      {
        "_path": "Lib/site-packages/setuptools/_vendor/packaging/__about__.pyc",
        "path_type": "hardlink",
        "sha256": "6e59ae39f239a59dcb1cd4b560ccd9fbd738256abc6e49df1ee2b2b626d4d156",
        "sha256_in_prefix": "6e59ae39f239a59dcb1cd4b560ccd9fbd738256abc6e49df1ee2b2b626d4d156",
        "size_in_bytes": 774
      },
      {
        "_path": "Lib/site-packages/setuptools/_vendor/packaging/__init__.py",
        "path_type": "hardlink",
        "sha256": "fef35a7394ebcf0b2bcdb38521b17ee5c1ea73f63668f4f60fbceb211d3a04ea",
        "sha256_in_prefix": "fef35a7394ebcf0b2bcdb38521b17ee5c1ea73f63668f4f60fbceb211d3a04ea",
        "size_in_bytes": 513
      },
      {
        "_path": "Lib/site-packages/setuptools/_vendor/packaging/__init__.pyc",
        "path_type": "hardlink",
        "sha256": "899c74b52b4e39ae30d3ef8d6c14e8961956dc9d6807afe8384674b33ed93396",
        "sha256_in_prefix": "899c74b52b4e39ae30d3ef8d6c14e8961956dc9d6807afe8384674b33ed93396",
        "size_in_bytes": 596
      },
      {
        "_path": "Lib/site-packages/setuptools/_vendor/packaging/_compat.py",
        "path_type": "hardlink",
        "sha256": "562fc0d2b0107876d4f9af57d2db75c909bd46a92041b0d2c73470f16954f640",
        "sha256_in_prefix": "562fc0d2b0107876d4f9af57d2db75c909bd46a92041b0d2c73470f16954f640",
        "size_in_bytes": 860
      },
      {
        "_path": "Lib/site-packages/setuptools/_vendor/packaging/_compat.pyc",
        "path_type": "hardlink",
        "sha256": "75fd948b5be4302c1399b8acfc633c74e8a4b776acc6a650a634e0da68371670",
        "sha256_in_prefix": "75fd948b5be4302c1399b8acfc633c74e8a4b776acc6a650a634e0da68371670",
        "size_in_bytes": 1184
      },
      {
        "_path": "Lib/site-packages/setuptools/_vendor/packaging/_structures.py",
        "path_type": "hardlink",
        "sha256": "448984089e1cff04e5693618c1960b1c489e6c331a00998ad683c0461c354f9a",
        "sha256_in_prefix": "448984089e1cff04e5693618c1960b1c489e6c331a00998ad683c0461c354f9a",
        "size_in_bytes": 1416
      },
      {
        "_path": "Lib/site-packages/setuptools/_vendor/packaging/_structures.pyc",
        "path_type": "hardlink",
        "sha256": "8585c0336e91acda9b671e6c9911265be258648c6c3087d73b1c9beb4c08abce",
        "sha256_in_prefix": "8585c0336e91acda9b671e6c9911265be258648c6c3087d73b1c9beb4c08abce",
        "size_in_bytes": 3858
      },
      {
        "_path": "Lib/site-packages/setuptools/_vendor/packaging/markers.py",
        "path_type": "hardlink",
        "sha256": "1afa64f44636d3229a31388a81067cc85104a6876a560558b5f7a4a2273562db",
        "sha256_in_prefix": "1afa64f44636d3229a31388a81067cc85104a6876a560558b5f7a4a2273562db",
        "size_in_bytes": 8239
      },
      {
        "_path": "Lib/site-packages/setuptools/_vendor/packaging/markers.pyc",
        "path_type": "hardlink",
        "sha256": "719d92c1dc716ca6d6623e928e552a93ded42b70ef7475627557e2583c349eb2",
        "sha256_in_prefix": "719d92c1dc716ca6d6623e928e552a93ded42b70ef7475627557e2583c349eb2",
        "size_in_bytes": 11434
      },
      {
        "_path": "Lib/site-packages/setuptools/_vendor/packaging/requirements.py",
        "path_type": "hardlink",
        "sha256": "b78e0cd87556b6bf29848cf63a19c82f3b864f7ad30136a8bdcb55d5da675488",
        "sha256_in_prefix": "b78e0cd87556b6bf29848cf63a19c82f3b864f7ad30136a8bdcb55d5da675488",
        "size_in_bytes": 4343
      },
      {
        "_path": "Lib/site-packages/setuptools/_vendor/packaging/requirements.pyc",
        "path_type": "hardlink",
        "sha256": "9c18fc07749ac9dd76d2ff9c9047b069510d2337a39e7e93d88c97a24d5f56ff",
        "sha256_in_prefix": "9c18fc07749ac9dd76d2ff9c9047b069510d2337a39e7e93d88c97a24d5f56ff",
        "size_in_bytes": 5029
      },
      {
        "_path": "Lib/site-packages/setuptools/_vendor/packaging/specifiers.py",
        "path_type": "hardlink",
        "sha256": "4803117abcceddf2b622415909a664bb065a2ff106a8734ecf8a678b8be19cdd",
        "sha256_in_prefix": "4803117abcceddf2b622415909a664bb065a2ff106a8734ecf8a678b8be19cdd",
        "size_in_bytes": 28025
      },
      {
        "_path": "Lib/site-packages/setuptools/_vendor/packaging/specifiers.pyc",
        "path_type": "hardlink",
        "sha256": "d1da1498c44e05658cff092800f788f3566b9878f0711e058dde66faed82e2f4",
        "sha256_in_prefix": "d1da1498c44e05658cff092800f788f3566b9878f0711e058dde66faed82e2f4",
        "size_in_bytes": 24262
      },
      {
        "_path": "Lib/site-packages/setuptools/_vendor/packaging/utils.py",
        "path_type": "hardlink",
        "sha256": "de6e96bcf9ba34dc44f2b9131a69f4afbe41fc66521a0ee291a7f11ec04dd560",
        "sha256_in_prefix": "de6e96bcf9ba34dc44f2b9131a69f4afbe41fc66521a0ee291a7f11ec04dd560",
        "size_in_bytes": 421
      },
      {
        "_path": "Lib/site-packages/setuptools/_vendor/packaging/utils.pyc",
        "path_type": "hardlink",
        "sha256": "0061569ddb0c5a2acd18c67c66a536f4391e0a10b4a7ef169c01c9bf2639a5e6",
        "sha256_in_prefix": "0061569ddb0c5a2acd18c67c66a536f4391e0a10b4a7ef169c01c9bf2639a5e6",
        "size_in_bytes": 564
      },
      {
        "_path": "Lib/site-packages/setuptools/_vendor/packaging/version.py",
        "path_type": "hardlink",
        "sha256": "3b01a7c587ebda084dcd8c79f6a588064acadd29c1ea7f997ddd5768ba679ccd",
        "sha256_in_prefix": "3b01a7c587ebda084dcd8c79f6a588064acadd29c1ea7f997ddd5768ba679ccd",
        "size_in_bytes": 11556
      },
      {
        "_path": "Lib/site-packages/setuptools/_vendor/packaging/version.pyc",
        "path_type": "hardlink",
        "sha256": "1532cf2d0f30ac82950a04bc1f1e19169b340ca1161e1503a95fa3c4b1be0a82",
        "sha256_in_prefix": "1532cf2d0f30ac82950a04bc1f1e19169b340ca1161e1503a95fa3c4b1be0a82",
        "size_in_bytes": 13707
      },
      {
        "_path": "Lib/site-packages/setuptools/_vendor/pyparsing.py",
        "path_type": "hardlink",
        "sha256": "b66ae9fa5bbea8ed62ef967320de40d769ca4510f50a6e15a64fb92d1f6b8a6b",
        "sha256_in_prefix": "b66ae9fa5bbea8ed62ef967320de40d769ca4510f50a6e15a64fb92d1f6b8a6b",
        "size_in_bytes": 232055
      },
      {
        "_path": "Lib/site-packages/setuptools/_vendor/pyparsing.pyc",
        "path_type": "hardlink",
        "sha256": "14347e3c02f557e7f1ad629831ec20cd72fa597c63bb4631c590b4c265572f49",
        "sha256_in_prefix": "14347e3c02f557e7f1ad629831ec20cd72fa597c63bb4631c590b4c265572f49",
        "size_in_bytes": 228760
      },
      {
        "_path": "Lib/site-packages/setuptools/_vendor/six.py",
        "path_type": "hardlink",
        "sha256": "03a85d259563237b7f81e79b67d07352fc11ac85e8d257f0cd094cd8b70ac9ab",
        "sha256_in_prefix": "03a85d259563237b7f81e79b67d07352fc11ac85e8d257f0cd094cd8b70ac9ab",
        "size_in_bytes": 30098
      },
      {
        "_path": "Lib/site-packages/setuptools/_vendor/six.pyc",
        "path_type": "hardlink",
        "sha256": "e69ea0b3d686e79389b83435b1bfa4283af82008b452e29687f13a8a72eb1bff",
        "sha256_in_prefix": "e69ea0b3d686e79389b83435b1bfa4283af82008b452e29687f13a8a72eb1bff",
        "size_in_bytes": 30432
      },
      {
        "_path": "Lib/site-packages/setuptools/archive_util.py",
        "path_type": "hardlink",
        "sha256": "930f086ff94a8c27273ca35b4bb87c1f3b5154ad1de5169c537aff2917559e63",
        "sha256_in_prefix": "930f086ff94a8c27273ca35b4bb87c1f3b5154ad1de5169c537aff2917559e63",
        "size_in_bytes": 6592
      },
      {
        "_path": "Lib/site-packages/setuptools/archive_util.pyc",
        "path_type": "hardlink",
        "sha256": "35239998702ce0278cd9deb3db27a6396c27c58ec70cc8ec3d755a4c4cb70048",
        "sha256_in_prefix": "35239998702ce0278cd9deb3db27a6396c27c58ec70cc8ec3d755a4c4cb70048",
        "size_in_bytes": 6022
      },
      {
        "_path": "Lib/site-packages/setuptools/build_meta.py",
        "path_type": "hardlink",
        "sha256": "aa0e117ef819175b993ee3b554c8a81bc25184d329e5f1ebc20a60918a67cdcf",
        "sha256_in_prefix": "aa0e117ef819175b993ee3b554c8a81bc25184d329e5f1ebc20a60918a67cdcf",
        "size_in_bytes": 6021
      },
      {
        "_path": "Lib/site-packages/setuptools/build_meta.pyc",
        "path_type": "hardlink",
        "sha256": "0f73675162553d805eb83eae7a95ed6e7ca91254671404c0954673ad45fc353f",
        "sha256_in_prefix": "0f73675162553d805eb83eae7a95ed6e7ca91254671404c0954673ad45fc353f",
        "size_in_bytes": 6845
      },
      {
        "_path": "Lib/site-packages/setuptools/cli-32.exe",
        "path_type": "hardlink",
        "sha256": "75f12ea2f30d9c0d872dade345f30f562e6d93847b6a509ba53beec6d0b2c346",
        "sha256_in_prefix": "75f12ea2f30d9c0d872dade345f30f562e6d93847b6a509ba53beec6d0b2c346",
        "size_in_bytes": 65536
      },
      {
        "_path": "Lib/site-packages/setuptools/cli-64.exe",
        "path_type": "hardlink",
        "sha256": "28b001bb9a72ae7a24242bfab248d767a1ac5dec981c672a3944f7a072375e9a",
        "sha256_in_prefix": "28b001bb9a72ae7a24242bfab248d767a1ac5dec981c672a3944f7a072375e9a",
        "size_in_bytes": 74752
      },
      {
        "_path": "Lib/site-packages/setuptools/cli.exe",
        "path_type": "hardlink",
        "sha256": "75f12ea2f30d9c0d872dade345f30f562e6d93847b6a509ba53beec6d0b2c346",
        "sha256_in_prefix": "75f12ea2f30d9c0d872dade345f30f562e6d93847b6a509ba53beec6d0b2c346",
        "size_in_bytes": 65536
      },
      {
        "_path": "Lib/site-packages/setuptools/command/__init__.py",
        "path_type": "hardlink",
        "sha256": "356cc9d00d4111e9e066955ea94c962cd9b66e4e0fdc5e222f941412b1f2ee40",
        "sha256_in_prefix": "356cc9d00d4111e9e066955ea94c962cd9b66e4e0fdc5e222f941412b1f2ee40",
        "size_in_bytes": 594
      },
      {
        "_path": "Lib/site-packages/setuptools/command/__init__.pyc",
        "path_type": "hardlink",
        "sha256": "9c7c2df0b92c9cc58809102255861c5561644de82f78dbaf6d734fc66f6aa57a",
        "sha256_in_prefix": "9c7c2df0b92c9cc58809102255861c5561644de82f78dbaf6d734fc66f6aa57a",
        "size_in_bytes": 867
      },
      {
        "_path": "Lib/site-packages/setuptools/command/alias.py",
        "path_type": "hardlink",
        "sha256": "2a3a44d2ccff483207bf77e965c2102beb02909cfe4ab0ba1a6ba0e9bf4d91cf",
        "sha256_in_prefix": "2a3a44d2ccff483207bf77e965c2102beb02909cfe4ab0ba1a6ba0e9bf4d91cf",
        "size_in_bytes": 2426
      },
      {
        "_path": "Lib/site-packages/setuptools/command/alias.pyc",
        "path_type": "hardlink",
        "sha256": "816c969ac5bdd40050537dd28c66b2ba536a5d77093f79a6ae6d729784a85988",
        "sha256_in_prefix": "816c969ac5bdd40050537dd28c66b2ba536a5d77093f79a6ae6d729784a85988",
        "size_in_bytes": 2993
      },
      {
        "_path": "Lib/site-packages/setuptools/command/bdist_egg.py",
        "path_type": "hardlink",
        "sha256": "6def88069af5ce14bd8ba1a328034983391b1f70a122675663b4be8f4af604af",
        "sha256_in_prefix": "6def88069af5ce14bd8ba1a328034983391b1f70a122675663b4be8f4af604af",
        "size_in_bytes": 18167
      },
      {
        "_path": "Lib/site-packages/setuptools/command/bdist_egg.pyc",
        "path_type": "hardlink",
        "sha256": "31f15895dd28f9f097a8f5346b7f39e0609febf7bc1882a7276c0ee26d88b082",
        "sha256_in_prefix": "31f15895dd28f9f097a8f5346b7f39e0609febf7bc1882a7276c0ee26d88b082",
        "size_in_bytes": 17990
      },
      {
        "_path": "Lib/site-packages/setuptools/command/bdist_rpm.py",
        "path_type": "hardlink",
        "sha256": "07b9744e7cc219bfb49cb966eab4b4d2358b9288c04b05667615b6c39433fc09",
        "sha256_in_prefix": "07b9744e7cc219bfb49cb966eab4b4d2358b9288c04b05667615b6c39433fc09",
        "size_in_bytes": 1508
      },
      {
        "_path": "Lib/site-packages/setuptools/command/bdist_rpm.pyc",
        "path_type": "hardlink",
        "sha256": "2c131ba794d72c64cb4ee808ef79785ffd719db2d549d0bcf0fe057092afbb38",
        "sha256_in_prefix": "2c131ba794d72c64cb4ee808ef79785ffd719db2d549d0bcf0fe057092afbb38",
        "size_in_bytes": 1854
      },
      {
        "_path": "Lib/site-packages/setuptools/command/bdist_wininst.py",
        "path_type": "hardlink",
        "sha256": "ffa773de5a41d6d636d342f128f2cceea8304c271e38c81a58517e8d6dbea66d",
        "sha256_in_prefix": "ffa773de5a41d6d636d342f128f2cceea8304c271e38c81a58517e8d6dbea66d",
        "size_in_bytes": 637
      },
      {
        "_path": "Lib/site-packages/setuptools/command/bdist_wininst.pyc",
        "path_type": "hardlink",
        "sha256": "1886a6383e4fc014d1b45a786b2c547fb801800c287f66a738d83591fb660a7f",
        "sha256_in_prefix": "1886a6383e4fc014d1b45a786b2c547fb801800c287f66a738d83591fb660a7f",
        "size_in_bytes": 1131
      },
      {
        "_path": "Lib/site-packages/setuptools/command/build_clib.py",
        "path_type": "hardlink",
        "sha256": "6d0f5a06bfb96523bef5f1ac1ac0cbcf49a79c5b5e1d46677ed54b921bc70ead",
        "sha256_in_prefix": "6d0f5a06bfb96523bef5f1ac1ac0cbcf49a79c5b5e1d46677ed54b921bc70ead",
        "size_in_bytes": 4484
      },
      {
        "_path": "Lib/site-packages/setuptools/command/build_clib.pyc",
        "path_type": "hardlink",
        "sha256": "8abd17aecce85d61b635441e8c7b5d26fa9a7b314700ec3afe243b200f998335",
        "sha256_in_prefix": "8abd17aecce85d61b635441e8c7b5d26fa9a7b314700ec3afe243b200f998335",
        "size_in_bytes": 2799
      },
      {
        "_path": "Lib/site-packages/setuptools/command/build_ext.py",
        "path_type": "hardlink",
        "sha256": "f3509382caa3063365fc73a0089d65439befd4d20cdd1069728546a6a4f83753",
        "sha256_in_prefix": "f3509382caa3063365fc73a0089d65439befd4d20cdd1069728546a6a4f83753",
        "size_in_bytes": 12897
      },
      {
        "_path": "Lib/site-packages/setuptools/command/build_ext.pyc",
        "path_type": "hardlink",
        "sha256": "34a8f0d6d4a0e6b3c18751d636eb035025d29bf636c6615751949ecc48fc7a85",
        "sha256_in_prefix": "34a8f0d6d4a0e6b3c18751d636eb035025d29bf636c6615751949ecc48fc7a85",
        "size_in_bytes": 11796
      },
      {
        "_path": "Lib/site-packages/setuptools/command/build_py.py",
        "path_type": "hardlink",
        "sha256": "c96c9869a4bd177a3d25b21cce7d3ae00e60d42e7f5222910f119a4ea61bb4b1",
        "sha256_in_prefix": "c96c9869a4bd177a3d25b21cce7d3ae00e60d42e7f5222910f119a4ea61bb4b1",
        "size_in_bytes": 9596
      },
      {
        "_path": "Lib/site-packages/setuptools/command/build_py.pyc",
        "path_type": "hardlink",
        "sha256": "20a92255f403492e04bb7da2b790094e86ef03937adf54d3287a78d26fb56ee7",
        "sha256_in_prefix": "20a92255f403492e04bb7da2b790094e86ef03937adf54d3287a78d26fb56ee7",
        "size_in_bytes": 10307
      },
      {
        "_path": "Lib/site-packages/setuptools/command/develop.py",
        "path_type": "hardlink",
        "sha256": "4a5d6230e3916c09e9e41aa25e6c8c043d2ebaf1278527ce0aa6f120f46224f7",
        "sha256_in_prefix": "4a5d6230e3916c09e9e41aa25e6c8c043d2ebaf1278527ce0aa6f120f46224f7",
        "size_in_bytes": 8060
      },
      {
        "_path": "Lib/site-packages/setuptools/command/develop.pyc",
        "path_type": "hardlink",
        "sha256": "107596e5fd61a0c097c430aa5cd60dea58b75b179ba2d0631b9df0b222a2bb4d",
        "sha256_in_prefix": "107596e5fd61a0c097c430aa5cd60dea58b75b179ba2d0631b9df0b222a2bb4d",
        "size_in_bytes": 7716
      },
      {
        "_path": "Lib/site-packages/setuptools/command/dist_info.py",
        "path_type": "hardlink",
        "sha256": "e6dea439fadd8002d3f8fde882cb3a3c5f64f8b7b27acb9ec9cba4ddd5326672",
        "sha256_in_prefix": "e6dea439fadd8002d3f8fde882cb3a3c5f64f8b7b27acb9ec9cba4ddd5326672",
        "size_in_bytes": 960
      },
      {
        "_path": "Lib/site-packages/setuptools/command/dist_info.pyc",
        "path_type": "hardlink",
        "sha256": "c6dd0e92c15a320f10025d12fe706d5938e4abc33dba517e4f2e02f23bdec1da",
        "sha256_in_prefix": "c6dd0e92c15a320f10025d12fe706d5938e4abc33dba517e4f2e02f23bdec1da",
        "size_in_bytes": 1724
      },
      {
        "_path": "Lib/site-packages/setuptools/command/easy_install.py",
        "path_type": "hardlink",
        "sha256": "b5e970c3b0ae3eca13b6f96963e92d9d9193f39719eb11821996b4bc7bc527e4",
        "sha256_in_prefix": "b5e970c3b0ae3eca13b6f96963e92d9d9193f39719eb11821996b4bc7bc527e4",
        "size_in_bytes": 87273
      },
      {
        "_path": "Lib/site-packages/setuptools/command/easy_install.pyc",
        "path_type": "hardlink",
        "sha256": "5e564458ccd6d472cbf94b67e44ef2ca1b0551bb0833a7a644cf7a26312ab2c1",
        "sha256_in_prefix": "5e564458ccd6d472cbf94b67e44ef2ca1b0551bb0833a7a644cf7a26312ab2c1",
        "size_in_bytes": 78728
      },
      {
        "_path": "Lib/site-packages/setuptools/command/egg_info.py",
        "path_type": "hardlink",
        "sha256": "de5b2e4c74058e6030eac97346b0771e32e21764da226a561d11259403e1caff",
        "sha256_in_prefix": "de5b2e4c74058e6030eac97346b0771e32e21764da226a561d11259403e1caff",
        "size_in_bytes": 25541
      },
      {
        "_path": "Lib/site-packages/setuptools/command/egg_info.pyc",
        "path_type": "hardlink",
        "sha256": "e29b305146e17fa02055b6455778a591cfd60262d48b788dc77b8ddd859dee2a",
        "sha256_in_prefix": "e29b305146e17fa02055b6455778a591cfd60262d48b788dc77b8ddd859dee2a",
        "size_in_bytes": 25874
      },
      {
        "_path": "Lib/site-packages/setuptools/command/install.py",
        "path_type": "hardlink",
        "sha256": "6b4119a4bfc0f3ae8a11d86271319bbb20ff4d8975b3291fcddaeb8becdacd3e",
        "sha256_in_prefix": "6b4119a4bfc0f3ae8a11d86271319bbb20ff4d8975b3291fcddaeb8becdacd3e",
        "size_in_bytes": 4683
      },
      {
        "_path": "Lib/site-packages/setuptools/command/install.pyc",
        "path_type": "hardlink",
        "sha256": "144a3facdc2feb1e222db00cbac2375e5fcd6b0dd2ccc958c727eed4edbf45f4",
        "sha256_in_prefix": "144a3facdc2feb1e222db00cbac2375e5fcd6b0dd2ccc958c727eed4edbf45f4",
        "size_in_bytes": 4803
      },
      {
        "_path": "Lib/site-packages/setuptools/command/install_egg_info.py",
        "path_type": "hardlink",
        "sha256": "6cc81e21e4625f34380c018f575df6f24723c108c78ce594e059e00162d5efc4",
        "sha256_in_prefix": "6cc81e21e4625f34380c018f575df6f24723c108c78ce594e059e00162d5efc4",
        "size_in_bytes": 2203
      },
      {
        "_path": "Lib/site-packages/setuptools/command/install_egg_info.pyc",
        "path_type": "hardlink",
        "sha256": "93d20e6a6c24b2650aa92a84797b87e38f9057a441793192e29aa34eb7146783",
        "sha256_in_prefix": "93d20e6a6c24b2650aa92a84797b87e38f9057a441793192e29aa34eb7146783",
        "size_in_bytes": 3065
      },
      {
        "_path": "Lib/site-packages/setuptools/command/install_lib.py",
        "path_type": "hardlink",
        "sha256": "d759b17f40a1d7636cb98c12f0f1f05c146fca1ebbd5000ce1c4d187b7a9cc6d",
        "sha256_in_prefix": "d759b17f40a1d7636cb98c12f0f1f05c146fca1ebbd5000ce1c4d187b7a9cc6d",
        "size_in_bytes": 3840
      },
      {
        "_path": "Lib/site-packages/setuptools/command/install_lib.pyc",
        "path_type": "hardlink",
        "sha256": "add9ce5ed2f0277c3a5db78e82ba0bdc548073c5c5d9df6f8ab7d0b0cd0483d0",
        "sha256_in_prefix": "add9ce5ed2f0277c3a5db78e82ba0bdc548073c5c5d9df6f8ab7d0b0cd0483d0",
        "size_in_bytes": 4690
      },
      {
        "_path": "Lib/site-packages/setuptools/command/install_scripts.py",
        "path_type": "hardlink",
        "sha256": "503d2b119ebceb599362121dcdcb2a2a7525f0fa33a1c5d697d5414355535a77",
        "sha256_in_prefix": "503d2b119ebceb599362121dcdcb2a2a7525f0fa33a1c5d697d5414355535a77",
        "size_in_bytes": 2439
      },
      {
        "_path": "Lib/site-packages/setuptools/command/install_scripts.pyc",
        "path_type": "hardlink",
        "sha256": "3bc314b40d266990b782f482597cd2dfdb263f55795438e9ddfabb344c316563",
        "sha256_in_prefix": "3bc314b40d266990b782f482597cd2dfdb263f55795438e9ddfabb344c316563",
        "size_in_bytes": 2816
      },
      {
        "_path": "Lib/site-packages/setuptools/command/launcher manifest.xml",
        "path_type": "hardlink",
        "sha256": "c652db8d6ac1d35b4a0b4fa195590e2a48923dbccc9a5d9e38fb49fee7029db1",
        "sha256_in_prefix": "c652db8d6ac1d35b4a0b4fa195590e2a48923dbccc9a5d9e38fb49fee7029db1",
        "size_in_bytes": 628
      },
      {
        "_path": "Lib/site-packages/setuptools/command/py36compat.py",
        "path_type": "hardlink",
        "sha256": "4b38d970ec45ef3745513e3b66fda7ec03371fc9280f2b3fd0ea52fa7f6021f7",
        "sha256_in_prefix": "4b38d970ec45ef3745513e3b66fda7ec03371fc9280f2b3fd0ea52fa7f6021f7",
        "size_in_bytes": 4986
      },
      {
        "_path": "Lib/site-packages/setuptools/command/py36compat.pyc",
        "path_type": "hardlink",
        "sha256": "ccc2d00c7f698165a222e24a483eff43789265fb770b26583dc49e125e3e66b4",
        "sha256_in_prefix": "ccc2d00c7f698165a222e24a483eff43789265fb770b26583dc49e125e3e66b4",
        "size_in_bytes": 5370
      },
      {
        "_path": "Lib/site-packages/setuptools/command/register.py",
        "path_type": "hardlink",
        "sha256": "2cedccbd828f13c74dd66f8a92b0511c2ebc645a0fbc0fef23c5e0a7bbefeb32",
        "sha256_in_prefix": "2cedccbd828f13c74dd66f8a92b0511c2ebc645a0fbc0fef23c5e0a7bbefeb32",
        "size_in_bytes": 534
      },
      {
        "_path": "Lib/site-packages/setuptools/command/register.pyc",
        "path_type": "hardlink",
        "sha256": "028c826f6162cec3694d39fae3119edae247c74debd620214d588cc681d14e6d",
        "sha256_in_prefix": "028c826f6162cec3694d39fae3119edae247c74debd620214d588cc681d14e6d",
        "size_in_bytes": 873
      },
      {
        "_path": "Lib/site-packages/setuptools/command/rotate.py",
        "path_type": "hardlink",
        "sha256": "728e42d44908ecfd06193e93ab3f93d92223d8b0494d95d810ba666a8e9de0a4",
        "sha256_in_prefix": "728e42d44908ecfd06193e93ab3f93d92223d8b0494d95d810ba666a8e9de0a4",
        "size_in_bytes": 2164
      },
      {
        "_path": "Lib/site-packages/setuptools/command/rotate.pyc",
        "path_type": "hardlink",
        "sha256": "dda0f5397f0c7a1fd4f26f4e17d1c82c2784f6fce55d930c56b5b17d28f96597",
        "sha256_in_prefix": "dda0f5397f0c7a1fd4f26f4e17d1c82c2784f6fce55d930c56b5b17d28f96597",
        "size_in_bytes": 2961
      },
      {
        "_path": "Lib/site-packages/setuptools/command/saveopts.py",
        "path_type": "hardlink",
        "sha256": "cdaed00817108a628aae259ca0271b8713e3533df481207be33b932f8ef1a4fe",
        "sha256_in_prefix": "cdaed00817108a628aae259ca0271b8713e3533df481207be33b932f8ef1a4fe",
        "size_in_bytes": 658
      },
      {
        "_path": "Lib/site-packages/setuptools/command/saveopts.pyc",
        "path_type": "hardlink",
        "sha256": "61f6ecc31173bb7b531d6b846997015a4abfaffa4ca7ff2708d7f0e63a38b962",
        "sha256_in_prefix": "61f6ecc31173bb7b531d6b846997015a4abfaffa4ca7ff2708d7f0e63a38b962",
        "size_in_bytes": 1084
      },
      {
        "_path": "Lib/site-packages/setuptools/command/sdist.py",
        "path_type": "hardlink",
        "sha256": "a1b0d37b60665add8f96714f65987b7b42d6bde984b1b0823bd33386b4d98e6f",
        "sha256_in_prefix": "a1b0d37b60665add8f96714f65987b7b42d6bde984b1b0823bd33386b4d98e6f",
        "size_in_bytes": 6711
      },
      {
        "_path": "Lib/site-packages/setuptools/command/sdist.pyc",
        "path_type": "hardlink",
        "sha256": "59553747ae45d52d4c0be79bada27e22434ff464a460dfa67f435af7a27c70b7",
        "sha256_in_prefix": "59553747ae45d52d4c0be79bada27e22434ff464a460dfa67f435af7a27c70b7",
        "size_in_bytes": 7568
      },
      {
        "_path": "Lib/site-packages/setuptools/command/setopt.py",
        "path_type": "hardlink",
        "sha256": "353583cb1fa08c317eb717f874ee7beececb3b31d5a0a47432adf7ac5c5a46bf",
        "sha256_in_prefix": "353583cb1fa08c317eb717f874ee7beececb3b31d5a0a47432adf7ac5c5a46bf",
        "size_in_bytes": 5085
      },
      {
        "_path": "Lib/site-packages/setuptools/command/setopt.pyc",
        "path_type": "hardlink",
        "sha256": "594a7097e5a20c9495447ed801424f7a0dc0695c54c535f0e16338936ea78b57",
        "sha256_in_prefix": "594a7097e5a20c9495447ed801424f7a0dc0695c54c535f0e16338936ea78b57",
        "size_in_bytes": 5900
      },
      {
        "_path": "Lib/site-packages/setuptools/command/test.py",
        "path_type": "hardlink",
        "sha256": "7d29793ac6564a6151dd0251bf2cb63b16dc624b8890fbf291634e845bc07140",
        "sha256_in_prefix": "7d29793ac6564a6151dd0251bf2cb63b16dc624b8890fbf291634e845bc07140",
        "size_in_bytes": 9228
      },
      {
        "_path": "Lib/site-packages/setuptools/command/test.pyc",
        "path_type": "hardlink",
        "sha256": "c933c035d839e1281ef6a292c370e6584b40349fa73e7a2d00e4acddc8f00350",
        "sha256_in_prefix": "c933c035d839e1281ef6a292c370e6584b40349fa73e7a2d00e4acddc8f00350",
        "size_in_bytes": 10170
      },
      {
        "_path": "Lib/site-packages/setuptools/command/upload.py",
        "path_type": "hardlink",
        "sha256": "0694028cab496789046f4a883a24e3949b5ba5aa6635a702dbb9c6d99952c536",
        "sha256_in_prefix": "0694028cab496789046f4a883a24e3949b5ba5aa6635a702dbb9c6d99952c536",
        "size_in_bytes": 6825
      },
      {
        "_path": "Lib/site-packages/setuptools/command/upload.pyc",
        "path_type": "hardlink",
        "sha256": "339238c01281058e0c904660db81e05731f6ad61a07d3b4f3e1405e91a36d09c",
        "sha256_in_prefix": "339238c01281058e0c904660db81e05731f6ad61a07d3b4f3e1405e91a36d09c",
        "size_in_bytes": 6373
      },
      {
        "_path": "Lib/site-packages/setuptools/command/upload_docs.py",
        "path_type": "hardlink",
        "sha256": "a17886a6533f71428bc04e02596c3df11cc2b9f02ef2d061302f7b19e805726b",
        "sha256_in_prefix": "a17886a6533f71428bc04e02596c3df11cc2b9f02ef2d061302f7b19e805726b",
        "size_in_bytes": 7311
      },
      {
        "_path": "Lib/site-packages/setuptools/command/upload_docs.pyc",
        "path_type": "hardlink",
        "sha256": "296bc989cbe1b637aed75003bbca1b3cdc7031b66458ee46b9c90009f7c52da6",
        "sha256_in_prefix": "296bc989cbe1b637aed75003bbca1b3cdc7031b66458ee46b9c90009f7c52da6",
        "size_in_bytes": 7677
      },
      {
        "_path": "Lib/site-packages/setuptools/config.py",
        "path_type": "hardlink",
        "sha256": "9c29332104564e9570bed4a5166d6439e48b30c1d7981ee110dc706544fa5fd4",
        "sha256_in_prefix": "9c29332104564e9570bed4a5166d6439e48b30c1d7981ee110dc706544fa5fd4",
        "size_in_bytes": 19751
      },
      {
        "_path": "Lib/site-packages/setuptools/config.pyc",
        "path_type": "hardlink",
        "sha256": "3a96256386f4de8c984fb262c6cdae5a4e936b9231d45d541f37d9d71fcb7b09",
        "sha256_in_prefix": "3a96256386f4de8c984fb262c6cdae5a4e936b9231d45d541f37d9d71fcb7b09",
        "size_in_bytes": 19203
      },
      {
        "_path": "Lib/site-packages/setuptools/dep_util.py",
        "path_type": "hardlink",
        "sha256": "7e08b1bc2d51eec1f7af5de4b727fb3741402e8a845cbd5c05aae6369484a168",
        "sha256_in_prefix": "7e08b1bc2d51eec1f7af5de4b727fb3741402e8a845cbd5c05aae6369484a168",
        "size_in_bytes": 935
      },
      {
        "_path": "Lib/site-packages/setuptools/dep_util.pyc",
        "path_type": "hardlink",
        "sha256": "0a6404b482fd96581faa45336ec99bd172de0ebd3da224abafda18a8a9cce8ab",
        "sha256_in_prefix": "0a6404b482fd96581faa45336ec99bd172de0ebd3da224abafda18a8a9cce8ab",
        "size_in_bytes": 935
      },
      {
        "_path": "Lib/site-packages/setuptools/depends.py",
        "path_type": "hardlink",
        "sha256": "842f1020370cdd50e9457bd1540e8e7cbf406907f1be1c4770dff0eac03236af",
        "sha256_in_prefix": "842f1020370cdd50e9457bd1540e8e7cbf406907f1be1c4770dff0eac03236af",
        "size_in_bytes": 5837
      },
      {
        "_path": "Lib/site-packages/setuptools/depends.pyc",
        "path_type": "hardlink",
        "sha256": "d1b5f3c4eb2793f06b0f6316d7fb83c11c2fceb9a0a4cc50d15c3243c93cf42e",
        "sha256_in_prefix": "d1b5f3c4eb2793f06b0f6316d7fb83c11c2fceb9a0a4cc50d15c3243c93cf42e",
        "size_in_bytes": 6303
      },
      {
        "_path": "Lib/site-packages/setuptools/dist.py",
        "path_type": "hardlink",
        "sha256": "1f24582e53e9fe091c9ef41ff28d51b06abdf4bb608407807f15b16dfe342b10",
        "sha256_in_prefix": "1f24582e53e9fe091c9ef41ff28d51b06abdf4bb608407807f15b16dfe342b10",
        "size_in_bytes": 44675
      },
      {
        "_path": "Lib/site-packages/setuptools/dist.pyc",
        "path_type": "hardlink",
        "sha256": "902add2da42428b4d94b35afa3478034ffb15bd588372c1af545c152eabb710a",
        "sha256_in_prefix": "902add2da42428b4d94b35afa3478034ffb15bd588372c1af545c152eabb710a",
        "size_in_bytes": 42672
      },
      {
        "_path": "Lib/site-packages/setuptools/extension.py",
        "path_type": "hardlink",
        "sha256": "b9cea71c8f8cc7098d08d3db522067c9b4b2aa1a49aa36e1bce43e7a676fb7f1",
        "sha256_in_prefix": "b9cea71c8f8cc7098d08d3db522067c9b4b2aa1a49aa36e1bce43e7a676fb7f1",
        "size_in_bytes": 1729
      },
      {
        "_path": "Lib/site-packages/setuptools/extension.pyc",
        "path_type": "hardlink",
        "sha256": "15a5f05ddf0e6dad07c56275e0c267cd4492994aa9e96246950704cdb4bd6346",
        "sha256_in_prefix": "15a5f05ddf0e6dad07c56275e0c267cd4492994aa9e96246950704cdb4bd6346",
        "size_in_bytes": 2328
      },
      {
        "_path": "Lib/site-packages/setuptools/extern/__init__.py",
        "path_type": "hardlink",
        "sha256": "4f178d2853127c1333069043887c7c0e1dd1cec7559af59a5e1b59d370d932cd",
        "sha256_in_prefix": "4f178d2853127c1333069043887c7c0e1dd1cec7559af59a5e1b59d370d932cd",
        "size_in_bytes": 2499
      },
      {
        "_path": "Lib/site-packages/setuptools/extern/__init__.pyc",
        "path_type": "hardlink",
        "sha256": "6c6ff872cfd293d2b05b8860c530a4061abe4fe8240a1f430e3af672dd5c4ddd",
        "sha256_in_prefix": "6c6ff872cfd293d2b05b8860c530a4061abe4fe8240a1f430e3af672dd5c4ddd",
        "size_in_bytes": 2819
      },
      {
        "_path": "Lib/site-packages/setuptools/glibc.py",
        "path_type": "hardlink",
        "sha256": "5fae15bc63cbd806d444ac1846c5893975c60183a217fbf6aa2c5e4e40142ee5",
        "sha256_in_prefix": "5fae15bc63cbd806d444ac1846c5893975c60183a217fbf6aa2c5e4e40142ee5",
        "size_in_bytes": 3146
      },
      {
        "_path": "Lib/site-packages/setuptools/glibc.pyc",
        "path_type": "hardlink",
        "sha256": "1ea2159b9cff9331911f816d6abb73715e6b88f3d1fb494f17e08926d5c65477",
        "sha256_in_prefix": "1ea2159b9cff9331911f816d6abb73715e6b88f3d1fb494f17e08926d5c65477",
        "size_in_bytes": 1885
      },
      {
        "_path": "Lib/site-packages/setuptools/glob.py",
        "path_type": "hardlink",
        "sha256": "a3be5c1eb3b162cbe7f39e2d852c44d31f64f09aca0ee84ffeb457955074d10e",
        "sha256_in_prefix": "a3be5c1eb3b162cbe7f39e2d852c44d31f64f09aca0ee84ffeb457955074d10e",
        "size_in_bytes": 5084
      },
      {
        "_path": "Lib/site-packages/setuptools/glob.pyc",
        "path_type": "hardlink",
        "sha256": "7417da9d104442cdf042e1dcd733b9306999cf86f8c0f57192d7f3ebe0d4cec3",
        "sha256_in_prefix": "7417da9d104442cdf042e1dcd733b9306999cf86f8c0f57192d7f3ebe0d4cec3",
        "size_in_bytes": 4552
      },
      {
        "_path": "Lib/site-packages/setuptools/gui-32.exe",
        "path_type": "hardlink",
        "sha256": "5c1af46c7300e87a73dacf6cf41ce397e3f05df6bd9c7e227b4ac59f85769160",
        "sha256_in_prefix": "5c1af46c7300e87a73dacf6cf41ce397e3f05df6bd9c7e227b4ac59f85769160",
        "size_in_bytes": 65536
      },
      {
        "_path": "Lib/site-packages/setuptools/gui-64.exe",
        "path_type": "hardlink",
        "sha256": "69828c857d4824b9f850b1e0597d2c134c91114b7a0774c41dffe33b0eb23721",
        "sha256_in_prefix": "69828c857d4824b9f850b1e0597d2c134c91114b7a0774c41dffe33b0eb23721",
        "size_in_bytes": 75264
      },
      {
        "_path": "Lib/site-packages/setuptools/gui.exe",
        "path_type": "hardlink",
        "sha256": "5c1af46c7300e87a73dacf6cf41ce397e3f05df6bd9c7e227b4ac59f85769160",
        "sha256_in_prefix": "5c1af46c7300e87a73dacf6cf41ce397e3f05df6bd9c7e227b4ac59f85769160",
        "size_in_bytes": 65536
      },
      {
        "_path": "Lib/site-packages/setuptools/launch.py",
        "path_type": "hardlink",
        "sha256": "b1dede8f0841a1c083c7fc06f6b22cd0e699f07b6698553c642e8847f4b42ef8",
        "sha256_in_prefix": "b1dede8f0841a1c083c7fc06f6b22cd0e699f07b6698553c642e8847f4b42ef8",
        "size_in_bytes": 787
      },
      {
        "_path": "Lib/site-packages/setuptools/launch.pyc",
        "path_type": "hardlink",
        "sha256": "2f19415cc1d7ea47bf5edbe31c2ac7f9221332900838abb599dd843b52900a36",
        "sha256_in_prefix": "2f19415cc1d7ea47bf5edbe31c2ac7f9221332900838abb599dd843b52900a36",
        "size_in_bytes": 970
      },
      {
        "_path": "Lib/site-packages/setuptools/lib2to3_ex.py",
        "path_type": "hardlink",
        "sha256": "b797b5da16d1da98bd5787b35834c1e0933e0084949c63a499c9d81de937c638",
        "sha256_in_prefix": "b797b5da16d1da98bd5787b35834c1e0933e0084949c63a499c9d81de937c638",
        "size_in_bytes": 2013
      },
      {
        "_path": "Lib/site-packages/setuptools/lib2to3_ex.pyc",
        "path_type": "hardlink",
        "sha256": "1361095ac691faec1d0f662ca3aadb06d1ccfc1513e8ba5fb8854d1bda88c67c",
        "sha256_in_prefix": "1361095ac691faec1d0f662ca3aadb06d1ccfc1513e8ba5fb8854d1bda88c67c",
        "size_in_bytes": 2869
      },
      {
        "_path": "Lib/site-packages/setuptools/monkey.py",
        "path_type": "hardlink",
        "sha256": "14673d7df7e1ee003130b16626cd835bf3985a906391d6cd4b69f5e1400ae0d0",
        "sha256_in_prefix": "14673d7df7e1ee003130b16626cd835bf3985a906391d6cd4b69f5e1400ae0d0",
        "size_in_bytes": 5264
      },
      {
        "_path": "Lib/site-packages/setuptools/monkey.pyc",
        "path_type": "hardlink",
        "sha256": "55938e5ff2040024e7096897a8e4de55bef794d4cac3196cd21286e88bd898f2",
        "sha256_in_prefix": "55938e5ff2040024e7096897a8e4de55bef794d4cac3196cd21286e88bd898f2",
        "size_in_bytes": 5623
      },
      {
        "_path": "Lib/site-packages/setuptools/msvc.py",
        "path_type": "hardlink",
        "sha256": "bae445699ce326de45bf7666c8a514b8bb63c75dbff06f5120b8a019e7388ab2",
        "sha256_in_prefix": "bae445699ce326de45bf7666c8a514b8bb63c75dbff06f5120b8a019e7388ab2",
        "size_in_bytes": 40838
      },
      {
        "_path": "Lib/site-packages/setuptools/msvc.pyc",
        "path_type": "hardlink",
        "sha256": "214ed75b11f50c3077023b3b4c6be0cb356b8da9804f47d736d897bcc6aae143",
        "sha256_in_prefix": "214ed75b11f50c3077023b3b4c6be0cb356b8da9804f47d736d897bcc6aae143",
        "size_in_bytes": 39125
      },
      {
        "_path": "Lib/site-packages/setuptools/namespaces.py",
        "path_type": "hardlink",
        "sha256": "17436b6eff0a093d8eaceeebc1ad37a26e0de0664a0259dc7beaebf9c80341af",
        "sha256_in_prefix": "17436b6eff0a093d8eaceeebc1ad37a26e0de0664a0259dc7beaebf9c80341af",
        "size_in_bytes": 3199
      },
      {
        "_path": "Lib/site-packages/setuptools/namespaces.pyc",
        "path_type": "hardlink",
        "sha256": "31a314a75f4f045d3d7fcdd0ac47cb6adf591438d177d6bf45e09ae9f68b3bd9",
        "sha256_in_prefix": "31a314a75f4f045d3d7fcdd0ac47cb6adf591438d177d6bf45e09ae9f68b3bd9",
        "size_in_bytes": 4853
      },
      {
        "_path": "Lib/site-packages/setuptools/package_index.py",
        "path_type": "hardlink",
        "sha256": "42185e8144f37bcc46b740cf59f79e07bf7cc0c97bb3a511fc8cab9cf0d90d9c",
        "sha256_in_prefix": "42185e8144f37bcc46b740cf59f79e07bf7cc0c97bb3a511fc8cab9cf0d90d9c",
        "size_in_bytes": 40562
      },
      {
        "_path": "Lib/site-packages/setuptools/package_index.pyc",
        "path_type": "hardlink",
        "sha256": "93e2a5efa673a27c1ff1fe6023378c24f9de84a82e1613e3f135bded52963e46",
        "sha256_in_prefix": "93e2a5efa673a27c1ff1fe6023378c24f9de84a82e1613e3f135bded52963e46",
        "size_in_bytes": 39104
      },
      {
        "_path": "Lib/site-packages/setuptools/pep425tags.py",
        "path_type": "hardlink",
        "sha256": "6d21b09726dc229b2cc7d900bff86a0142737c4a574b3611a76bbe9c360f75b9",
        "sha256_in_prefix": "6d21b09726dc229b2cc7d900bff86a0142737c4a574b3611a76bbe9c360f75b9",
        "size_in_bytes": 10862
      },
      {
        "_path": "Lib/site-packages/setuptools/pep425tags.pyc",
        "path_type": "hardlink",
        "sha256": "2fe27308ffbec3c275424a2128c22f37eb8995186234b67709daa065d5a8e5c1",
        "sha256_in_prefix": "2fe27308ffbec3c275424a2128c22f37eb8995186234b67709daa065d5a8e5c1",
        "size_in_bytes": 9100
      },
      {
        "_path": "Lib/site-packages/setuptools/py27compat.py",
        "path_type": "hardlink",
        "sha256": "de6c3144c0e4e50e4ed6b49738445b4035e116ac032618548ad7cc5bfaa9502a",
        "sha256_in_prefix": "de6c3144c0e4e50e4ed6b49738445b4035e116ac032618548ad7cc5bfaa9502a",
        "size_in_bytes": 536
      },
      {
        "_path": "Lib/site-packages/setuptools/py27compat.pyc",
        "path_type": "hardlink",
        "sha256": "5fe3b3e1ef19661a98121cc6941a4e1d16144cbfebadc73f7de177cd84d6793b",
        "sha256_in_prefix": "5fe3b3e1ef19661a98121cc6941a4e1d16144cbfebadc73f7de177cd84d6793b",
        "size_in_bytes": 985
      },
      {
        "_path": "Lib/site-packages/setuptools/py31compat.py",
        "path_type": "hardlink",
        "sha256": "444beb50189b50782a23d4bec30d02f5b854fa7f0fc9a43c4a5af5fcd47169a1",
        "sha256_in_prefix": "444beb50189b50782a23d4bec30d02f5b854fa7f0fc9a43c4a5af5fcd47169a1",
        "size_in_bytes": 820
      },
      {
        "_path": "Lib/site-packages/setuptools/py31compat.pyc",
        "path_type": "hardlink",
        "sha256": "36ff1257a629f8d192c0efa53d4bd6b810d42c3af8461f2690579d59340ac8c3",
        "sha256_in_prefix": "36ff1257a629f8d192c0efa53d4bd6b810d42c3af8461f2690579d59340ac8c3",
        "size_in_bytes": 1353
      },
      {
        "_path": "Lib/site-packages/setuptools/py33compat.py",
        "path_type": "hardlink",
        "sha256": "3ae6e395d1c91f528613508ab7591153e439e6479fb474f779ad58a0bd1949ca",
        "sha256_in_prefix": "3ae6e395d1c91f528613508ab7591153e439e6479fb474f779ad58a0bd1949ca",
        "size_in_bytes": 1195
      },
      {
        "_path": "Lib/site-packages/setuptools/py33compat.pyc",
        "path_type": "hardlink",
        "sha256": "28f32c047890cdf936cbe61a2f1a79b841d528e36482c48d0c343f557686b695",
        "sha256_in_prefix": "28f32c047890cdf936cbe61a2f1a79b841d528e36482c48d0c343f557686b695",
        "size_in_bytes": 1686
      },
      {
        "_path": "Lib/site-packages/setuptools/py36compat.py",
        "path_type": "hardlink",
        "sha256": "5540d6c66bb9aede101e519346d005bba5b98ef7cbe960637830337a8072d0e3",
        "sha256_in_prefix": "5540d6c66bb9aede101e519346d005bba5b98ef7cbe960637830337a8072d0e3",
        "size_in_bytes": 2891
      },
      {
        "_path": "Lib/site-packages/setuptools/py36compat.pyc",
        "path_type": "hardlink",
        "sha256": "451424f9b3309869b34906124294b67fddff3787475b82a11a27ecd6c386efa0",
        "sha256_in_prefix": "451424f9b3309869b34906124294b67fddff3787475b82a11a27ecd6c386efa0",
        "size_in_bytes": 2787
      },
      {
        "_path": "Lib/site-packages/setuptools/sandbox.py",
        "path_type": "hardlink",
        "sha256": "f546f07c42f9418e37ea8308d4bb455a8861a19f94cf01ef1b2663507fea864c",
        "sha256_in_prefix": "f546f07c42f9418e37ea8308d4bb455a8861a19f94cf01ef1b2663507fea864c",
        "size_in_bytes": 14276
      },
      {
        "_path": "Lib/site-packages/setuptools/sandbox.pyc",
        "path_type": "hardlink",
        "sha256": "474d7faf8dbcbe69f186c7e23bcd41abce8da9703663617956bf5e019b22c9a8",
        "sha256_in_prefix": "474d7faf8dbcbe69f186c7e23bcd41abce8da9703663617956bf5e019b22c9a8",
        "size_in_bytes": 18090
      },
      {
        "_path": "Lib/site-packages/setuptools/script (dev).tmpl",
        "path_type": "hardlink",
        "sha256": "454cd0cc2414697b7074bb581d661b21098e6844b906baaad45bd403fb6efb92",
        "sha256_in_prefix": "454cd0cc2414697b7074bb581d661b21098e6844b906baaad45bd403fb6efb92",
        "size_in_bytes": 218
      },
      {
        "_path": "Lib/site-packages/setuptools/script.tmpl",
        "path_type": "hardlink",
        "sha256": "5864ede6989eccedbb73e0dbc7a9794384f715fdb4039cfbf3bda1bf76808586",
        "sha256_in_prefix": "5864ede6989eccedbb73e0dbc7a9794384f715fdb4039cfbf3bda1bf76808586",
        "size_in_bytes": 138
      },
      {
        "_path": "Lib/site-packages/setuptools/site-patch.py",
        "path_type": "hardlink",
        "sha256": "3ae9a420732ea127a74525b5dfcda4296235540c31344f3a1395bc883777e056",
        "sha256_in_prefix": "3ae9a420732ea127a74525b5dfcda4296235540c31344f3a1395bc883777e056",
        "size_in_bytes": 2302
      },
      {
        "_path": "Lib/site-packages/setuptools/site-patch.pyc",
        "path_type": "hardlink",
        "sha256": "a07b2ea83b1833762af77aa0bf718028c0fba9b99b0add642d2a74d387681ed8",
        "sha256_in_prefix": "a07b2ea83b1833762af77aa0bf718028c0fba9b99b0add642d2a74d387681ed8",
        "size_in_bytes": 1709
      },
      {
        "_path": "Lib/site-packages/setuptools/ssl_support.py",
        "path_type": "hardlink",
        "sha256": "6010c9b026634a9eb60968f19929247bd927f6b8471e3db90aeb3ace12515b77",
        "sha256_in_prefix": "6010c9b026634a9eb60968f19929247bd927f6b8471e3db90aeb3ace12515b77",
        "size_in_bytes": 8492
      },
      {
        "_path": "Lib/site-packages/setuptools/ssl_support.pyc",
        "path_type": "hardlink",
        "sha256": "537071544611390a55c440dd5b6363b93f496e46ac876fa5c3eb095900bcd06e",
        "sha256_in_prefix": "537071544611390a55c440dd5b6363b93f496e46ac876fa5c3eb095900bcd06e",
        "size_in_bytes": 8216
      },
      {
        "_path": "Lib/site-packages/setuptools/unicode_utils.py",
        "path_type": "hardlink",
        "sha256": "34e899ff9843ef603ac3ee30563f1ac0714cde7e752a6c3521cfefc75e5716ac",
        "sha256_in_prefix": "34e899ff9843ef603ac3ee30563f1ac0714cde7e752a6c3521cfefc75e5716ac",
        "size_in_bytes": 996
      },
      {
        "_path": "Lib/site-packages/setuptools/unicode_utils.pyc",
        "path_type": "hardlink",
        "sha256": "735e3038d7eaa64c8ec41e8dbd73bf15ebfa49f5a00b76932a4b6ec57401b4a2",
        "sha256_in_prefix": "735e3038d7eaa64c8ec41e8dbd73bf15ebfa49f5a00b76932a4b6ec57401b4a2",
        "size_in_bytes": 1412
      },
      {
        "_path": "Lib/site-packages/setuptools/version.py",
        "path_type": "hardlink",
        "sha256": "a20fdcb9941bd1023aba429915f6563e5af51e02413cf9f6bceda6fdb23d6531",
        "sha256_in_prefix": "a20fdcb9941bd1023aba429915f6563e5af51e02413cf9f6bceda6fdb23d6531",
        "size_in_bytes": 144
      },
      {
        "_path": "Lib/site-packages/setuptools/version.pyc",
        "path_type": "hardlink",
        "sha256": "5fbba0497f6f85ad2cf4af2085efd1ca06a40f50dfe9dca37e7be5881b4b9931",
        "sha256_in_prefix": "5fbba0497f6f85ad2cf4af2085efd1ca06a40f50dfe9dca37e7be5881b4b9931",
        "size_in_bytes": 307
      },
      {
        "_path": "Lib/site-packages/setuptools/wheel.py",
        "path_type": "hardlink",
        "sha256": "03c84a4aa1d667928cd3e54ffc3b69b71a4cc5517da50c235997071a4971ab6a",
        "sha256_in_prefix": "03c84a4aa1d667928cd3e54ffc3b69b71a4cc5517da50c235997071a4971ab6a",
        "size_in_bytes": 8102
      },
      {
        "_path": "Lib/site-packages/setuptools/wheel.pyc",
        "path_type": "hardlink",
        "sha256": "aa8a02c434fb64dbdb67ecd77d7c2c4d11c99e71a6027341c364f86d1158dffb",
        "sha256_in_prefix": "aa8a02c434fb64dbdb67ecd77d7c2c4d11c99e71a6027341c364f86d1158dffb",
        "size_in_bytes": 8565
      },
      {
        "_path": "Lib/site-packages/setuptools/windows_support.py",
        "path_type": "hardlink",
        "sha256": "e46adfa923f6f9d2c6268653ab683a7422a4c90c716b69f92108979490a86041",
        "sha256_in_prefix": "e46adfa923f6f9d2c6268653ab683a7422a4c90c716b69f92108979490a86041",
        "size_in_bytes": 714
      },
      {
        "_path": "Lib/site-packages/setuptools/windows_support.pyc",
        "path_type": "hardlink",
        "sha256": "08bd31cc0e8c5a1b66d28fd3c17d4b115ca6468f69c4734cedc605cd739ceecc",
        "sha256_in_prefix": "08bd31cc0e8c5a1b66d28fd3c17d4b115ca6468f69c4734cedc605cd739ceecc",
        "size_in_bytes": 1214
      },
      {
        "_path": "Scripts/easy_install-script.py",
        "path_type": "hardlink",
        "sha256": "faaf3209366cd175a77979bb1fffd70320cf58df3e5d59b8b3e9aa59276369d6",
        "sha256_in_prefix": "faaf3209366cd175a77979bb1fffd70320cf58df3e5d59b8b3e9aa59276369d6",
        "size_in_bytes": 225
      },
      {
        "_path": "Scripts/easy_install.exe",
        "path_type": "hardlink",
        "sha256": "993203a406e04936a07829b1f482fd27d739b640482e213f4c49ea1ee78a5fcf",
        "sha256_in_prefix": "993203a406e04936a07829b1f482fd27d739b640482e213f4c49ea1ee78a5fcf",
        "size_in_bytes": 40960
      }
    ],
    "paths_version": 1
  },
  "platform": "win32",
  "requested_spec": "None",
  "size": 624859,
  "subdir": "win-64",
  "timestamp": 1542114094805,
  "track_features": "",
  "url": "https://conda.anaconda.org/conda-forge/win-64/setuptools-40.6.2-py27_0.tar.bz2",
  "version": "40.6.2"
}