{
  "arch": "x86_64",
  "build": "py27_1001",
  "build_number": 1001,
  "channel": "https://conda.anaconda.org/conda-forge/win-64",
  "constrains": [],
  "depends": [
    "python >=2.7,<2.8.0a0"
  ],
  "extracted_package_dir": "C:\\Users\\Fabiano\\Anaconda2\\pkgs\\six-1.11.0-py27_1001",
  "features": "",
  "files": [
    "Lib/site-packages/six-1.11.0-py2.7.egg-info/PKG-INFO",
    "Lib/site-packages/six-1.11.0-py2.7.egg-info/SOURCES.txt",
    "Lib/site-packages/six-1.11.0-py2.7.egg-info/dependency_links.txt",
    "Lib/site-packages/six-1.11.0-py2.7.egg-info/installed-files.txt",
    "Lib/site-packages/six-1.11.0-py2.7.egg-info/top_level.txt",
    "Lib/site-packages/six.py",
    "Lib/site-packages/six.pyc"
  ],
  "fn": "six-1.11.0-py27_1001.tar.bz2",
  "license": "MIT",
  "license_family": "MIT",
  "link": {
    "source": "C:\\Users\\Fabiano\\Anaconda2\\pkgs\\six-1.11.0-py27_1001",
    "type": 1
  },
  "md5": "20ef3f9ca1156ffee5525389fd1d262a",
  "name": "six",
  "package_tarball_full_path": "C:\\Users\\Fabiano\\Anaconda2\\pkgs\\six-1.11.0-py27_1001.tar.bz2",
  "paths_data": {
    "paths": [
      {
        "_path": "Lib/site-packages/six-1.11.0-py2.7.egg-info/PKG-INFO",
        "path_type": "hardlink",
        "sha256": "3b65a99aea65ceca66aaca50a28a8da4c2bab855683ecdab0653c31b6a5dbb87",
        "sha256_in_prefix": "3b65a99aea65ceca66aaca50a28a8da4c2bab855683ecdab0653c31b6a5dbb87",
        "size_in_bytes": 1859
      },
      {
        "_path": "Lib/site-packages/six-1.11.0-py2.7.egg-info/SOURCES.txt",
        "path_type": "hardlink",
        "sha256": "0e5cf78d9cf118b109b87e8640636cebaedaa7bdc22a3be9fd6fcbe8ea43dc8e",
        "sha256_in_prefix": "0e5cf78d9cf118b109b87e8640636cebaedaa7bdc22a3be9fd6fcbe8ea43dc8e",
        "size_in_bytes": 253
      },
      {
        "_path": "Lib/site-packages/six-1.11.0-py2.7.egg-info/dependency_links.txt",
        "path_type": "hardlink",
        "sha256": "01ba4719c80b6fe911b091a7c05124b64eeece964e09c058ef8f9805daca546b",
        "sha256_in_prefix": "01ba4719c80b6fe911b091a7c05124b64eeece964e09c058ef8f9805daca546b",
        "size_in_bytes": 1
      },
      {
        "_path": "Lib/site-packages/six-1.11.0-py2.7.egg-info/installed-files.txt",
        "path_type": "hardlink",
        "sha256": "f3bfd526450e092bc081c7cfab51e809409c9259651db3329fb6735990adbfb1",
        "sha256_in_prefix": "f3bfd526450e092bc081c7cfab51e809409c9259651db3329fb6735990adbfb1",
        "size_in_bytes": 83
      },
      {
        "_path": "Lib/site-packages/six-1.11.0-py2.7.egg-info/top_level.txt",
        "path_type": "hardlink",
        "sha256": "fe2547fe2604b445e70fc9d819062960552f9145bdb043b51986e478a4806a2b",
        "sha256_in_prefix": "fe2547fe2604b445e70fc9d819062960552f9145bdb043b51986e478a4806a2b",
        "size_in_bytes": 4
      },
      {
        "_path": "Lib/site-packages/six.py",
        "path_type": "hardlink",
        "sha256": "034f0c3dbf868bd15f227237216ec78a65c59841f64f620fcc7803bdd8593d10",
        "sha256_in_prefix": "034f0c3dbf868bd15f227237216ec78a65c59841f64f620fcc7803bdd8593d10",
        "size_in_bytes": 30888
      },
      {
        "_path": "Lib/site-packages/six.pyc",
        "path_type": "hardlink",
        "sha256": "2e2f32ec11306a1f8ad988aaaba5e56140edb5b51751773638a574639440ce80",
        "sha256_in_prefix": "2e2f32ec11306a1f8ad988aaaba5e56140edb5b51751773638a574639440ce80",
        "size_in_bytes": 29588
      }
    ],
    "paths_version": 1
  },
  "platform": "win32",
  "requested_spec": "None",
  "size": 20612,
  "subdir": "win-64",
  "timestamp": 1538556513479,
  "track_features": "",
  "url": "https://conda.anaconda.org/conda-forge/win-64/six-1.11.0-py27_1001.tar.bz2",
  "version": "1.11.0"
}