{
  "arch": "x86_64",
  "build": "0",
  "build_number": 0,
  "channel": "https://conda.anaconda.org/conda-forge/win-64",
  "constrains": [],
  "depends": [
    "vs2008_runtime"
  ],
  "extracted_package_dir": "C:\\Users\\Fabiano\\Anaconda2\\pkgs\\vc-9-0",
  "features": "",
  "files": [],
  "fn": "vc-9-0.tar.bz2",
  "license": "Modified BSD License (3-clause)",
  "link": {
    "source": "C:\\Users\\Fabiano\\Anaconda2\\pkgs\\vc-9-0",
    "type": 1
  },
  "md5": "a914b67a66d15adde2f00cc47a9d454d",
  "name": "vc",
  "package_tarball_full_path": "C:\\Users\\Fabiano\\Anaconda2\\pkgs\\vc-9-0.tar.bz2",
  "paths_data": {
    "paths": [],
    "paths_version": 1
  },
  "platform": "win32",
  "requested_spec": "None",
  "size": 824,
  "subdir": "win-64",
  "track_features": "vc9",
  "url": "https://conda.anaconda.org/conda-forge/win-64/vc-9-0.tar.bz2",
  "version": "9"
}