{
  "arch": "x86_64",
  "build": "py27_0",
  "build_number": 0,
  "channel": "https://repo.anaconda.com/pkgs/main/win-64",
  "constrains": [],
  "depends": [
    "python >=2.7,<2.8.0a0",
    "six >=1.4.1"
  ],
  "extracted_package_dir": "C:\\Users\\Fabiano\\Anaconda2\\pkgs\\w3lib-1.19.0-py27_0",
  "features": "",
  "files": [
    "Lib/site-packages/w3lib-1.19.0-py2.7.egg-info/PKG-INFO",
    "Lib/site-packages/w3lib-1.19.0-py2.7.egg-info/SOURCES.txt",
    "Lib/site-packages/w3lib-1.19.0-py2.7.egg-info/dependency_links.txt",
    "Lib/site-packages/w3lib-1.19.0-py2.7.egg-info/not-zip-safe",
    "Lib/site-packages/w3lib-1.19.0-py2.7.egg-info/requires.txt",
    "Lib/site-packages/w3lib-1.19.0-py2.7.egg-info/top_level.txt",
    "Lib/site-packages/w3lib/__init__.py",
    "Lib/site-packages/w3lib/__init__.pyc",
    "Lib/site-packages/w3lib/encoding.py",
    "Lib/site-packages/w3lib/encoding.pyc",
    "Lib/site-packages/w3lib/form.py",
    "Lib/site-packages/w3lib/form.pyc",
    "Lib/site-packages/w3lib/html.py",
    "Lib/site-packages/w3lib/html.pyc",
    "Lib/site-packages/w3lib/http.py",
    "Lib/site-packages/w3lib/http.pyc",
    "Lib/site-packages/w3lib/url.py",
    "Lib/site-packages/w3lib/url.pyc",
    "Lib/site-packages/w3lib/util.py",
    "Lib/site-packages/w3lib/util.pyc"
  ],
  "fn": "w3lib-1.19.0-py27_0.tar.bz2",
  "license": "BSD",
  "link": {
    "source": "C:\\Users\\Fabiano\\Anaconda2\\pkgs\\w3lib-1.19.0-py27_0",
    "type": 1
  },
  "md5": "bfeeca55f39594e2610d47663a30dcbe",
  "name": "w3lib",
  "package_tarball_full_path": "C:\\Users\\Fabiano\\Anaconda2\\pkgs\\w3lib-1.19.0-py27_0.tar.bz2",
  "paths_data": {
    "paths": [
      {
        "_path": "Lib/site-packages/w3lib-1.19.0-py2.7.egg-info/PKG-INFO",
        "path_type": "hardlink",
        "sha256": "1ae34f801bee0516f241d30f9bbe701477126f378e4c2d69634bdbdeb579557a",
        "sha256_in_prefix": "1ae34f801bee0516f241d30f9bbe701477126f378e4c2d69634bdbdeb579557a",
        "size_in_bytes": 1021
      },
      {
        "_path": "Lib/site-packages/w3lib-1.19.0-py2.7.egg-info/SOURCES.txt",
        "path_type": "hardlink",
        "sha256": "019dad8d2b66f66be02dee11aec2a1685dc5692da37b68a5d2bbb31707795b8a",
        "sha256_in_prefix": "019dad8d2b66f66be02dee11aec2a1685dc5692da37b68a5d2bbb31707795b8a",
        "size_in_bytes": 554
      },
      {
        "_path": "Lib/site-packages/w3lib-1.19.0-py2.7.egg-info/dependency_links.txt",
        "path_type": "hardlink",
        "sha256": "01ba4719c80b6fe911b091a7c05124b64eeece964e09c058ef8f9805daca546b",
        "sha256_in_prefix": "01ba4719c80b6fe911b091a7c05124b64eeece964e09c058ef8f9805daca546b",
        "size_in_bytes": 1
      },
      {
        "_path": "Lib/site-packages/w3lib-1.19.0-py2.7.egg-info/not-zip-safe",
        "path_type": "hardlink",
        "sha256": "01ba4719c80b6fe911b091a7c05124b64eeece964e09c058ef8f9805daca546b",
        "sha256_in_prefix": "01ba4719c80b6fe911b091a7c05124b64eeece964e09c058ef8f9805daca546b",
        "size_in_bytes": 1
      },
      {
        "_path": "Lib/site-packages/w3lib-1.19.0-py2.7.egg-info/requires.txt",
        "path_type": "hardlink",
        "sha256": "1a1e32dc709383396def93c7d67f7952046dae94be2feffe08fa3810f59234fa",
        "sha256_in_prefix": "1a1e32dc709383396def93c7d67f7952046dae94be2feffe08fa3810f59234fa",
        "size_in_bytes": 11
      },
      {
        "_path": "Lib/site-packages/w3lib-1.19.0-py2.7.egg-info/top_level.txt",
        "path_type": "hardlink",
        "sha256": "0cc2f8d0c75aa9ce02b3a56d2f35b3ae7cc8204d0a4221668ed2f7ac5ed963d4",
        "sha256_in_prefix": "0cc2f8d0c75aa9ce02b3a56d2f35b3ae7cc8204d0a4221668ed2f7ac5ed963d4",
        "size_in_bytes": 6
      },
      {
        "_path": "Lib/site-packages/w3lib/__init__.py",
        "path_type": "hardlink",
        "sha256": "8fc1b8dbff361612a4e6de002c3259c9232b4d240f3c6da22e65658c1f452b5e",
        "sha256_in_prefix": "8fc1b8dbff361612a4e6de002c3259c9232b4d240f3c6da22e65658c1f452b5e",
        "size_in_bytes": 127
      },
      {
        "_path": "Lib/site-packages/w3lib/__init__.pyc",
        "path_type": "hardlink",
        "sha256": "22a8680bfa3dd640e61a1ef74d3cf8367814dd04605919f58f9d8f9a09950576",
        "sha256_in_prefix": "22a8680bfa3dd640e61a1ef74d3cf8367814dd04605919f58f9d8f9a09950576",
        "size_in_bytes": 424
      },
      {
        "_path": "Lib/site-packages/w3lib/encoding.py",
        "path_type": "hardlink",
        "sha256": "e4617c6e0d5dce82681c781e57caf9c452156cd8b49f4118325f9c7535344866",
        "sha256_in_prefix": "e4617c6e0d5dce82681c781e57caf9c452156cd8b49f4118325f9c7535344866",
        "size_in_bytes": 10192
      },
      {
        "_path": "Lib/site-packages/w3lib/encoding.pyc",
        "path_type": "hardlink",
        "sha256": "67b031d44bfed8f3bc37b6f6f7223f3f2c1661e210b41ea7268cc0bf6294ff60",
        "sha256_in_prefix": "67b031d44bfed8f3bc37b6f6f7223f3f2c1661e210b41ea7268cc0bf6294ff60",
        "size_in_bytes": 10103
      },
      {
        "_path": "Lib/site-packages/w3lib/form.py",
        "path_type": "hardlink",
        "sha256": "65d8df147874c60daf245e065b918b5092a1085a7a7370cb76e953639ea96ce6",
        "sha256_in_prefix": "65d8df147874c60daf245e065b918b5092a1085a7a7370cb76e953639ea96ce6",
        "size_in_bytes": 3155
      },
      {
        "_path": "Lib/site-packages/w3lib/form.pyc",
        "path_type": "hardlink",
        "sha256": "3b221d317d4b9c4d1ed844a8ceef2fda32a684592360ad231d75b7a4ba97ef05",
        "sha256_in_prefix": "3b221d317d4b9c4d1ed844a8ceef2fda32a684592360ad231d75b7a4ba97ef05",
        "size_in_bytes": 3156
      },
      {
        "_path": "Lib/site-packages/w3lib/html.py",
        "path_type": "hardlink",
        "sha256": "52bf2769f26f3ef19232129a6d71a6e3699dfd4059b217b87a00dd13caa8635d",
        "sha256_in_prefix": "52bf2769f26f3ef19232129a6d71a6e3699dfd4059b217b87a00dd13caa8635d",
        "size_in_bytes": 11689
      },
      {
        "_path": "Lib/site-packages/w3lib/html.pyc",
        "path_type": "hardlink",
        "sha256": "5b0235023820b0f06a7219b03d1796d0617ce3374022254cc5c9efac8a2d7ed2",
        "sha256_in_prefix": "5b0235023820b0f06a7219b03d1796d0617ce3374022254cc5c9efac8a2d7ed2",
        "size_in_bytes": 12551
      },
      {
        "_path": "Lib/site-packages/w3lib/http.py",
        "path_type": "hardlink",
        "sha256": "8317b00fb608da1e3588864c474cc7d7080753ac78b46da2f800b7f4a0efb3c2",
        "sha256_in_prefix": "8317b00fb608da1e3588864c474cc7d7080753ac78b46da2f800b7f4a0efb3c2",
        "size_in_bytes": 2745
      },
      {
        "_path": "Lib/site-packages/w3lib/http.pyc",
        "path_type": "hardlink",
        "sha256": "698d71d5f00c82e5f07fa7baef226afbbe8ed51949aea82e9cae1096484eae75",
        "sha256_in_prefix": "698d71d5f00c82e5f07fa7baef226afbbe8ed51949aea82e9cae1096484eae75",
        "size_in_bytes": 2772
      },
      {
        "_path": "Lib/site-packages/w3lib/url.py",
        "path_type": "hardlink",
        "sha256": "465f74cb72c28304db1010336bfe783ccfdc23bf096365e9020678e7bf5077bc",
        "sha256_in_prefix": "465f74cb72c28304db1010336bfe783ccfdc23bf096365e9020678e7bf5077bc",
        "size_in_bytes": 21189
      },
      {
        "_path": "Lib/site-packages/w3lib/url.pyc",
        "path_type": "hardlink",
        "sha256": "9c0a6ff1295336c7f52bb857b739b84ce7183440594bfe020cc7172d7ef397ca",
        "sha256_in_prefix": "9c0a6ff1295336c7f52bb857b739b84ce7183440594bfe020cc7172d7ef397ca",
        "size_in_bytes": 16564
      },
      {
        "_path": "Lib/site-packages/w3lib/util.py",
        "path_type": "hardlink",
        "sha256": "8c52a396000e81e4a3c07417bd42d92afd8075306d4a07cce67ba3ed6e2fefe1",
        "sha256_in_prefix": "8c52a396000e81e4a3c07417bd42d92afd8075306d4a07cce67ba3ed6e2fefe1",
        "size_in_bytes": 1735
      },
      {
        "_path": "Lib/site-packages/w3lib/util.pyc",
        "path_type": "hardlink",
        "sha256": "db0e81132122183856240ff8b08df914b8074091ddf7a9701f3ce28dfad429a0",
        "sha256_in_prefix": "db0e81132122183856240ff8b08df914b8074091ddf7a9701f3ce28dfad429a0",
        "size_in_bytes": 2071
      }
    ],
    "paths_version": 1
  },
  "platform": "win32",
  "requested_spec": "None",
  "size": 31132,
  "subdir": "win-64",
  "timestamp": 1519672839219,
  "track_features": "",
  "url": "https://repo.anaconda.com/pkgs/main/win-64/w3lib-1.19.0-py27_0.tar.bz2",
  "version": "1.19.0"
}