{
  "arch": "x86_64",
  "build": "py27_0",
  "build_number": 0,
  "channel": "https://conda.anaconda.org/conda-forge/win-64",
  "constrains": [],
  "depends": [
    "python >=2.7,<2.8.0a0",
    "setuptools"
  ],
  "extracted_package_dir": "C:\\Users\\Fabiano\\Anaconda2\\pkgs\\wheel-0.32.3-py27_0",
  "features": "",
  "files": [
    "Lib/site-packages/wheel-0.32.3-py2.7.egg-info/PKG-INFO",
    "Lib/site-packages/wheel-0.32.3-py2.7.egg-info/SOURCES.txt",
    "Lib/site-packages/wheel-0.32.3-py2.7.egg-info/dependency_links.txt",
    "Lib/site-packages/wheel-0.32.3-py2.7.egg-info/entry_points.txt",
    "Lib/site-packages/wheel-0.32.3-py2.7.egg-info/not-zip-safe",
    "Lib/site-packages/wheel-0.32.3-py2.7.egg-info/requires.txt",
    "Lib/site-packages/wheel-0.32.3-py2.7.egg-info/top_level.txt",
    "Lib/site-packages/wheel/__init__.py",
    "Lib/site-packages/wheel/__init__.pyc",
    "Lib/site-packages/wheel/__main__.py",
    "Lib/site-packages/wheel/__main__.pyc",
    "Lib/site-packages/wheel/bdist_wheel.py",
    "Lib/site-packages/wheel/bdist_wheel.pyc",
    "Lib/site-packages/wheel/cli/__init__.py",
    "Lib/site-packages/wheel/cli/__init__.pyc",
    "Lib/site-packages/wheel/cli/convert.py",
    "Lib/site-packages/wheel/cli/convert.pyc",
    "Lib/site-packages/wheel/cli/install.py",
    "Lib/site-packages/wheel/cli/install.pyc",
    "Lib/site-packages/wheel/cli/pack.py",
    "Lib/site-packages/wheel/cli/pack.pyc",
    "Lib/site-packages/wheel/cli/unpack.py",
    "Lib/site-packages/wheel/cli/unpack.pyc",
    "Lib/site-packages/wheel/metadata.py",
    "Lib/site-packages/wheel/metadata.pyc",
    "Lib/site-packages/wheel/pep425tags.py",
    "Lib/site-packages/wheel/pep425tags.pyc",
    "Lib/site-packages/wheel/pkginfo.py",
    "Lib/site-packages/wheel/pkginfo.pyc",
    "Lib/site-packages/wheel/util.py",
    "Lib/site-packages/wheel/util.pyc",
    "Lib/site-packages/wheel/wheelfile.py",
    "Lib/site-packages/wheel/wheelfile.pyc",
    "Scripts/wheel-script.py",
    "Scripts/wheel.exe"
  ],
  "fn": "wheel-0.32.3-py27_0.tar.bz2",
  "license": "MIT",
  "link": {
    "source": "C:\\Users\\Fabiano\\Anaconda2\\pkgs\\wheel-0.32.3-py27_0",
    "type": 1
  },
  "md5": "0b298f44417bcf0c2df9f74f6ca762d1",
  "name": "wheel",
  "package_tarball_full_path": "C:\\Users\\Fabiano\\Anaconda2\\pkgs\\wheel-0.32.3-py27_0.tar.bz2",
  "paths_data": {
    "paths": [
      {
        "_path": "Lib/site-packages/wheel-0.32.3-py2.7.egg-info/PKG-INFO",
        "path_type": "hardlink",
        "sha256": "57d2ff8ea7c19b3cfca598d4c103f25ea1e0474a6e0964c1a36d3b15d8b63692",
        "sha256_in_prefix": "57d2ff8ea7c19b3cfca598d4c103f25ea1e0474a6e0964c1a36d3b15d8b63692",
        "size_in_bytes": 2263
      },
      {
        "_path": "Lib/site-packages/wheel-0.32.3-py2.7.egg-info/SOURCES.txt",
        "path_type": "hardlink",
        "sha256": "23f490015d0bad8d2c512e52210b89c5e28deeb7c9cc2d1f80ba5fba8d3cb1a2",
        "sha256_in_prefix": "23f490015d0bad8d2c512e52210b89c5e28deeb7c9cc2d1f80ba5fba8d3cb1a2",
        "size_in_bytes": 504
      },
      {
        "_path": "Lib/site-packages/wheel-0.32.3-py2.7.egg-info/dependency_links.txt",
        "path_type": "hardlink",
        "sha256": "01ba4719c80b6fe911b091a7c05124b64eeece964e09c058ef8f9805daca546b",
        "sha256_in_prefix": "01ba4719c80b6fe911b091a7c05124b64eeece964e09c058ef8f9805daca546b",
        "size_in_bytes": 1
      },
      {
        "_path": "Lib/site-packages/wheel-0.32.3-py2.7.egg-info/entry_points.txt",
        "path_type": "hardlink",
        "sha256": "37c1db605493df2acd418781db05d60443d4845b04b4a3513da0851893f2ab27",
        "sha256_in_prefix": "37c1db605493df2acd418781db05d60443d4845b04b4a3513da0851893f2ab27",
        "size_in_bytes": 108
      },
      {
        "_path": "Lib/site-packages/wheel-0.32.3-py2.7.egg-info/not-zip-safe",
        "path_type": "hardlink",
        "sha256": "01ba4719c80b6fe911b091a7c05124b64eeece964e09c058ef8f9805daca546b",
        "sha256_in_prefix": "01ba4719c80b6fe911b091a7c05124b64eeece964e09c058ef8f9805daca546b",
        "size_in_bytes": 1
      },
      {
        "_path": "Lib/site-packages/wheel-0.32.3-py2.7.egg-info/requires.txt",
        "path_type": "hardlink",
        "sha256": "ed39738d628f8c7ad4a82ba62ae1b32f2fb9ec2bf5b3b7121eaea76a31fcceeb",
        "sha256_in_prefix": "ed39738d628f8c7ad4a82ba62ae1b32f2fb9ec2bf5b3b7121eaea76a31fcceeb",
        "size_in_bytes": 33
      },
      {
        "_path": "Lib/site-packages/wheel-0.32.3-py2.7.egg-info/top_level.txt",
        "path_type": "hardlink",
        "sha256": "1f148121b804b2d30f7b87856b0840eba32af90607328a5756802771f8dbff57",
        "sha256_in_prefix": "1f148121b804b2d30f7b87856b0840eba32af90607328a5756802771f8dbff57",
        "size_in_bytes": 6
      },
      {
        "_path": "Lib/site-packages/wheel/__init__.py",
        "path_type": "hardlink",
        "sha256": "02000fed80266d98fce3f9c21fdcdaf11d145c7ca55dd7ca352ca0e60d712d9e",
        "sha256_in_prefix": "02000fed80266d98fce3f9c21fdcdaf11d145c7ca55dd7ca352ca0e60d712d9e",
        "size_in_bytes": 96
      },
      {
        "_path": "Lib/site-packages/wheel/__init__.pyc",
        "path_type": "hardlink",
        "sha256": "202d4cdbaabcfaa0d79a522090c0061c60ac4577144a386a4a874c0a5887c220",
        "sha256_in_prefix": "202d4cdbaabcfaa0d79a522090c0061c60ac4577144a386a4a874c0a5887c220",
        "size_in_bytes": 155
      },
      {
        "_path": "Lib/site-packages/wheel/__main__.py",
        "path_type": "hardlink",
        "sha256": "945f982cee217509a85ae87879665df182f553de5149d9bbeac34b0576b4be31",
        "sha256_in_prefix": "945f982cee217509a85ae87879665df182f553de5149d9bbeac34b0576b4be31",
        "size_in_bytes": 417
      },
      {
        "_path": "Lib/site-packages/wheel/__main__.pyc",
        "path_type": "hardlink",
        "sha256": "939070033fa51239d76a71a374f881d9ee97cb3c6d1547c39039c5713a4485cc",
        "sha256_in_prefix": "939070033fa51239d76a71a374f881d9ee97cb3c6d1547c39039c5713a4485cc",
        "size_in_bytes": 683
      },
      {
        "_path": "Lib/site-packages/wheel/bdist_wheel.py",
        "path_type": "hardlink",
        "sha256": "d2133add90f4d404c431102beadd266e685fdb2f296d190c9d61a2a1e77d9fea",
        "sha256_in_prefix": "d2133add90f4d404c431102beadd266e685fdb2f296d190c9d61a2a1e77d9fea",
        "size_in_bytes": 14627
      },
      {
        "_path": "Lib/site-packages/wheel/bdist_wheel.pyc",
        "path_type": "hardlink",
        "sha256": "23b84d598bb97954687188bceb5c4df80f3d2244724ee64a336ca5cb15d53029",
        "sha256_in_prefix": "23b84d598bb97954687188bceb5c4df80f3d2244724ee64a336ca5cb15d53029",
        "size_in_bytes": 13176
      },
      {
        "_path": "Lib/site-packages/wheel/cli/__init__.py",
        "path_type": "hardlink",
        "sha256": "0ec09792b2ff8ec4c7a11d2786673092b94d764697c34b95d0d2fec98a1842e5",
        "sha256_in_prefix": "0ec09792b2ff8ec4c7a11d2786673092b94d764697c34b95d0d2fec98a1842e5",
        "size_in_bytes": 2461
      },
      {
        "_path": "Lib/site-packages/wheel/cli/__init__.pyc",
        "path_type": "hardlink",
        "sha256": "dbd9ce342abeaaf0705bcda55f17a4bb1f47f729748759ac7e98722af988552a",
        "sha256_in_prefix": "dbd9ce342abeaaf0705bcda55f17a4bb1f47f729748759ac7e98722af988552a",
        "size_in_bytes": 3663
      },
      {
        "_path": "Lib/site-packages/wheel/cli/convert.py",
        "path_type": "hardlink",
        "sha256": "99ed25e86e204b0f840558738d2afbc96616069f6ca4ccfb9a75e5c894e25eca",
        "sha256_in_prefix": "99ed25e86e204b0f840558738d2afbc96616069f6ca4ccfb9a75e5c894e25eca",
        "size_in_bytes": 9497
      },
      {
        "_path": "Lib/site-packages/wheel/cli/convert.pyc",
        "path_type": "hardlink",
        "sha256": "9af39ba9658484caef3eccecc0107ca077ead0c21b626104cfa332f08540a188",
        "sha256_in_prefix": "9af39ba9658484caef3eccecc0107ca077ead0c21b626104cfa332f08540a188",
        "size_in_bytes": 7514
      },
      {
        "_path": "Lib/site-packages/wheel/cli/install.py",
        "path_type": "hardlink",
        "sha256": "e3b0c44298fc1c149afbf4c8996fb92427ae41e4649b934ca495991b7852b855",
        "sha256_in_prefix": "e3b0c44298fc1c149afbf4c8996fb92427ae41e4649b934ca495991b7852b855",
        "size_in_bytes": 0
      },
      {
        "_path": "Lib/site-packages/wheel/cli/install.pyc",
        "path_type": "hardlink",
        "sha256": "dbe174b70bef5369ef120e564c43a1dfb83fbabb5ed4a98bf56b991284570a64",
        "sha256_in_prefix": "dbe174b70bef5369ef120e564c43a1dfb83fbabb5ed4a98bf56b991284570a64",
        "size_in_bytes": 125
      },
      {
        "_path": "Lib/site-packages/wheel/cli/pack.py",
        "path_type": "hardlink",
        "sha256": "4558aae269d493cb3b47991cae05f45e7b57db36a50d37a84d20732e4df549a2",
        "sha256_in_prefix": "4558aae269d493cb3b47991cae05f45e7b57db36a50d37a84d20732e4df549a2",
        "size_in_bytes": 2145
      },
      {
        "_path": "Lib/site-packages/wheel/cli/pack.pyc",
        "path_type": "hardlink",
        "sha256": "1627badbf321095bf3a0f9dd2cf4d00093902ba519297ad5b17b0a6e5e404f6d",
        "sha256_in_prefix": "1627badbf321095bf3a0f9dd2cf4d00093902ba519297ad5b17b0a6e5e404f6d",
        "size_in_bytes": 2738
      },
      {
        "_path": "Lib/site-packages/wheel/cli/unpack.py",
        "path_type": "hardlink",
        "sha256": "d155b34fb53fc727a74cfc0455abf1aaf75e7bddc63ef0051e747752ef756917",
        "sha256_in_prefix": "d155b34fb53fc727a74cfc0455abf1aaf75e7bddc63ef0051e747752ef756917",
        "size_in_bytes": 673
      },
      {
        "_path": "Lib/site-packages/wheel/cli/unpack.pyc",
        "path_type": "hardlink",
        "sha256": "a6210805cf8d3a3984c9550749c7c481763f9b2370978ad076f1d54b45dd02d3",
        "sha256_in_prefix": "a6210805cf8d3a3984c9550749c7c481763f9b2370978ad076f1d54b45dd02d3",
        "size_in_bytes": 1054
      },
      {
        "_path": "Lib/site-packages/wheel/metadata.py",
        "path_type": "hardlink",
        "sha256": "6b74204fc0b840ebeb4bef1115d3429fb5d6514a846697077a5988f172d30e76",
        "sha256_in_prefix": "6b74204fc0b840ebeb4bef1115d3429fb5d6514a846697077a5988f172d30e76",
        "size_in_bytes": 4691
      },
      {
        "_path": "Lib/site-packages/wheel/metadata.pyc",
        "path_type": "hardlink",
        "sha256": "49ba5818411687592e753bab078c9d36e7744095c36d86f45a6a871477f8dd6a",
        "sha256_in_prefix": "49ba5818411687592e753bab078c9d36e7744095c36d86f45a6a871477f8dd6a",
        "size_in_bytes": 4591
      },
      {
        "_path": "Lib/site-packages/wheel/pep425tags.py",
        "path_type": "hardlink",
        "sha256": "25d8db9ead7b92ac0f44a24231bd84d5571c3609c2dc7ea240bed519ac643daa",
        "sha256_in_prefix": "25d8db9ead7b92ac0f44a24231bd84d5571c3609c2dc7ea240bed519ac643daa",
        "size_in_bytes": 5908
      },
      {
        "_path": "Lib/site-packages/wheel/pep425tags.pyc",
        "path_type": "hardlink",
        "sha256": "19ad91dc59e03283f249ace6cc02341250a520d1969ea3ed27cc7fa39aa04276",
        "sha256_in_prefix": "19ad91dc59e03283f249ace6cc02341250a520d1969ea3ed27cc7fa39aa04276",
        "size_in_bytes": 5901
      },
      {
        "_path": "Lib/site-packages/wheel/pkginfo.py",
        "path_type": "hardlink",
        "sha256": "191efa92ea50ce7d71f6c283697b84e81e85b19e0e91f46d1bba677655cfbd0e",
        "sha256_in_prefix": "191efa92ea50ce7d71f6c283697b84e81e85b19e0e91f46d1bba677655cfbd0e",
        "size_in_bytes": 1257
      },
      {
        "_path": "Lib/site-packages/wheel/pkginfo.pyc",
        "path_type": "hardlink",
        "sha256": "f1bc152f5f0ab1e1278c3df614bf486533c3c3a085f84acbb047b056724d1a43",
        "sha256_in_prefix": "f1bc152f5f0ab1e1278c3df614bf486533c3c3a085f84acbb047b056724d1a43",
        "size_in_bytes": 1955
      },
      {
        "_path": "Lib/site-packages/wheel/util.py",
        "path_type": "hardlink",
        "sha256": "6d8930e6831c71f6b3542a184302a491e9a8572300168477e2698a071f11d4d2",
        "sha256_in_prefix": "6d8930e6831c71f6b3542a184302a491e9a8572300168477e2698a071f11d4d2",
        "size_in_bytes": 859
      },
      {
        "_path": "Lib/site-packages/wheel/util.pyc",
        "path_type": "hardlink",
        "sha256": "ff27d1ff08a3d7508f36e6ae45e772dc0fe3e0f55bf4f70df9abb2bc4fa07c9d",
        "sha256_in_prefix": "ff27d1ff08a3d7508f36e6ae45e772dc0fe3e0f55bf4f70df9abb2bc4fa07c9d",
        "size_in_bytes": 1545
      },
      {
        "_path": "Lib/site-packages/wheel/wheelfile.py",
        "path_type": "hardlink",
        "sha256": "9b1bfc91c46f5cc304e3142cb698a242fe7d6c7738d9e752eb3f240c0728ea2c",
        "sha256_in_prefix": "9b1bfc91c46f5cc304e3142cb698a242fe7d6c7738d9e752eb3f240c0728ea2c",
        "size_in_bytes": 6990
      },
      {
        "_path": "Lib/site-packages/wheel/wheelfile.pyc",
        "path_type": "hardlink",
        "sha256": "c1f6662c4493dbe492fca6780db364d979391878129f8960cdd6133900035144",
        "sha256_in_prefix": "c1f6662c4493dbe492fca6780db364d979391878129f8960cdd6133900035144",
        "size_in_bytes": 6554
      },
      {
        "_path": "Scripts/wheel-script.py",
        "path_type": "hardlink",
        "sha256": "f81e86d226fd97f3a9fb708b803859f8922740e5b62a4577b0b6b8b1d6b8e333",
        "sha256_in_prefix": "f81e86d226fd97f3a9fb708b803859f8922740e5b62a4577b0b6b8b1d6b8e333",
        "size_in_bytes": 203
      },
      {
        "_path": "Scripts/wheel.exe",
        "path_type": "hardlink",
        "sha256": "993203a406e04936a07829b1f482fd27d739b640482e213f4c49ea1ee78a5fcf",
        "sha256_in_prefix": "993203a406e04936a07829b1f482fd27d739b640482e213f4c49ea1ee78a5fcf",
        "size_in_bytes": 40960
      }
    ],
    "paths_version": 1
  },
  "platform": "win32",
  "requested_spec": "None",
  "size": 52451,
  "subdir": "win-64",
  "timestamp": 1542630073410,
  "track_features": "",
  "url": "https://conda.anaconda.org/conda-forge/win-64/wheel-0.32.3-py27_0.tar.bz2",
  "version": "0.32.3"
}