{
  "arch": "x86_64",
  "build": "py27_1002",
  "build_number": 1002,
  "channel": "https://conda.anaconda.org/conda-forge/win-64",
  "constrains": [],
  "depends": [
    "python >=2.7,<2.8.0a0"
  ],
  "extracted_package_dir": "C:\\Users\\Fabiano\\Anaconda2\\pkgs\\wincertstore-0.2-py27_1002",
  "features": "",
  "files": [
    "Lib/site-packages/wincertstore-0.2-py2.7.egg-info",
    "Lib/site-packages/wincertstore.py",
    "Lib/site-packages/wincertstore.pyc"
  ],
  "fn": "wincertstore-0.2-py27_1002.tar.bz2",
  "license": "PSF 2",
  "link": {
    "source": "C:\\Users\\Fabiano\\Anaconda2\\pkgs\\wincertstore-0.2-py27_1002",
    "type": 1
  },
  "md5": "8cf8e37a50808a89f3ce4b25a9be81df",
  "name": "wincertstore",
  "package_tarball_full_path": "C:\\Users\\Fabiano\\Anaconda2\\pkgs\\wincertstore-0.2-py27_1002.tar.bz2",
  "paths_data": {
    "paths": [
      {
        "_path": "Lib/site-packages/wincertstore-0.2-py2.7.egg-info",
        "path_type": "hardlink",
        "sha256": "93144d788fa39ec56670ebda46565e24e2ee60e213d4c68b0d81af3877772545",
        "sha256_in_prefix": "93144d788fa39ec56670ebda46565e24e2ee60e213d4c68b0d81af3877772545",
        "size_in_bytes": 5785
      },
      {
        "_path": "Lib/site-packages/wincertstore.py",
        "path_type": "hardlink",
        "sha256": "9eb1879f68dcdd125eb0ed737ed331f16e335a6a5208ec9f26fd3dd6220cfd08",
        "sha256_in_prefix": "9eb1879f68dcdd125eb0ed737ed331f16e335a6a5208ec9f26fd3dd6220cfd08",
        "size_in_bytes": 11873
      },
      {
        "_path": "Lib/site-packages/wincertstore.pyc",
        "path_type": "hardlink",
        "sha256": "d3fdf63f845d2f9f06e5df60633e608b64434208956e9a76cae18d54a7cbe99b",
        "sha256_in_prefix": "d3fdf63f845d2f9f06e5df60633e608b64434208956e9a76cae18d54a7cbe99b",
        "size_in_bytes": 13141
      }
    ],
    "paths_version": 1
  },
  "platform": "win32",
  "requested_spec": "None",
  "size": 12909,
  "subdir": "win-64",
  "timestamp": 1537716276902,
  "track_features": "",
  "url": "https://conda.anaconda.org/conda-forge/win-64/wincertstore-0.2-py27_1002.tar.bz2",
  "version": "0.2"
}