{
  "arch": "x86_64",
  "build": "vc9_0",
  "build_number": 0,
  "channel": "https://conda.anaconda.org/conda-forge/win-64",
  "constrains": [],
  "depends": [],
  "extracted_package_dir": "C:\\Users\\Fabiano\\Anaconda2\\pkgs\\zlib-1.2.11-vc9_0",
  "features": "vc9",
  "files": [
    "Library/bin/zlib.dll",
    "Library/include/zconf.h",
    "Library/include/zlib.h",
    "Library/lib/z.lib",
    "Library/lib/zdll.lib",
    "Library/lib/zlib.lib",
    "Library/lib/zlibstatic.lib",
    "Library/share/man/man3/zlib.3",
    "Library/share/pkgconfig/zlib.pc"
  ],
  "fn": "zlib-1.2.11-vc9_0.tar.bz2",
  "license": "zlib",
  "license_family": "Other",
  "link": {
    "source": "C:\\Users\\Fabiano\\Anaconda2\\pkgs\\zlib-1.2.11-vc9_0",
    "type": 1
  },
  "md5": "103495bfa9761dba47b86181343472f1",
  "name": "zlib",
  "package_tarball_full_path": "C:\\Users\\Fabiano\\Anaconda2\\pkgs\\zlib-1.2.11-vc9_0.tar.bz2",
  "paths_data": {
    "paths": [
      {
        "_path": "Library/bin/zlib.dll",
        "path_type": "hardlink",
        "sha256": "513580a7c5a10bfa77177fbd59c233fcebc0c4668330904390e13e164836d7e1",
        "sha256_in_prefix": "513580a7c5a10bfa77177fbd59c233fcebc0c4668330904390e13e164836d7e1",
        "size_in_bytes": 83968
      },
      {
        "_path": "Library/include/zconf.h",
        "path_type": "hardlink",
        "sha256": "7f4e7f02c4c1b7ef830a8b4331e1ba04f34e97f2c0dcdd81f967ff16fd5ee6d0",
        "sha256_in_prefix": "7f4e7f02c4c1b7ef830a8b4331e1ba04f34e97f2c0dcdd81f967ff16fd5ee6d0",
        "size_in_bytes": 16885
      },
      {
        "_path": "Library/include/zlib.h",
        "path_type": "hardlink",
        "sha256": "4ddc82b4af931ab55f44d977bde81bfbc4151b5dcdccc03142831a301b5ec3c8",
        "sha256_in_prefix": "4ddc82b4af931ab55f44d977bde81bfbc4151b5dcdccc03142831a301b5ec3c8",
        "size_in_bytes": 96239
      },
      {
        "_path": "Library/lib/z.lib",
        "path_type": "hardlink",
        "sha256": "e78de0ff4209ad37f63e528f19111be28c2121f0aeacffa70b69c8447861e39f",
        "sha256_in_prefix": "e78de0ff4209ad37f63e528f19111be28c2121f0aeacffa70b69c8447861e39f",
        "size_in_bytes": 16228
      },
      {
        "_path": "Library/lib/zdll.lib",
        "path_type": "hardlink",
        "sha256": "e78de0ff4209ad37f63e528f19111be28c2121f0aeacffa70b69c8447861e39f",
        "sha256_in_prefix": "e78de0ff4209ad37f63e528f19111be28c2121f0aeacffa70b69c8447861e39f",
        "size_in_bytes": 16228
      },
      {
        "_path": "Library/lib/zlib.lib",
        "path_type": "hardlink",
        "sha256": "e78de0ff4209ad37f63e528f19111be28c2121f0aeacffa70b69c8447861e39f",
        "sha256_in_prefix": "e78de0ff4209ad37f63e528f19111be28c2121f0aeacffa70b69c8447861e39f",
        "size_in_bytes": 16228
      },
      {
        "_path": "Library/lib/zlibstatic.lib",
        "path_type": "hardlink",
        "sha256": "8c7bce17cad75a5a35e5cea282fa0d78dcd9bfa84aac80c6bc17fef812a3f636",
        "sha256_in_prefix": "8c7bce17cad75a5a35e5cea282fa0d78dcd9bfa84aac80c6bc17fef812a3f636",
        "size_in_bytes": 181182
      },
      {
        "_path": "Library/share/man/man3/zlib.3",
        "path_type": "hardlink",
        "sha256": "5abef003e545566e5599e5ab2e7528e978be59d54546b19d763d062f7a69bac7",
        "sha256_in_prefix": "5abef003e545566e5599e5ab2e7528e978be59d54546b19d763d062f7a69bac7",
        "size_in_bytes": 4477
      },
      {
        "_path": "Library/share/pkgconfig/zlib.pc",
        "file_mode": "text",
        "path_type": "hardlink",
        "prefix_placeholder": "C:/bld/recipe_1485180544940/_b_env",
        "sha256": "02ba29c5ef61f805ac7ca635b1b0d691b1fc3cc73da7f416736c886e21aace7d",
        "sha256_in_prefix": "1f38c06cee9f0431a570211131053bb4e20bc62c0a9b373a9f0adbfc22a4a19f",
        "size_in_bytes": 435
      }
    ],
    "paths_version": 1
  },
  "platform": "win32",
  "requested_spec": "None",
  "size": 119283,
  "subdir": "win-64",
  "track_features": "",
  "url": "https://conda.anaconda.org/conda-forge/win-64/zlib-1.2.11-vc9_0.tar.bz2",
  "version": "1.2.11"
}