{
  "arch": "x86_64",
  "build": "py27h0c8e037_1000",
  "build_number": 1000,
  "channel": "https://conda.anaconda.org/conda-forge/win-64",
  "constrains": [],
  "depends": [
    "python >=2.7,<2.8.0a0",
    "vc 9.*"
  ],
  "extracted_package_dir": "C:\\Users\\Fabiano\\Anaconda2\\pkgs\\zope.interface-4.6.0-py27h0c8e037_1000",
  "features": "",
  "files": [
    "Lib/site-packages/zope.interface-4.6.0-py2.7-nspkg.pth",
    "Lib/site-packages/zope.interface-4.6.0-py2.7.egg-info/PKG-INFO",
    "Lib/site-packages/zope.interface-4.6.0-py2.7.egg-info/SOURCES.txt",
    "Lib/site-packages/zope.interface-4.6.0-py2.7.egg-info/dependency_links.txt",
    "Lib/site-packages/zope.interface-4.6.0-py2.7.egg-info/installed-files.txt",
    "Lib/site-packages/zope.interface-4.6.0-py2.7.egg-info/namespace_packages.txt",
    "Lib/site-packages/zope.interface-4.6.0-py2.7.egg-info/not-zip-safe",
    "Lib/site-packages/zope.interface-4.6.0-py2.7.egg-info/requires.txt",
    "Lib/site-packages/zope.interface-4.6.0-py2.7.egg-info/top_level.txt",
    "Lib/site-packages/zope/interface/__init__.py",
    "Lib/site-packages/zope/interface/__init__.pyc",
    "Lib/site-packages/zope/interface/_compat.py",
    "Lib/site-packages/zope/interface/_compat.pyc",
    "Lib/site-packages/zope/interface/_flatten.py",
    "Lib/site-packages/zope/interface/_flatten.pyc",
    "Lib/site-packages/zope/interface/_zope_interface_coptimizations.c",
    "Lib/site-packages/zope/interface/_zope_interface_coptimizations.pyd",
    "Lib/site-packages/zope/interface/adapter.py",
    "Lib/site-packages/zope/interface/adapter.pyc",
    "Lib/site-packages/zope/interface/advice.py",
    "Lib/site-packages/zope/interface/advice.pyc",
    "Lib/site-packages/zope/interface/common/__init__.py",
    "Lib/site-packages/zope/interface/common/__init__.pyc",
    "Lib/site-packages/zope/interface/common/idatetime.py",
    "Lib/site-packages/zope/interface/common/idatetime.pyc",
    "Lib/site-packages/zope/interface/common/interfaces.py",
    "Lib/site-packages/zope/interface/common/interfaces.pyc",
    "Lib/site-packages/zope/interface/common/mapping.py",
    "Lib/site-packages/zope/interface/common/mapping.pyc",
    "Lib/site-packages/zope/interface/common/sequence.py",
    "Lib/site-packages/zope/interface/common/sequence.pyc",
    "Lib/site-packages/zope/interface/common/tests/__init__.py",
    "Lib/site-packages/zope/interface/common/tests/__init__.pyc",
    "Lib/site-packages/zope/interface/common/tests/basemapping.py",
    "Lib/site-packages/zope/interface/common/tests/basemapping.pyc",
    "Lib/site-packages/zope/interface/common/tests/test_idatetime.py",
    "Lib/site-packages/zope/interface/common/tests/test_idatetime.pyc",
    "Lib/site-packages/zope/interface/common/tests/test_import_interfaces.py",
    "Lib/site-packages/zope/interface/common/tests/test_import_interfaces.pyc",
    "Lib/site-packages/zope/interface/declarations.py",
    "Lib/site-packages/zope/interface/declarations.pyc",
    "Lib/site-packages/zope/interface/document.py",
    "Lib/site-packages/zope/interface/document.pyc",
    "Lib/site-packages/zope/interface/exceptions.py",
    "Lib/site-packages/zope/interface/exceptions.pyc",
    "Lib/site-packages/zope/interface/interface.py",
    "Lib/site-packages/zope/interface/interface.pyc",
    "Lib/site-packages/zope/interface/interfaces.py",
    "Lib/site-packages/zope/interface/interfaces.pyc",
    "Lib/site-packages/zope/interface/registry.py",
    "Lib/site-packages/zope/interface/registry.pyc",
    "Lib/site-packages/zope/interface/ro.py",
    "Lib/site-packages/zope/interface/ro.pyc",
    "Lib/site-packages/zope/interface/tests/__init__.py",
    "Lib/site-packages/zope/interface/tests/__init__.pyc",
    "Lib/site-packages/zope/interface/tests/advisory_testing.py",
    "Lib/site-packages/zope/interface/tests/advisory_testing.pyc",
    "Lib/site-packages/zope/interface/tests/dummy.py",
    "Lib/site-packages/zope/interface/tests/dummy.pyc",
    "Lib/site-packages/zope/interface/tests/idummy.py",
    "Lib/site-packages/zope/interface/tests/idummy.pyc",
    "Lib/site-packages/zope/interface/tests/ifoo.py",
    "Lib/site-packages/zope/interface/tests/ifoo.pyc",
    "Lib/site-packages/zope/interface/tests/ifoo_other.py",
    "Lib/site-packages/zope/interface/tests/ifoo_other.pyc",
    "Lib/site-packages/zope/interface/tests/m1.py",
    "Lib/site-packages/zope/interface/tests/m1.pyc",
    "Lib/site-packages/zope/interface/tests/m2.py",
    "Lib/site-packages/zope/interface/tests/m2.pyc",
    "Lib/site-packages/zope/interface/tests/odd.py",
    "Lib/site-packages/zope/interface/tests/odd.pyc",
    "Lib/site-packages/zope/interface/tests/test_adapter.py",
    "Lib/site-packages/zope/interface/tests/test_adapter.pyc",
    "Lib/site-packages/zope/interface/tests/test_advice.py",
    "Lib/site-packages/zope/interface/tests/test_advice.pyc",
    "Lib/site-packages/zope/interface/tests/test_declarations.py",
    "Lib/site-packages/zope/interface/tests/test_declarations.pyc",
    "Lib/site-packages/zope/interface/tests/test_document.py",
    "Lib/site-packages/zope/interface/tests/test_document.pyc",
    "Lib/site-packages/zope/interface/tests/test_element.py",
    "Lib/site-packages/zope/interface/tests/test_element.pyc",
    "Lib/site-packages/zope/interface/tests/test_exceptions.py",
    "Lib/site-packages/zope/interface/tests/test_exceptions.pyc",
    "Lib/site-packages/zope/interface/tests/test_interface.py",
    "Lib/site-packages/zope/interface/tests/test_interface.pyc",
    "Lib/site-packages/zope/interface/tests/test_interfaces.py",
    "Lib/site-packages/zope/interface/tests/test_interfaces.pyc",
    "Lib/site-packages/zope/interface/tests/test_odd_declarations.py",
    "Lib/site-packages/zope/interface/tests/test_odd_declarations.pyc",
    "Lib/site-packages/zope/interface/tests/test_registry.py",
    "Lib/site-packages/zope/interface/tests/test_registry.pyc",
    "Lib/site-packages/zope/interface/tests/test_ro.py",
    "Lib/site-packages/zope/interface/tests/test_ro.pyc",
    "Lib/site-packages/zope/interface/tests/test_sorting.py",
    "Lib/site-packages/zope/interface/tests/test_sorting.pyc",
    "Lib/site-packages/zope/interface/tests/test_verify.py",
    "Lib/site-packages/zope/interface/tests/test_verify.pyc",
    "Lib/site-packages/zope/interface/verify.py",
    "Lib/site-packages/zope/interface/verify.pyc"
  ],
  "fn": "zope.interface-4.6.0-py27h0c8e037_1000.tar.bz2",
  "license": "ZPL 2.1",
  "license_family": "Other",
  "link": {
    "source": "C:\\Users\\Fabiano\\Anaconda2\\pkgs\\zope.interface-4.6.0-py27h0c8e037_1000",
    "type": 1
  },
  "md5": "6282f05c63b1bd8fb3221e4376a192e6",
  "name": "zope.interface",
  "package_tarball_full_path": "C:\\Users\\Fabiano\\Anaconda2\\pkgs\\zope.interface-4.6.0-py27h0c8e037_1000.tar.bz2",
  "paths_data": {
    "paths": [
      {
        "_path": "Lib/site-packages/zope.interface-4.6.0-py2.7-nspkg.pth",
        "path_type": "hardlink",
        "sha256": "bffb75a08a2b127ac7b0bf3f4b8e713863732f21550100a0d5792b3eb934555f",
        "sha256_in_prefix": "bffb75a08a2b127ac7b0bf3f4b8e713863732f21550100a0d5792b3eb934555f",
        "size_in_bytes": 530
      },
      {
        "_path": "Lib/site-packages/zope.interface-4.6.0-py2.7.egg-info/PKG-INFO",
        "path_type": "hardlink",
        "sha256": "9203c34d23cda29fbddf1e4536d41e7afe57ded58d6bc19fb87a9f9a81458425",
        "sha256_in_prefix": "9203c34d23cda29fbddf1e4536d41e7afe57ded58d6bc19fb87a9f9a81458425",
        "size_in_bytes": 23350
      },
      {
        "_path": "Lib/site-packages/zope.interface-4.6.0-py2.7.egg-info/SOURCES.txt",
        "path_type": "hardlink",
        "sha256": "5b3e4085555fbc9d293c3680c900ea2f2b317dbe2b06ba661d14e21fd00f5f3c",
        "sha256_in_prefix": "5b3e4085555fbc9d293c3680c900ea2f2b317dbe2b06ba661d14e21fd00f5f3c",
        "size_in_bytes": 2639
      },
      {
        "_path": "Lib/site-packages/zope.interface-4.6.0-py2.7.egg-info/dependency_links.txt",
        "path_type": "hardlink",
        "sha256": "01ba4719c80b6fe911b091a7c05124b64eeece964e09c058ef8f9805daca546b",
        "sha256_in_prefix": "01ba4719c80b6fe911b091a7c05124b64eeece964e09c058ef8f9805daca546b",
        "size_in_bytes": 1
      },
      {
        "_path": "Lib/site-packages/zope.interface-4.6.0-py2.7.egg-info/installed-files.txt",
        "path_type": "hardlink",
        "sha256": "5538628789edf119cba4ce358199fba2c9036c27b1b20252b69fc7a584c41165",
        "sha256_in_prefix": "5538628789edf119cba4ce358199fba2c9036c27b1b20252b69fc7a584c41165",
        "size_in_bytes": 3619
      },
      {
        "_path": "Lib/site-packages/zope.interface-4.6.0-py2.7.egg-info/namespace_packages.txt",
        "path_type": "hardlink",
        "sha256": "429507be93b8c08b990de120298f2a642b43fad02e901d1f9ff7fabadce56fdf",
        "sha256_in_prefix": "429507be93b8c08b990de120298f2a642b43fad02e901d1f9ff7fabadce56fdf",
        "size_in_bytes": 5
      },
      {
        "_path": "Lib/site-packages/zope.interface-4.6.0-py2.7.egg-info/not-zip-safe",
        "path_type": "hardlink",
        "sha256": "01ba4719c80b6fe911b091a7c05124b64eeece964e09c058ef8f9805daca546b",
        "sha256_in_prefix": "01ba4719c80b6fe911b091a7c05124b64eeece964e09c058ef8f9805daca546b",
        "size_in_bytes": 1
      },
      {
        "_path": "Lib/site-packages/zope.interface-4.6.0-py2.7.egg-info/requires.txt",
        "path_type": "hardlink",
        "sha256": "fbf15dcaebfc53805481ff17a959a6b990340bde2dcf75bed2d19055b0626fcd",
        "sha256_in_prefix": "fbf15dcaebfc53805481ff17a959a6b990340bde2dcf75bed2d19055b0626fcd",
        "size_in_bytes": 109
      },
      {
        "_path": "Lib/site-packages/zope.interface-4.6.0-py2.7.egg-info/top_level.txt",
        "path_type": "hardlink",
        "sha256": "429507be93b8c08b990de120298f2a642b43fad02e901d1f9ff7fabadce56fdf",
        "sha256_in_prefix": "429507be93b8c08b990de120298f2a642b43fad02e901d1f9ff7fabadce56fdf",
        "size_in_bytes": 5
      },
      {
        "_path": "Lib/site-packages/zope/interface/__init__.py",
        "path_type": "hardlink",
        "sha256": "58817fed393cea4fe849e7561c5a5276bef0397cfb0126a48d1222575f0e9dde",
        "sha256_in_prefix": "58817fed393cea4fe849e7561c5a5276bef0397cfb0126a48d1222575f0e9dde",
        "size_in_bytes": 3410
      },
      {
        "_path": "Lib/site-packages/zope/interface/__init__.pyc",
        "path_type": "hardlink",
        "sha256": "747ea2bc99d7666c1c281cb9cd83c67e76b45f538bc1b708a60b1f207d8d4c42",
        "sha256_in_prefix": "747ea2bc99d7666c1c281cb9cd83c67e76b45f538bc1b708a60b1f207d8d4c42",
        "size_in_bytes": 2702
      },
      {
        "_path": "Lib/site-packages/zope/interface/_compat.py",
        "path_type": "hardlink",
        "sha256": "95c8565953448e2f21aadc22e032f60289fca284c6c36c99692eef995f859118",
        "sha256_in_prefix": "95c8565953448e2f21aadc22e032f60289fca284c6c36c99692eef995f859118",
        "size_in_bytes": 1686
      },
      {
        "_path": "Lib/site-packages/zope/interface/_compat.pyc",
        "path_type": "hardlink",
        "sha256": "72888f2918854509d43dd495bcff2e1c1f1f9183a693af57a31c79a4f05eee3e",
        "sha256_in_prefix": "72888f2918854509d43dd495bcff2e1c1f1f9183a693af57a31c79a4f05eee3e",
        "size_in_bytes": 1658
      },
      {
        "_path": "Lib/site-packages/zope/interface/_flatten.py",
        "path_type": "hardlink",
        "sha256": "9d8dd826359f7ac9667167e37f155892865bda516b5466f0df4c45fec03243ad",
        "sha256_in_prefix": "9d8dd826359f7ac9667167e37f155892865bda516b5466f0df4c45fec03243ad",
        "size_in_bytes": 1056
      },
      {
        "_path": "Lib/site-packages/zope/interface/_flatten.pyc",
        "path_type": "hardlink",
        "sha256": "5df4266df8eceb7ca9c9b1cc15b69c795b2186945a5df66e2802f377c49ff03f",
        "sha256_in_prefix": "5df4266df8eceb7ca9c9b1cc15b69c795b2186945a5df66e2802f377c49ff03f",
        "size_in_bytes": 664
      },
      {
        "_path": "Lib/site-packages/zope/interface/_zope_interface_coptimizations.c",
        "path_type": "hardlink",
        "sha256": "b9a481c897e11dbad9862af6aa68916bcdbf90e83da0e7fda1dd430d9288cf17",
        "sha256_in_prefix": "b9a481c897e11dbad9862af6aa68916bcdbf90e83da0e7fda1dd430d9288cf17",
        "size_in_bytes": 45960
      },
      {
        "_path": "Lib/site-packages/zope/interface/_zope_interface_coptimizations.pyd",
        "path_type": "hardlink",
        "sha256": "259dc0473ef368d4744fb15b14c8bc54ec6003f6385b3c9a8be6d64c4f42662c",
        "sha256_in_prefix": "259dc0473ef368d4744fb15b14c8bc54ec6003f6385b3c9a8be6d64c4f42662c",
        "size_in_bytes": 25088
      },
      {
        "_path": "Lib/site-packages/zope/interface/adapter.py",
        "path_type": "hardlink",
        "sha256": "1dbbce99ab50dfb1506317ad391ab0ae8c7222fd42554ac3b7b0b28a601afc00",
        "sha256_in_prefix": "1dbbce99ab50dfb1506317ad391ab0ae8c7222fd42554ac3b7b0b28a601afc00",
        "size_in_bytes": 23420
      },
      {
        "_path": "Lib/site-packages/zope/interface/adapter.pyc",
        "path_type": "hardlink",
        "sha256": "481eda378cd0ab685ac81495ba06876d7e09cb76f9f6b8aba9b50867816ce052",
        "sha256_in_prefix": "481eda378cd0ab685ac81495ba06876d7e09cb76f9f6b8aba9b50867816ce052",
        "size_in_bytes": 18740
      },
      {
        "_path": "Lib/site-packages/zope/interface/advice.py",
        "path_type": "hardlink",
        "sha256": "8f4c91af1d9f8c0166d2ea1d1d1ae3ac0d3033d036be90c07393f8f80faf6bb6",
        "sha256_in_prefix": "8f4c91af1d9f8c0166d2ea1d1d1ae3ac0d3033d036be90c07393f8f80faf6bb6",
        "size_in_bytes": 7486
      },
      {
        "_path": "Lib/site-packages/zope/interface/advice.pyc",
        "path_type": "hardlink",
        "sha256": "6578e2e0d88ab525b04442970527f456361508d02d20db8097a60017afe8b669",
        "sha256_in_prefix": "6578e2e0d88ab525b04442970527f456361508d02d20db8097a60017afe8b669",
        "size_in_bytes": 5429
      },
      {
        "_path": "Lib/site-packages/zope/interface/common/__init__.py",
        "path_type": "hardlink",
        "sha256": "ebdd1bfdcf7cfd56dd85b91a2088828c365cf1a14da4960fbbd792cbfe65abec",
        "sha256_in_prefix": "ebdd1bfdcf7cfd56dd85b91a2088828c365cf1a14da4960fbbd792cbfe65abec",
        "size_in_bytes": 61
      },
      {
        "_path": "Lib/site-packages/zope/interface/common/__init__.pyc",
        "path_type": "hardlink",
        "sha256": "535e023cfea797f6a15e0f3e4679a84005c2fd45d696883402467c3a058b1791",
        "sha256_in_prefix": "535e023cfea797f6a15e0f3e4679a84005c2fd45d696883402467c3a058b1791",
        "size_in_bytes": 138
      },
      {
        "_path": "Lib/site-packages/zope/interface/common/idatetime.py",
        "path_type": "hardlink",
        "sha256": "152d64b167904b1ab82b7d5a87423479784e7ffa93e498348ca31aa4e0b6bc4d",
        "sha256_in_prefix": "152d64b167904b1ab82b7d5a87423479784e7ffa93e498348ca31aa4e0b6bc4d",
        "size_in_bytes": 20858
      },
      {
        "_path": "Lib/site-packages/zope/interface/common/idatetime.pyc",
        "path_type": "hardlink",
        "sha256": "1310c4a8c3a43ad3446032122dc3a390296b09d952d4138378990e6cdf9c0a57",
        "sha256_in_prefix": "1310c4a8c3a43ad3446032122dc3a390296b09d952d4138378990e6cdf9c0a57",
        "size_in_bytes": 27077
      },
      {
        "_path": "Lib/site-packages/zope/interface/common/interfaces.py",
        "path_type": "hardlink",
        "sha256": "2714c12648011a2dc5adc9aad3f1c863df848b403cf0fd84f9f0f830fcb07c98",
        "sha256_in_prefix": "2714c12648011a2dc5adc9aad3f1c863df848b403cf0fd84f9f0f830fcb07c98",
        "size_in_bytes": 5506
      },
      {
        "_path": "Lib/site-packages/zope/interface/common/interfaces.pyc",
        "path_type": "hardlink",
        "sha256": "f494fc2b40daf2910f36e72015ca3be1e4b3d82464acb32771851906a93274ea",
        "sha256_in_prefix": "f494fc2b40daf2910f36e72015ca3be1e4b3d82464acb32771851906a93274ea",
        "size_in_bytes": 10496
      },
      {
        "_path": "Lib/site-packages/zope/interface/common/mapping.py",
        "path_type": "hardlink",
        "sha256": "58e37c74a63978055965c4593175e98d8eff4992634fd6314dded1ee1036e1c8",
        "sha256_in_prefix": "58e37c74a63978055965c4593175e98d8eff4992634fd6314dded1ee1036e1c8",
        "size_in_bytes": 4116
      },
      {
        "_path": "Lib/site-packages/zope/interface/common/mapping.pyc",
        "path_type": "hardlink",
        "sha256": "ff03f353709b6eedacdbe489c6b8efdda12dd8d146502cd04139fba29e4075d5",
        "sha256_in_prefix": "ff03f353709b6eedacdbe489c6b8efdda12dd8d146502cd04139fba29e4075d5",
        "size_in_bytes": 7395
      },
      {
        "_path": "Lib/site-packages/zope/interface/common/sequence.py",
        "path_type": "hardlink",
        "sha256": "564dd393801b66375bc26dec5f82d51d8a8231764d770f0c66b0808b7ced7b8c",
        "sha256_in_prefix": "564dd393801b66375bc26dec5f82d51d8a8231764d770f0c66b0808b7ced7b8c",
        "size_in_bytes": 4775
      },
      {
        "_path": "Lib/site-packages/zope/interface/common/sequence.pyc",
        "path_type": "hardlink",
        "sha256": "f577de467d3448e6134495d1ad598d20b509c8bc97d94ec912d0e304784a25f5",
        "sha256_in_prefix": "f577de467d3448e6134495d1ad598d20b509c8bc97d94ec912d0e304784a25f5",
        "size_in_bytes": 8673
      },
      {
        "_path": "Lib/site-packages/zope/interface/common/tests/__init__.py",
        "path_type": "hardlink",
        "sha256": "ebdd1bfdcf7cfd56dd85b91a2088828c365cf1a14da4960fbbd792cbfe65abec",
        "sha256_in_prefix": "ebdd1bfdcf7cfd56dd85b91a2088828c365cf1a14da4960fbbd792cbfe65abec",
        "size_in_bytes": 61
      },
      {
        "_path": "Lib/site-packages/zope/interface/common/tests/__init__.pyc",
        "path_type": "hardlink",
        "sha256": "48ef594db63b6f675832dc56ab2f7b12036f5c9a7e8e535a44e2965688947923",
        "sha256_in_prefix": "48ef594db63b6f675832dc56ab2f7b12036f5c9a7e8e535a44e2965688947923",
        "size_in_bytes": 144
      },
      {
        "_path": "Lib/site-packages/zope/interface/common/tests/basemapping.py",
        "path_type": "hardlink",
        "sha256": "dd3c3cadaa076863ac249a376aa3ceaeb66ee73e6918419b65cab54d06d471b3",
        "sha256_in_prefix": "dd3c3cadaa076863ac249a376aa3ceaeb66ee73e6918419b65cab54d06d471b3",
        "size_in_bytes": 3914
      },
      {
        "_path": "Lib/site-packages/zope/interface/common/tests/basemapping.pyc",
        "path_type": "hardlink",
        "sha256": "b3bf1d5daa309da8c4c89d99198bdcdee502933ae148b0c86f3f779e3477bee3",
        "sha256_in_prefix": "b3bf1d5daa309da8c4c89d99198bdcdee502933ae148b0c86f3f779e3477bee3",
        "size_in_bytes": 4708
      },
      {
        "_path": "Lib/site-packages/zope/interface/common/tests/test_idatetime.py",
        "path_type": "hardlink",
        "sha256": "2e8c8b03bc200eb99af14dc03b041e66d4e9c19311b5db2a1240cb14de2ef2b0",
        "sha256_in_prefix": "2e8c8b03bc200eb99af14dc03b041e66d4e9c19311b5db2a1240cb14de2ef2b0",
        "size_in_bytes": 1594
      },
      {
        "_path": "Lib/site-packages/zope/interface/common/tests/test_idatetime.pyc",
        "path_type": "hardlink",
        "sha256": "82a0e1c9ff9ad5f6676a3fccc35cfcc169b69ea439ab6e6dd01ae07fac522075",
        "sha256_in_prefix": "82a0e1c9ff9ad5f6676a3fccc35cfcc169b69ea439ab6e6dd01ae07fac522075",
        "size_in_bytes": 1528
      },
      {
        "_path": "Lib/site-packages/zope/interface/common/tests/test_import_interfaces.py",
        "path_type": "hardlink",
        "sha256": "ff1e50a33ce069537962f846ee4d86a439e5775d522f0b1661f3630aa774a61c",
        "sha256_in_prefix": "ff1e50a33ce069537962f846ee4d86a439e5775d522f0b1661f3630aa774a61c",
        "size_in_bytes": 812
      },
      {
        "_path": "Lib/site-packages/zope/interface/common/tests/test_import_interfaces.pyc",
        "path_type": "hardlink",
        "sha256": "c8f73785ae98b466e96e2d54c0ce298f8c31afeeef05866a7b6215cfff276590",
        "sha256_in_prefix": "c8f73785ae98b466e96e2d54c0ce298f8c31afeeef05866a7b6215cfff276590",
        "size_in_bytes": 754
      },
      {
        "_path": "Lib/site-packages/zope/interface/declarations.py",
        "path_type": "hardlink",
        "sha256": "78c736ee38bda585b47c9ffc784167666c2669afd5b3bb94db17204d9fb21327",
        "sha256_in_prefix": "78c736ee38bda585b47c9ffc784167666c2669afd5b3bb94db17204d9fb21327",
        "size_in_bytes": 31589
      },
      {
        "_path": "Lib/site-packages/zope/interface/declarations.pyc",
        "path_type": "hardlink",
        "sha256": "c9d4c574174afda7fb22fde76b9f4f234881e0eb626032f66a4b26bb688c5520",
        "sha256_in_prefix": "c9d4c574174afda7fb22fde76b9f4f234881e0eb626032f66a4b26bb688c5520",
        "size_in_bytes": 26549
      },
      {
        "_path": "Lib/site-packages/zope/interface/document.py",
        "path_type": "hardlink",
        "sha256": "75a1f178eef7d45b12bf79baf7eb3bae9009c90838d733bfb372cb6bd29af1fc",
        "sha256_in_prefix": "75a1f178eef7d45b12bf79baf7eb3bae9009c90838d733bfb372cb6bd29af1fc",
        "size_in_bytes": 3988
      },
      {
        "_path": "Lib/site-packages/zope/interface/document.pyc",
        "path_type": "hardlink",
        "sha256": "2a5fea371252dcaacb617c065c4595b95787d7f15b32b65d613da089de816ddf",
        "sha256_in_prefix": "2a5fea371252dcaacb617c065c4595b95787d7f15b32b65d613da089de816ddf",
        "size_in_bytes": 3556
      },
      {
        "_path": "Lib/site-packages/zope/interface/exceptions.py",
        "path_type": "hardlink",
        "sha256": "aa74dd786e3ea3b209ecb9f62654330cfe56b38a135b9f54ac59757f4ce6e3ee",
        "sha256_in_prefix": "aa74dd786e3ea3b209ecb9f62654330cfe56b38a135b9f54ac59757f4ce6e3ee",
        "size_in_bytes": 1999
      },
      {
        "_path": "Lib/site-packages/zope/interface/exceptions.pyc",
        "path_type": "hardlink",
        "sha256": "a65791ce6baddfa17cebc1c0ed2809881ffa17f7a3fdd32f9d4ad7f8737f2ae0",
        "sha256_in_prefix": "a65791ce6baddfa17cebc1c0ed2809881ffa17f7a3fdd32f9d4ad7f8737f2ae0",
        "size_in_bytes": 3067
      },
      {
        "_path": "Lib/site-packages/zope/interface/interface.py",
        "path_type": "hardlink",
        "sha256": "d5b6775358755bfa588adb51d41f2d05ab54729722318fb2cd58009fd5af9583",
        "sha256_in_prefix": "d5b6775358755bfa588adb51d41f2d05ab54729722318fb2cd58009fd5af9583",
        "size_in_bytes": 20503
      },
      {
        "_path": "Lib/site-packages/zope/interface/interface.pyc",
        "path_type": "hardlink",
        "sha256": "50ad371bb3468c355184129959b579c3be4124e43d1febffec73821881b6b976",
        "sha256_in_prefix": "50ad371bb3468c355184129959b579c3be4124e43d1febffec73821881b6b976",
        "size_in_bytes": 21290
      },
      {
        "_path": "Lib/site-packages/zope/interface/interfaces.py",
        "path_type": "hardlink",
        "sha256": "4da2a49c80f6e86cbd344e006fe6619dc198fdef4aac006b943b6194556fe4b1",
        "sha256_in_prefix": "4da2a49c80f6e86cbd344e006fe6619dc198fdef4aac006b943b6194556fe4b1",
        "size_in_bytes": 43123
      },
      {
        "_path": "Lib/site-packages/zope/interface/interfaces.pyc",
        "path_type": "hardlink",
        "sha256": "b15861d60a73295eea37387b3ea9f073e1da0eb030ec9dffb725d608c6913150",
        "sha256_in_prefix": "b15861d60a73295eea37387b3ea9f073e1da0eb030ec9dffb725d608c6913150",
        "size_in_bytes": 54297
      },
      {
        "_path": "Lib/site-packages/zope/interface/registry.py",
        "path_type": "hardlink",
        "sha256": "4aa05006a994adf664adca72b1721903524210e8eabec6c340ff03401d06f700",
        "sha256_in_prefix": "4aa05006a994adf664adca72b1721903524210e8eabec6c340ff03401d06f700",
        "size_in_bytes": 23284
      },
      {
        "_path": "Lib/site-packages/zope/interface/registry.pyc",
        "path_type": "hardlink",
        "sha256": "1776794b7d4c6607546bf461c515e5bdc48c5df37db331607044e946de6b5608",
        "sha256_in_prefix": "1776794b7d4c6607546bf461c515e5bdc48c5df37db331607044e946de6b5608",
        "size_in_bytes": 23519
      },
      {
        "_path": "Lib/site-packages/zope/interface/ro.py",
        "path_type": "hardlink",
        "sha256": "dead77862ffc0e6a03404da78933bdf0901d418f80a0f25550bd313a45f18a4b",
        "sha256_in_prefix": "dead77862ffc0e6a03404da78933bdf0901d418f80a0f25550bd313a45f18a4b",
        "size_in_bytes": 2004
      },
      {
        "_path": "Lib/site-packages/zope/interface/ro.pyc",
        "path_type": "hardlink",
        "sha256": "7a0c9b58111c841ed65dbb196a265e862b6a795b1990a8875b6fb80e2e1d6205",
        "sha256_in_prefix": "7a0c9b58111c841ed65dbb196a265e862b6a795b1990a8875b6fb80e2e1d6205",
        "size_in_bytes": 1489
      },
      {
        "_path": "Lib/site-packages/zope/interface/tests/__init__.py",
        "path_type": "hardlink",
        "sha256": "0b3a26360ec5ca6e1d85c5182da7e14b67b913081d83195fefd68fb0a75d8a9a",
        "sha256_in_prefix": "0b3a26360ec5ca6e1d85c5182da7e14b67b913081d83195fefd68fb0a75d8a9a",
        "size_in_bytes": 33
      },
      {
        "_path": "Lib/site-packages/zope/interface/tests/__init__.pyc",
        "path_type": "hardlink",
        "sha256": "1773943eeee918d6f30b08149374a069b447ffea97a35278044824ab354ef3ca",
        "sha256_in_prefix": "1773943eeee918d6f30b08149374a069b447ffea97a35278044824ab354ef3ca",
        "size_in_bytes": 137
      },
      {
        "_path": "Lib/site-packages/zope/interface/tests/advisory_testing.py",
        "path_type": "hardlink",
        "sha256": "d1a328dda86e2e2ca48e4d45ae8face13fb6da618bf272ce463a8f7448dbdd99",
        "sha256_in_prefix": "d1a328dda86e2e2ca48e4d45ae8face13fb6da618bf272ce463a8f7448dbdd99",
        "size_in_bytes": 1256
      },
      {
        "_path": "Lib/site-packages/zope/interface/tests/advisory_testing.pyc",
        "path_type": "hardlink",
        "sha256": "9edda8b4a0e65f1fcaacac98653f3802674affcb2bc3d4c447d26a6601193749",
        "sha256_in_prefix": "9edda8b4a0e65f1fcaacac98653f3802674affcb2bc3d4c447d26a6601193749",
        "size_in_bytes": 1459
      },
      {
        "_path": "Lib/site-packages/zope/interface/tests/dummy.py",
        "path_type": "hardlink",
        "sha256": "f3414f94f3b2a2c85f1c5d63145a5e608ca7ff5e73e4c5557cb55fe22ae93505",
        "sha256_in_prefix": "f3414f94f3b2a2c85f1c5d63145a5e608ca7ff5e73e4c5557cb55fe22ae93505",
        "size_in_bytes": 911
      },
      {
        "_path": "Lib/site-packages/zope/interface/tests/dummy.pyc",
        "path_type": "hardlink",
        "sha256": "0af92f0a1447de552103a6aa57477759c6f1fd6d0b3300cad0285a2423c3b05f",
        "sha256_in_prefix": "0af92f0a1447de552103a6aa57477759c6f1fd6d0b3300cad0285a2423c3b05f",
        "size_in_bytes": 511
      },
      {
        "_path": "Lib/site-packages/zope/interface/tests/idummy.py",
        "path_type": "hardlink",
        "sha256": "1dcfa233b470133715a7bce73f1ef232617011141784119e450b262883df927b",
        "sha256_in_prefix": "1dcfa233b470133715a7bce73f1ef232617011141784119e450b262883df927b",
        "size_in_bytes": 889
      },
      {
        "_path": "Lib/site-packages/zope/interface/tests/idummy.pyc",
        "path_type": "hardlink",
        "sha256": "72511ead1bd7189726f28568ee30fe50e5304c5f3e8fe52ef22e14a6c83760fc",
        "sha256_in_prefix": "72511ead1bd7189726f28568ee30fe50e5304c5f3e8fe52ef22e14a6c83760fc",
        "size_in_bytes": 716
      },
      {
        "_path": "Lib/site-packages/zope/interface/tests/ifoo.py",
        "path_type": "hardlink",
        "sha256": "6d231095a24884d1869898a025869214e2c470ee7ba4ce93eacfc1694e1e95ac",
        "sha256_in_prefix": "6d231095a24884d1869898a025869214e2c470ee7ba4ce93eacfc1694e1e95ac",
        "size_in_bytes": 851
      },
      {
        "_path": "Lib/site-packages/zope/interface/tests/ifoo.pyc",
        "path_type": "hardlink",
        "sha256": "318eeaebd2cbb68170c142553e69d2632337b2a7a7abf8d34822e27cbc74fd87",
        "sha256_in_prefix": "318eeaebd2cbb68170c142553e69d2632337b2a7a7abf8d34822e27cbc74fd87",
        "size_in_bytes": 671
      },
      {
        "_path": "Lib/site-packages/zope/interface/tests/ifoo_other.py",
        "path_type": "hardlink",
        "sha256": "6d231095a24884d1869898a025869214e2c470ee7ba4ce93eacfc1694e1e95ac",
        "sha256_in_prefix": "6d231095a24884d1869898a025869214e2c470ee7ba4ce93eacfc1694e1e95ac",
        "size_in_bytes": 851
      },
      {
        "_path": "Lib/site-packages/zope/interface/tests/ifoo_other.pyc",
        "path_type": "hardlink",
        "sha256": "8855b9334a4797ccf92762b901f16deb3a7d55a44ff174fd99230d1648d5d8f4",
        "sha256_in_prefix": "8855b9334a4797ccf92762b901f16deb3a7d55a44ff174fd99230d1648d5d8f4",
        "size_in_bytes": 689
      },
      {
        "_path": "Lib/site-packages/zope/interface/tests/m1.py",
        "path_type": "hardlink",
        "sha256": "b84531b988ffdd9552176c9e3671db7055f42b28ff145cd400ce4efa06dcb0cb",
        "sha256_in_prefix": "b84531b988ffdd9552176c9e3671db7055f42b28ff145cd400ce4efa06dcb0cb",
        "size_in_bytes": 812
      },
      {
        "_path": "Lib/site-packages/zope/interface/tests/m1.pyc",
        "path_type": "hardlink",
        "sha256": "9fcf169a4fee132979cae85f87c7b793c2a61c83007949e72ede48e1fc98e503",
        "sha256_in_prefix": "9fcf169a4fee132979cae85f87c7b793c2a61c83007949e72ede48e1fc98e503",
        "size_in_bytes": 654
      },
      {
        "_path": "Lib/site-packages/zope/interface/tests/m2.py",
        "path_type": "hardlink",
        "sha256": "ffd75e9fd923d7cdf03448ca600d0671f45ddd8b4211b55553f355b2a6a292f5",
        "sha256_in_prefix": "ffd75e9fd923d7cdf03448ca600d0671f45ddd8b4211b55553f355b2a6a292f5",
        "size_in_bytes": 689
      },
      {
        "_path": "Lib/site-packages/zope/interface/tests/m2.pyc",
        "path_type": "hardlink",
        "sha256": "739f30382402b41ccae795fa202b64aabfccb4d9450332af35755325d1b68aa4",
        "sha256_in_prefix": "739f30382402b41ccae795fa202b64aabfccb4d9450332af35755325d1b68aa4",
        "size_in_bytes": 200
      },
      {
        "_path": "Lib/site-packages/zope/interface/tests/odd.py",
        "path_type": "hardlink",
        "sha256": "b95194fffb7d06265110fafbb1e4e8fc95ac948668940a0e50756c80c0bff6e6",
        "sha256_in_prefix": "b95194fffb7d06265110fafbb1e4e8fc95ac948668940a0e50756c80c0bff6e6",
        "size_in_bytes": 3210
      },
      {
        "_path": "Lib/site-packages/zope/interface/tests/odd.pyc",
        "path_type": "hardlink",
        "sha256": "db7e462116ecf16aad1d10dabadc9a329ce737aa679d2ddf0ab2ebf938bc4ea3",
        "sha256_in_prefix": "db7e462116ecf16aad1d10dabadc9a329ce737aa679d2ddf0ab2ebf938bc4ea3",
        "size_in_bytes": 4048
      },
      {
        "_path": "Lib/site-packages/zope/interface/tests/test_adapter.py",
        "path_type": "hardlink",
        "sha256": "bbbd20661a933e28822378baa6481883b3b397181acd88a00674a626003b849a",
        "sha256_in_prefix": "bbbd20661a933e28822378baa6481883b3b397181acd88a00674a626003b849a",
        "size_in_bytes": 55766
      },
      {
        "_path": "Lib/site-packages/zope/interface/tests/test_adapter.pyc",
        "path_type": "hardlink",
        "sha256": "9996c4b1a80eeadd6dee6d5e9523fc9411cb374e52749af7eb1fd6d7547cabda",
        "sha256_in_prefix": "9996c4b1a80eeadd6dee6d5e9523fc9411cb374e52749af7eb1fd6d7547cabda",
        "size_in_bytes": 69067
      },
      {
        "_path": "Lib/site-packages/zope/interface/tests/test_advice.py",
        "path_type": "hardlink",
        "sha256": "fd0a873ef59b109f5b7c5e99fc9536fedea605326f04e541e5777ad5ac364e7d",
        "sha256_in_prefix": "fd0a873ef59b109f5b7c5e99fc9536fedea605326f04e541e5777ad5ac364e7d",
        "size_in_bytes": 10708
      },
      {
        "_path": "Lib/site-packages/zope/interface/tests/test_advice.pyc",
        "path_type": "hardlink",
        "sha256": "2f7ec0d4008829299280ca625604b6b87bddbafd6523236dbe5474ba6875fa0f",
        "sha256_in_prefix": "2f7ec0d4008829299280ca625604b6b87bddbafd6523236dbe5474ba6875fa0f",
        "size_in_bytes": 18091
      },
      {
        "_path": "Lib/site-packages/zope/interface/tests/test_declarations.py",
        "path_type": "hardlink",
        "sha256": "43003379cad3fbc64d58544877c5cddaf78171b54aa56bbe958ed436a2b6e641",
        "sha256_in_prefix": "43003379cad3fbc64d58544877c5cddaf78171b54aa56bbe958ed436a2b6e641",
        "size_in_bytes": 60478
      },
      {
        "_path": "Lib/site-packages/zope/interface/tests/test_declarations.pyc",
        "path_type": "hardlink",
        "sha256": "08e5c8846e954b76f66ffdfeb5aadbcd10fe3c11d3785a6192698d7f2dc2b19f",
        "sha256_in_prefix": "08e5c8846e954b76f66ffdfeb5aadbcd10fe3c11d3785a6192698d7f2dc2b19f",
        "size_in_bytes": 82478
      },
      {
        "_path": "Lib/site-packages/zope/interface/tests/test_document.py",
        "path_type": "hardlink",
        "sha256": "8fa0fb0931912f2f081d8b4cbea401705b57b282da65f229027f5197d70d18f5",
        "sha256_in_prefix": "8fa0fb0931912f2f081d8b4cbea401705b57b282da65f229027f5197d70d18f5",
        "size_in_bytes": 16637
      },
      {
        "_path": "Lib/site-packages/zope/interface/tests/test_document.pyc",
        "path_type": "hardlink",
        "sha256": "5a1c193d63fb1dc713b4a24033bbea4eb535ef19de16888336235c166a65639d",
        "sha256_in_prefix": "5a1c193d63fb1dc713b4a24033bbea4eb535ef19de16888336235c166a65639d",
        "size_in_bytes": 23537
      },
      {
        "_path": "Lib/site-packages/zope/interface/tests/test_element.py",
        "path_type": "hardlink",
        "sha256": "1e068feebf8cda87523d54c26dbcb71d000324804825b6260e32b4d44af09199",
        "sha256_in_prefix": "1e068feebf8cda87523d54c26dbcb71d000324804825b6260e32b4d44af09199",
        "size_in_bytes": 1118
      },
      {
        "_path": "Lib/site-packages/zope/interface/tests/test_element.pyc",
        "path_type": "hardlink",
        "sha256": "b6c2ec9532b254c5283bbee0ec9b03111cfacd8299a1f0a65438609e78eb02ef",
        "sha256_in_prefix": "b6c2ec9532b254c5283bbee0ec9b03111cfacd8299a1f0a65438609e78eb02ef",
        "size_in_bytes": 973
      },
      {
        "_path": "Lib/site-packages/zope/interface/tests/test_exceptions.py",
        "path_type": "hardlink",
        "sha256": "4e17fd3594213904335bf8610a6594ab5069b2f74e67fec634f05cae79fc42ec",
        "sha256_in_prefix": "4e17fd3594213904335bf8610a6594ab5069b2f74e67fec634f05cae79fc42ec",
        "size_in_bytes": 2637
      },
      {
        "_path": "Lib/site-packages/zope/interface/tests/test_exceptions.pyc",
        "path_type": "hardlink",
        "sha256": "de20c9ae93ad17afa5ffcb3539d8eb192f06918f90df5a85a8a243534669946b",
        "sha256_in_prefix": "de20c9ae93ad17afa5ffcb3539d8eb192f06918f90df5a85a8a243534669946b",
        "size_in_bytes": 3662
      },
      {
        "_path": "Lib/site-packages/zope/interface/tests/test_interface.py",
        "path_type": "hardlink",
        "sha256": "35a7373a144b90effaebddc4a4e708899ce36b5764598847b641f918536f27bd",
        "sha256_in_prefix": "35a7373a144b90effaebddc4a4e708899ce36b5764598847b641f918536f27bd",
        "size_in_bytes": 73688
      },
      {
        "_path": "Lib/site-packages/zope/interface/tests/test_interface.pyc",
        "path_type": "hardlink",
        "sha256": "ffbee0b89fe972c003c2c4ad5b5598f236e7d8f59d1aa59e6a5435b6b7a2f62a",
        "sha256_in_prefix": "ffbee0b89fe972c003c2c4ad5b5598f236e7d8f59d1aa59e6a5435b6b7a2f62a",
        "size_in_bytes": 104173
      },
      {
        "_path": "Lib/site-packages/zope/interface/tests/test_interfaces.py",
        "path_type": "hardlink",
        "sha256": "17b09f302f280d88c1ad59a2afaecd682ceb3926af2654207c7097ff1d8d38b4",
        "sha256_in_prefix": "17b09f302f280d88c1ad59a2afaecd682ceb3926af2654207c7097ff1d8d38b4",
        "size_in_bytes": 3299
      },
      {
        "_path": "Lib/site-packages/zope/interface/tests/test_interfaces.pyc",
        "path_type": "hardlink",
        "sha256": "44f4cabe241363aac90d6d4ca6cee23eb0c437788bce9f910e4835011f36cef5",
        "sha256_in_prefix": "44f4cabe241363aac90d6d4ca6cee23eb0c437788bce9f910e4835011f36cef5",
        "size_in_bytes": 5663
      },
      {
        "_path": "Lib/site-packages/zope/interface/tests/test_odd_declarations.py",
        "path_type": "hardlink",
        "sha256": "a632ef2a21d8adbf71d39fad5d958f8f75f07cdfec39a02871a062726a4cbdb2",
        "sha256_in_prefix": "a632ef2a21d8adbf71d39fad5d958f8f75f07cdfec39a02871a062726a4cbdb2",
        "size_in_bytes": 8009
      },
      {
        "_path": "Lib/site-packages/zope/interface/tests/test_odd_declarations.pyc",
        "path_type": "hardlink",
        "sha256": "e81c1328fdd6f231bcb85936b856a33e8e7bdbdc4718adb43e3f01b133005fb3",
        "sha256_in_prefix": "e81c1328fdd6f231bcb85936b856a33e8e7bdbdc4718adb43e3f01b133005fb3",
        "size_in_bytes": 11660
      },
      {
        "_path": "Lib/site-packages/zope/interface/tests/test_registry.py",
        "path_type": "hardlink",
        "sha256": "a40dbc809e9af034a9cfd0374610674b3d4c52798b8ecda4a646967752ff0745",
        "sha256_in_prefix": "a40dbc809e9af034a9cfd0374610674b3d4c52798b8ecda4a646967752ff0745",
        "size_in_bytes": 104741
      },
      {
        "_path": "Lib/site-packages/zope/interface/tests/test_registry.pyc",
        "path_type": "hardlink",
        "sha256": "186f6db03ae7c38981b1ff5a2a1196c77e56b2976ff9f793eb0ad6ba3aee64c6",
        "sha256_in_prefix": "186f6db03ae7c38981b1ff5a2a1196c77e56b2976ff9f793eb0ad6ba3aee64c6",
        "size_in_bytes": 128079
      },
      {
        "_path": "Lib/site-packages/zope/interface/tests/test_ro.py",
        "path_type": "hardlink",
        "sha256": "8ae2e016d46c8d5f789a15fff9d9d5c84e27cf0b47c93eb5a3bad0f5ca4d88cd",
        "sha256_in_prefix": "8ae2e016d46c8d5f789a15fff9d9d5c84e27cf0b47c93eb5a3bad0f5ca4d88cd",
        "size_in_bytes": 3305
      },
      {
        "_path": "Lib/site-packages/zope/interface/tests/test_ro.pyc",
        "path_type": "hardlink",
        "sha256": "2d8552886b4346fb1cbe414b1d96886a904f51ec042c096705baff163b46bcc0",
        "sha256_in_prefix": "2d8552886b4346fb1cbe414b1d96886a904f51ec042c096705baff163b46bcc0",
        "size_in_bytes": 6918
      },
      {
        "_path": "Lib/site-packages/zope/interface/tests/test_sorting.py",
        "path_type": "hardlink",
        "sha256": "8241536a126d3cb595903da0797588ea6aba513fd984915958704a7d81144670",
        "sha256_in_prefix": "8241536a126d3cb595903da0797588ea6aba513fd984915958704a7d81144670",
        "size_in_bytes": 1436
      },
      {
        "_path": "Lib/site-packages/zope/interface/tests/test_sorting.pyc",
        "path_type": "hardlink",
        "sha256": "d6c1f6ee281a4573a523d8c77e0d9b6a0e6a3bf205eb5db7451de1fc73073847",
        "sha256_in_prefix": "d6c1f6ee281a4573a523d8c77e0d9b6a0e6a3bf205eb5db7451de1fc73073847",
        "size_in_bytes": 2431
      },
      {
        "_path": "Lib/site-packages/zope/interface/tests/test_verify.py",
        "path_type": "hardlink",
        "sha256": "4ab68b5263afbcd63f748b0f52d619bafbdf82b1817da61917c117e213efed63",
        "sha256_in_prefix": "4ab68b5263afbcd63f748b0f52d619bafbdf82b1817da61917c117e213efed63",
        "size_in_bytes": 16435
      },
      {
        "_path": "Lib/site-packages/zope/interface/tests/test_verify.pyc",
        "path_type": "hardlink",
        "sha256": "9526e6ffc46bb071332801217becf2e5cb0d8310440343ab163053cd7db8177f",
        "sha256_in_prefix": "9526e6ffc46bb071332801217becf2e5cb0d8310440343ab163053cd7db8177f",
        "size_in_bytes": 31731
      },
      {
        "_path": "Lib/site-packages/zope/interface/verify.py",
        "path_type": "hardlink",
        "sha256": "b7ed6de229f81d93bedec97002da1537ab851cc2bacc2016bd5d66c1bd9ed347",
        "sha256_in_prefix": "b7ed6de229f81d93bedec97002da1537ab851cc2bacc2016bd5d66c1bd9ed347",
        "size_in_bytes": 4897
      },
      {
        "_path": "Lib/site-packages/zope/interface/verify.pyc",
        "path_type": "hardlink",
        "sha256": "0dd1d6e5a50f8f606b55750a26b80225f0a189d065149915aabd241841ac671b",
        "sha256_in_prefix": "0dd1d6e5a50f8f606b55750a26b80225f0a189d065149915aabd241841ac671b",
        "size_in_bytes": 3182
      }
    ],
    "paths_version": 1
  },
  "platform": "win32",
  "requested_spec": "None",
  "size": 193683,
  "subdir": "win-64",
  "timestamp": 1540336188730,
  "track_features": "",
  "url": "https://conda.anaconda.org/conda-forge/win-64/zope.interface-4.6.0-py27h0c8e037_1000.tar.bz2",
  "version": "4.6.0"
}